transaction_key,time_key,symbol_key,geography_key,transaction_type_key,unit,date,day,month,month_name,quarter,year,day_of_week,symbol,company_name,industry,sector,country,alpha_2,alpha_3,sub_region,region,transaction_type
1,8,329,32,1,1605,2024-01-11,11,1,January,Q1,2024,Thursday,BAP,Credicorp Ltd.,Banks - Regional,Financial Services,Peru,PE,PER,Latin America and the Caribbean,Americas,BUY
2,17,329,32,3,1605,2024-01-24,24,1,January,Q1,2024,Wednesday,BAP,Credicorp Ltd.,Banks - Regional,Financial Services,Peru,PE,PER,Latin America and the Caribbean,Americas,SELL
3,7,329,32,3,914,2024-01-10,10,1,January,Q1,2024,Wednesday,BAP,Credicorp Ltd.,Banks - Regional,Financial Services,Peru,PE,PER,Latin America and the Caribbean,Americas,SELL
4,11,26,3,1,646,2024-01-16,16,1,January,Q1,2024,Tuesday,ACGL,Arch Capital Group Ltd.,Insurance - Diversified,Financial Services,Bermuda,BM,BMU,Northern America,Americas,BUY
5,11,140,26,3,646,2024-01-16,16,1,January,Q1,2024,Tuesday,ALVO,Alvotech,Drug Manufacturers - Specialty & Generic,Healthcare,Luxembourg,LU,LUX,Western Europe,Europe,SELL
6,21,26,3,1,519,2024-01-30,30,1,January,Q1,2024,Tuesday,ACGL,Arch Capital Group Ltd.,Insurance - Diversified,Financial Services,Bermuda,BM,BMU,Northern America,Americas,BUY
7,22,140,26,3,519,2024-01-31,31,1,January,Q1,2024,Wednesday,ALVO,Alvotech,Drug Manufacturers - Specialty & Generic,Healthcare,Luxembourg,LU,LUX,Western Europe,Europe,SELL
8,22,26,3,1,515,2024-01-31,31,1,January,Q1,2024,Wednesday,ACGL,Arch Capital Group Ltd.,Insurance - Diversified,Financial Services,Bermuda,BM,BMU,Northern America,Americas,BUY
9,25,140,26,3,515,2024-02-05,5,2,February,Q1,2024,Monday,ALVO,Alvotech,Drug Manufacturers - Specialty & Generic,Healthcare,Luxembourg,LU,LUX,Western Europe,Europe,SELL
10,8,26,3,1,320,2024-01-11,11,1,January,Q1,2024,Thursday,ACGL,Arch Capital Group Ltd.,Insurance - Diversified,Financial Services,Bermuda,BM,BMU,Northern America,Americas,BUY
11,10,140,26,3,320,2024-01-15,15,1,January,Q1,2024,Monday,ALVO,Alvotech,Drug Manufacturers - Specialty & Generic,Healthcare,Luxembourg,LU,LUX,Western Europe,Europe,SELL
12,60,2318,40,1,309,2024-03-25,25,3,March,Q1,2024,Monday,PSFE,Paysafe Limited,Software - Infrastructure,Technology,United Kingdom of Great Britain and Northern Ireland,GB,GBR,Northern Europe,Europe,BUY
13,71,2318,40,3,309,2024-04-10,10,4,April,Q2,2024,Wednesday,PSFE,Paysafe Limited,Software - Infrastructure,Technology,United Kingdom of Great Britain and Northern Ireland,GB,GBR,Northern Europe,Europe,SELL
14,60,2318,40,1,303,2024-03-25,25,3,March,Q1,2024,Monday,PSFE,Paysafe Limited,Software - Infrastructure,Technology,United Kingdom of Great Britain and Northern Ireland,GB,GBR,Northern Europe,Europe,BUY
15,71,2318,40,1,303,2024-04-10,10,4,April,Q2,2024,Wednesday,PSFE,Paysafe Limited,Software - Infrastructure,Technology,United Kingdom of Great Britain and Northern Ireland,GB,GBR,Northern Europe,Europe,BUY
16,60,2318,40,3,303,2024-03-25,25,3,March,Q1,2024,Monday,PSFE,Paysafe Limited,Software - Infrastructure,Technology,United Kingdom of Great Britain and Northern Ireland,GB,GBR,Northern Europe,Europe,SELL
17,79,2318,40,3,303,2024-04-22,22,4,April,Q2,2024,Monday,PSFE,Paysafe Limited,Software - Infrastructure,Technology,United Kingdom of Great Britain and Northern Ireland,GB,GBR,Northern Europe,Europe,SELL
18,164,1387,41,1,287,2024-09-03,3,9,September,Q3,2024,Tuesday,HRTX,"Heron Therapeutics, Inc.",Biotechnology,Healthcare,United States of America,US,USA,Northern America,Americas,BUY
19,169,1387,41,3,287,2024-09-13,13,9,September,Q3,2024,Friday,HRTX,"Heron Therapeutics, Inc.",Biotechnology,Healthcare,United States of America,US,USA,Northern America,Americas,SELL
20,175,1387,41,1,255,2024-09-23,23,9,September,Q3,2024,Monday,HRTX,"Heron Therapeutics, Inc.",Biotechnology,Healthcare,United States of America,US,USA,Northern America,Americas,BUY
21,196,1387,41,3,255,2024-10-28,28,10,October,Q4,2024,Monday,HRTX,"Heron Therapeutics, Inc.",Biotechnology,Healthcare,United States of America,US,USA,Northern America,Americas,SELL
22,115,2318,40,1,233,2024-06-13,13,6,June,Q2,2024,Thursday,PSFE,Paysafe Limited,Software - Infrastructure,Technology,United Kingdom of Great Britain and Northern Ireland,GB,GBR,Northern Europe,Europe,BUY
23,120,2318,40,3,233,2024-06-19,19,6,June,Q2,2024,Wednesday,PSFE,Paysafe Limited,Software - Infrastructure,Technology,United Kingdom of Great Britain and Northern Ireland,GB,GBR,Northern Europe,Europe,SELL
24,161,26,3,1,222,2024-08-29,29,8,August,Q3,2024,Thursday,ACGL,Arch Capital Group Ltd.,Insurance - Diversified,Financial Services,Bermuda,BM,BMU,Northern America,Americas,BUY
25,145,26,3,1,222,2024-08-02,2,8,August,Q3,2024,Friday,ACGL,Arch Capital Group Ltd.,Insurance - Diversified,Financial Services,Bermuda,BM,BMU,Northern America,Americas,BUY
26,161,140,26,3,222,2024-08-29,29,8,August,Q3,2024,Thursday,ALVO,Alvotech,Drug Manufacturers - Specialty & Generic,Healthcare,Luxembourg,LU,LUX,Western Europe,Europe,SELL
27,101,2318,40,1,221,2024-05-23,23,5,May,Q2,2024,Thursday,PSFE,Paysafe Limited,Software - Infrastructure,Technology,United Kingdom of Great Britain and Northern Ireland,GB,GBR,Northern Europe,Europe,BUY
28,103,2318,40,3,221,2024-05-27,27,5,May,Q2,2024,Monday,PSFE,Paysafe Limited,Software - Infrastructure,Technology,United Kingdom of Great Britain and Northern Ireland,GB,GBR,Northern Europe,Europe,SELL
29,105,2318,40,1,217,2024-05-29,29,5,May,Q2,2024,Wednesday,PSFE,Paysafe Limited,Software - Infrastructure,Technology,United Kingdom of Great Britain and Northern Ireland,GB,GBR,Northern Europe,Europe,BUY
30,141,2318,40,3,217,2024-07-25,25,7,July,Q3,2024,Thursday,PSFE,Paysafe Limited,Software - Infrastructure,Technology,United Kingdom of Great Britain and Northern Ireland,GB,GBR,Northern Europe,Europe,SELL
31,85,26,3,1,215,2024-04-30,30,4,April,Q2,2024,Tuesday,ACGL,Arch Capital Group Ltd.,Insurance - Diversified,Financial Services,Bermuda,BM,BMU,Northern America,Americas,BUY
32,96,140,26,3,215,2024-05-16,16,5,May,Q2,2024,Thursday,ALVO,Alvotech,Drug Manufacturers - Specialty & Generic,Healthcare,Luxembourg,LU,LUX,Western Europe,Europe,SELL
33,108,26,3,1,214,2024-06-04,4,6,June,Q2,2024,Tuesday,ACGL,Arch Capital Group Ltd.,Insurance - Diversified,Financial Services,Bermuda,BM,BMU,Northern America,Americas,BUY
34,130,140,26,3,214,2024-07-03,3,7,July,Q3,2024,Wednesday,ALVO,Alvotech,Drug Manufacturers - Specialty & Generic,Healthcare,Luxembourg,LU,LUX,Western Europe,Europe,SELL
35,105,26,3,1,199,2024-05-29,29,5,May,Q2,2024,Wednesday,ACGL,Arch Capital Group Ltd.,Insurance - Diversified,Financial Services,Bermuda,BM,BMU,Northern America,Americas,BUY
36,130,140,26,3,199,2024-07-03,3,7,July,Q3,2024,Wednesday,ALVO,Alvotech,Drug Manufacturers - Specialty & Generic,Healthcare,Luxembourg,LU,LUX,Western Europe,Europe,SELL
37,140,26,3,1,198,2024-07-24,24,7,July,Q3,2024,Wednesday,ACGL,Arch Capital Group Ltd.,Insurance - Diversified,Financial Services,Bermuda,BM,BMU,Northern America,Americas,BUY
38,100,26,3,1,198,2024-05-22,22,5,May,Q2,2024,Wednesday,ACGL,Arch Capital Group Ltd.,Insurance - Diversified,Financial Services,Bermuda,BM,BMU,Northern America,Americas,BUY
39,201,140,26,3,198,2024-11-04,4,11,November,Q4,2024,Monday,ALVO,Alvotech,Drug Manufacturers - Specialty & Generic,Healthcare,Luxembourg,LU,LUX,Western Europe,Europe,SELL
40,104,140,26,3,198,2024-05-28,28,5,May,Q2,2024,Tuesday,ALVO,Alvotech,Drug Manufacturers - Specialty & Generic,Healthcare,Luxembourg,LU,LUX,Western Europe,Europe,SELL
41,98,2318,40,1,195,2024-05-20,20,5,May,Q2,2024,Monday,PSFE,Paysafe Limited,Software - Infrastructure,Technology,United Kingdom of Great Britain and Northern Ireland,GB,GBR,Northern Europe,Europe,BUY
42,141,2318,40,3,195,2024-07-25,25,7,July,Q3,2024,Thursday,PSFE,Paysafe Limited,Software - Infrastructure,Technology,United Kingdom of Great Britain and Northern Ireland,GB,GBR,Northern Europe,Europe,SELL
43,228,26,3,1,190,2024-12-20,20,12,December,Q4,2024,Friday,ACGL,Arch Capital Group Ltd.,Insurance - Diversified,Financial Services,Bermuda,BM,BMU,Northern America,Americas,BUY
44,130,1387,41,1,177,2024-07-03,3,7,July,Q3,2024,Wednesday,HRTX,"Heron Therapeutics, Inc.",Biotechnology,Healthcare,United States of America,US,USA,Northern America,Americas,BUY
45,132,1387,41,3,177,2024-07-08,8,7,July,Q3,2024,Monday,HRTX,"Heron Therapeutics, Inc.",Biotechnology,Healthcare,United States of America,US,USA,Northern America,Americas,SELL
46,124,1387,41,1,155,2024-06-25,25,6,June,Q2,2024,Tuesday,HRTX,"Heron Therapeutics, Inc.",Biotechnology,Healthcare,United States of America,US,USA,Northern America,Americas,BUY
47,126,1387,41,3,155,2024-06-27,27,6,June,Q2,2024,Thursday,HRTX,"Heron Therapeutics, Inc.",Biotechnology,Healthcare,United States of America,US,USA,Northern America,Americas,SELL
48,104,1387,41,1,147,2024-05-28,28,5,May,Q2,2024,Tuesday,HRTX,"Heron Therapeutics, Inc.",Biotechnology,Healthcare,United States of America,US,USA,Northern America,Americas,BUY
49,107,1387,41,3,147,2024-06-03,3,6,June,Q2,2024,Monday,HRTX,"Heron Therapeutics, Inc.",Biotechnology,Healthcare,United States of America,US,USA,Northern America,Americas,SELL
50,127,1387,41,1,146,2024-06-28,28,6,June,Q2,2024,Friday,HRTX,"Heron Therapeutics, Inc.",Biotechnology,Healthcare,United States of America,US,USA,Northern America,Americas,BUY
51,138,1387,41,3,146,2024-07-17,17,7,July,Q3,2024,Wednesday,HRTX,"Heron Therapeutics, Inc.",Biotechnology,Healthcare,United States of America,US,USA,Northern America,Americas,SELL
52,113,1387,41,1,144,2024-06-11,11,6,June,Q2,2024,Tuesday,HRTX,"Heron Therapeutics, Inc.",Biotechnology,Healthcare,United States of America,US,USA,Northern America,Americas,BUY
53,114,1387,41,3,144,2024-06-12,12,6,June,Q2,2024,Wednesday,HRTX,"Heron Therapeutics, Inc.",Biotechnology,Healthcare,United States of America,US,USA,Northern America,Americas,SELL
54,76,255,37,1,135,2024-04-17,17,4,April,Q2,2024,Wednesday,ASX,"ASE Technology Holding Co., Ltd",Semiconductors,Technology,"Taiwan, Province of China",TW,TWN,,,BUY
55,8,176,27,1,135,2024-01-11,11,1,January,Q1,2024,Thursday,AMX,"America Movil, S.A.B. de C.V.",Telecom Services,Communication Services,Mexico,MX,MEX,Latin America and the Caribbean,Americas,BUY
56,78,255,37,3,135,2024-04-19,19,4,April,Q2,2024,Friday,ASX,"ASE Technology Holding Co., Ltd",Semiconductors,Technology,"Taiwan, Province of China",TW,TWN,,,SELL
57,10,176,27,3,135,2024-01-15,15,1,January,Q1,2024,Monday,AMX,"America Movil, S.A.B. de C.V.",Telecom Services,Communication Services,Mexico,MX,MEX,Latin America and the Caribbean,Americas,SELL
58,6,176,27,1,133,2024-01-09,9,1,January,Q1,2024,Tuesday,AMX,"America Movil, S.A.B. de C.V.",Telecom Services,Communication Services,Mexico,MX,MEX,Latin America and the Caribbean,Americas,BUY
59,9,176,27,3,133,2024-01-12,12,1,January,Q1,2024,Friday,AMX,"America Movil, S.A.B. de C.V.",Telecom Services,Communication Services,Mexico,MX,MEX,Latin America and the Caribbean,Americas,SELL
60,108,1387,41,1,132,2024-06-04,4,6,June,Q2,2024,Tuesday,HRTX,"Heron Therapeutics, Inc.",Biotechnology,Healthcare,United States of America,US,USA,Northern America,Americas,BUY
61,109,1387,41,3,132,2024-06-05,5,6,June,Q2,2024,Wednesday,HRTX,"Heron Therapeutics, Inc.",Biotechnology,Healthcare,United States of America,US,USA,Northern America,Americas,SELL
62,210,219,41,1,107,2024-11-19,19,11,November,Q4,2024,Tuesday,ARDX,"Ardelyx, Inc.",Biotechnology,Healthcare,United States of America,US,USA,Northern America,Americas,BUY
63,213,219,41,3,107,2024-11-22,22,11,November,Q4,2024,Friday,ARDX,"Ardelyx, Inc.",Biotechnology,Healthcare,United States of America,US,USA,Northern America,Americas,SELL
64,124,42,41,1,101,2024-06-25,25,6,June,Q2,2024,Tuesday,ACTG,Acacia Research Corporation,Business Equipment & Supplies,Industrials,United States of America,US,USA,Northern America,Americas,BUY
65,204,219,41,1,101,2024-11-08,8,11,November,Q4,2024,Friday,ARDX,"Ardelyx, Inc.",Biotechnology,Healthcare,United States of America,US,USA,Northern America,Americas,BUY
66,138,42,41,3,101,2024-07-17,17,7,July,Q3,2024,Wednesday,ACTG,Acacia Research Corporation,Business Equipment & Supplies,Industrials,United States of America,US,USA,Northern America,Americas,SELL
67,212,219,41,3,101,2024-11-21,21,11,November,Q4,2024,Thursday,ARDX,"Ardelyx, Inc.",Biotechnology,Healthcare,United States of America,US,USA,Northern America,Americas,SELL
68,220,219,41,1,93,2024-12-09,9,12,December,Q4,2024,Monday,ARDX,"Ardelyx, Inc.",Biotechnology,Healthcare,United States of America,US,USA,Northern America,Americas,BUY
69,204,219,41,1,91,2024-11-08,8,11,November,Q4,2024,Friday,ARDX,"Ardelyx, Inc.",Biotechnology,Healthcare,United States of America,US,USA,Northern America,Americas,BUY
70,77,219,41,1,91,2024-04-18,18,4,April,Q2,2024,Thursday,ARDX,"Ardelyx, Inc.",Biotechnology,Healthcare,United States of America,US,USA,Northern America,Americas,BUY
71,204,219,41,3,91,2024-11-08,8,11,November,Q4,2024,Friday,ARDX,"Ardelyx, Inc.",Biotechnology,Healthcare,United States of America,US,USA,Northern America,Americas,SELL
72,80,219,41,3,91,2024-04-23,23,4,April,Q2,2024,Tuesday,ARDX,"Ardelyx, Inc.",Biotechnology,Healthcare,United States of America,US,USA,Northern America,Americas,SELL
73,164,219,41,1,87,2024-09-03,3,9,September,Q3,2024,Tuesday,ARDX,"Ardelyx, Inc.",Biotechnology,Healthcare,United States of America,US,USA,Northern America,Americas,BUY
74,169,219,41,3,87,2024-09-13,13,9,September,Q3,2024,Friday,ARDX,"Ardelyx, Inc.",Biotechnology,Healthcare,United States of America,US,USA,Northern America,Americas,SELL
75,175,219,41,1,84,2024-09-23,23,9,September,Q3,2024,Monday,ARDX,"Ardelyx, Inc.",Biotechnology,Healthcare,United States of America,US,USA,Northern America,Americas,BUY
76,179,219,41,3,84,2024-09-27,27,9,September,Q3,2024,Friday,ARDX,"Ardelyx, Inc.",Biotechnology,Healthcare,United States of America,US,USA,Northern America,Americas,SELL
77,119,219,41,1,83,2024-06-18,18,6,June,Q2,2024,Tuesday,ARDX,"Ardelyx, Inc.",Biotechnology,Healthcare,United States of America,US,USA,Northern America,Americas,BUY
78,124,219,41,3,83,2024-06-25,25,6,June,Q2,2024,Tuesday,ARDX,"Ardelyx, Inc.",Biotechnology,Healthcare,United States of America,US,USA,Northern America,Americas,SELL
79,129,219,41,1,82,2024-07-02,2,7,July,Q3,2024,Tuesday,ARDX,"Ardelyx, Inc.",Biotechnology,Healthcare,United States of America,US,USA,Northern America,Americas,BUY
80,6,176,27,3,82,2024-01-09,9,1,January,Q1,2024,Tuesday,AMX,"America Movil, S.A.B. de C.V.",Telecom Services,Communication Services,Mexico,MX,MEX,Latin America and the Caribbean,Americas,SELL
81,164,219,41,3,82,2024-09-03,3,9,September,Q3,2024,Tuesday,ARDX,"Ardelyx, Inc.",Biotechnology,Healthcare,United States of America,US,USA,Northern America,Americas,SELL
82,33,219,41,1,81,2024-02-15,15,2,February,Q1,2024,Thursday,ARDX,"Ardelyx, Inc.",Biotechnology,Healthcare,United States of America,US,USA,Northern America,Americas,BUY
83,34,219,41,3,81,2024-02-16,16,2,February,Q1,2024,Friday,ARDX,"Ardelyx, Inc.",Biotechnology,Healthcare,United States of America,US,USA,Northern America,Americas,SELL
84,116,329,32,1,80,2024-06-14,14,6,June,Q2,2024,Friday,BAP,Credicorp Ltd.,Banks - Regional,Financial Services,Peru,PE,PER,Latin America and the Caribbean,Americas,BUY
85,119,329,32,3,80,2024-06-18,18,6,June,Q2,2024,Tuesday,BAP,Credicorp Ltd.,Banks - Regional,Financial Services,Peru,PE,PER,Latin America and the Caribbean,Americas,SELL
86,113,329,32,1,75,2024-06-11,11,6,June,Q2,2024,Tuesday,BAP,Credicorp Ltd.,Banks - Regional,Financial Services,Peru,PE,PER,Latin America and the Caribbean,Americas,BUY
87,116,329,32,3,75,2024-06-14,14,6,June,Q2,2024,Friday,BAP,Credicorp Ltd.,Banks - Regional,Financial Services,Peru,PE,PER,Latin America and the Caribbean,Americas,SELL
88,70,1735,19,1,74,2024-04-09,9,4,April,Q2,2024,Tuesday,LTOUF,Larsen & Toubro Ltd.,Engineering & Construction,Industrials,India,IN,IND,Southern Asia,Asia,BUY
89,75,2775,20,3,74,2024-04-16,16,4,April,Q2,2024,Tuesday,TEL,TE Connectivity plc,Electronic Components,Technology,Ireland,IE,IRL,Northern Europe,Europe,SELL
90,42,1735,19,1,73,2024-02-28,28,2,February,Q1,2024,Wednesday,LTOUF,Larsen & Toubro Ltd.,Engineering & Construction,Industrials,India,IN,IND,Southern Asia,Asia,BUY
91,49,2775,20,3,73,2024-03-08,8,3,March,Q1,2024,Friday,TEL,TE Connectivity plc,Electronic Components,Technology,Ireland,IE,IRL,Northern Europe,Europe,SELL
92,50,1735,19,1,71,2024-03-11,11,3,March,Q1,2024,Monday,LTOUF,Larsen & Toubro Ltd.,Engineering & Construction,Industrials,India,IN,IND,Southern Asia,Asia,BUY
93,64,2775,20,3,71,2024-04-01,1,4,April,Q2,2024,Monday,TEL,TE Connectivity plc,Electronic Components,Technology,Ireland,IE,IRL,Northern Europe,Europe,SELL
94,65,255,37,1,68,2024-04-02,2,4,April,Q2,2024,Tuesday,ASX,"ASE Technology Holding Co., Ltd",Semiconductors,Technology,"Taiwan, Province of China",TW,TWN,,,BUY
95,73,255,37,3,68,2024-04-12,12,4,April,Q2,2024,Friday,ASX,"ASE Technology Holding Co., Ltd",Semiconductors,Technology,"Taiwan, Province of China",TW,TWN,,,SELL
96,73,241,3,1,67,2024-04-12,12,4,April,Q2,2024,Friday,ASC,Ardmore Shipping Corporation,Marine Shipping,Industrials,Bermuda,BM,BMU,Northern America,Americas,BUY
97,76,255,37,3,67,2024-04-17,17,4,April,Q2,2024,Wednesday,ASX,"ASE Technology Holding Co., Ltd",Semiconductors,Technology,"Taiwan, Province of China",TW,TWN,,,SELL
98,50,219,41,1,63,2024-03-11,11,3,March,Q1,2024,Monday,ARDX,"Ardelyx, Inc.",Biotechnology,Healthcare,United States of America,US,USA,Northern America,Americas,BUY
99,50,219,41,3,63,2024-03-11,11,3,March,Q1,2024,Monday,ARDX,"Ardelyx, Inc.",Biotechnology,Healthcare,United States of America,US,USA,Northern America,Americas,SELL
100,75,2164,4,1,62,2024-04-16,16,4,April,Q2,2024,Tuesday,PAGS,PagSeguro Digital Ltd.,Software - Infrastructure,Technology,Brazil,BR,BRA,Latin America and the Caribbean,Americas,BUY
101,54,219,41,1,62,2024-03-15,15,3,March,Q1,2024,Friday,ARDX,"Ardelyx, Inc.",Biotechnology,Healthcare,United States of America,US,USA,Northern America,Americas,BUY
102,84,2164,4,3,62,2024-04-29,29,4,April,Q2,2024,Monday,PAGS,PagSeguro Digital Ltd.,Software - Infrastructure,Technology,Brazil,BR,BRA,Latin America and the Caribbean,Americas,SELL
103,54,219,41,3,62,2024-03-15,15,3,March,Q1,2024,Friday,ARDX,"Ardelyx, Inc.",Biotechnology,Healthcare,United States of America,US,USA,Northern America,Americas,SELL
104,53,219,41,1,61,2024-03-14,14,3,March,Q1,2024,Thursday,ARDX,"Ardelyx, Inc.",Biotechnology,Healthcare,United States of America,US,USA,Northern America,Americas,BUY
105,77,219,41,3,61,2024-04-18,18,4,April,Q2,2024,Thursday,ARDX,"Ardelyx, Inc.",Biotechnology,Healthcare,United States of America,US,USA,Northern America,Americas,SELL
106,185,1455,41,1,60,2024-10-10,10,10,October,Q4,2024,Thursday,IMMR,Immersion Corporation,Software - Application,Technology,United States of America,US,USA,Northern America,Americas,BUY
107,8,2852,41,1,60,2024-01-11,11,1,January,Q1,2024,Thursday,TRN,"Trinity Industries, Inc.",Railroads,Industrials,United States of America,US,USA,Northern America,Americas,BUY
108,74,2164,4,1,60,2024-04-15,15,4,April,Q2,2024,Monday,PAGS,PagSeguro Digital Ltd.,Software - Infrastructure,Technology,Brazil,BR,BRA,Latin America and the Caribbean,Americas,BUY
109,187,1455,41,3,60,2024-10-14,14,10,October,Q4,2024,Monday,IMMR,Immersion Corporation,Software - Application,Technology,United States of America,US,USA,Northern America,Americas,SELL
110,11,2852,41,3,60,2024-01-16,16,1,January,Q1,2024,Tuesday,TRN,"Trinity Industries, Inc.",Railroads,Industrials,United States of America,US,USA,Northern America,Americas,SELL
111,75,2164,4,3,60,2024-04-16,16,4,April,Q2,2024,Tuesday,PAGS,PagSeguro Digital Ltd.,Software - Infrastructure,Technology,Brazil,BR,BRA,Latin America and the Caribbean,Americas,SELL
112,71,2164,4,1,58,2024-04-10,10,4,April,Q2,2024,Wednesday,PAGS,PagSeguro Digital Ltd.,Software - Infrastructure,Technology,Brazil,BR,BRA,Latin America and the Caribbean,Americas,BUY
113,154,834,42,1,58,2024-08-16,16,8,August,Q3,2024,Friday,DESP,"Despegar.com, Corp.",Travel Services,Consumer Cyclical,Virgin Islands (British),VG,VGB,Latin America and the Caribbean,Americas,BUY
114,38,219,41,1,58,2024-02-22,22,2,February,Q1,2024,Thursday,ARDX,"Ardelyx, Inc.",Biotechnology,Healthcare,United States of America,US,USA,Northern America,Americas,BUY
115,205,1455,41,1,58,2024-11-12,12,11,November,Q4,2024,Tuesday,IMMR,Immersion Corporation,Software - Application,Technology,United States of America,US,USA,Northern America,Americas,BUY
116,36,219,41,1,58,2024-02-20,20,2,February,Q1,2024,Tuesday,ARDX,"Ardelyx, Inc.",Biotechnology,Healthcare,United States of America,US,USA,Northern America,Americas,BUY
117,74,2164,4,3,58,2024-04-15,15,4,April,Q2,2024,Monday,PAGS,PagSeguro Digital Ltd.,Software - Infrastructure,Technology,Brazil,BR,BRA,Latin America and the Caribbean,Americas,SELL
118,167,834,42,3,58,2024-09-06,6,9,September,Q3,2024,Friday,DESP,"Despegar.com, Corp.",Travel Services,Consumer Cyclical,Virgin Islands (British),VG,VGB,Latin America and the Caribbean,Americas,SELL
119,39,219,41,3,58,2024-02-23,23,2,February,Q1,2024,Friday,ARDX,"Ardelyx, Inc.",Biotechnology,Healthcare,United States of America,US,USA,Northern America,Americas,SELL
120,211,1455,41,3,58,2024-11-20,20,11,November,Q4,2024,Wednesday,IMMR,Immersion Corporation,Software - Application,Technology,United States of America,US,USA,Northern America,Americas,SELL
121,38,219,41,3,58,2024-02-22,22,2,February,Q1,2024,Thursday,ARDX,"Ardelyx, Inc.",Biotechnology,Healthcare,United States of America,US,USA,Northern America,Americas,SELL
122,36,219,41,1,56,2024-02-20,20,2,February,Q1,2024,Tuesday,ARDX,"Ardelyx, Inc.",Biotechnology,Healthcare,United States of America,US,USA,Northern America,Americas,BUY
123,39,219,41,1,56,2024-02-23,23,2,February,Q1,2024,Friday,ARDX,"Ardelyx, Inc.",Biotechnology,Healthcare,United States of America,US,USA,Northern America,Americas,BUY
124,71,2164,4,1,56,2024-04-10,10,4,April,Q2,2024,Wednesday,PAGS,PagSeguro Digital Ltd.,Software - Infrastructure,Technology,Brazil,BR,BRA,Latin America and the Caribbean,Americas,BUY
125,31,219,41,1,56,2024-02-13,13,2,February,Q1,2024,Tuesday,ARDX,"Ardelyx, Inc.",Biotechnology,Healthcare,United States of America,US,USA,Northern America,Americas,BUY
126,36,219,41,3,56,2024-02-20,20,2,February,Q1,2024,Tuesday,ARDX,"Ardelyx, Inc.",Biotechnology,Healthcare,United States of America,US,USA,Northern America,Americas,SELL
127,39,219,41,3,56,2024-02-23,23,2,February,Q1,2024,Friday,ARDX,"Ardelyx, Inc.",Biotechnology,Healthcare,United States of America,US,USA,Northern America,Americas,SELL
128,71,2164,4,3,56,2024-04-10,10,4,April,Q2,2024,Wednesday,PAGS,PagSeguro Digital Ltd.,Software - Infrastructure,Technology,Brazil,BR,BRA,Latin America and the Caribbean,Americas,SELL
129,32,219,41,3,56,2024-02-14,14,2,February,Q1,2024,Wednesday,ARDX,"Ardelyx, Inc.",Biotechnology,Healthcare,United States of America,US,USA,Northern America,Americas,SELL
130,34,219,41,1,55,2024-02-16,16,2,February,Q1,2024,Friday,ARDX,"Ardelyx, Inc.",Biotechnology,Healthcare,United States of America,US,USA,Northern America,Americas,BUY
131,32,219,41,1,55,2024-02-14,14,2,February,Q1,2024,Wednesday,ARDX,"Ardelyx, Inc.",Biotechnology,Healthcare,United States of America,US,USA,Northern America,Americas,BUY
132,68,2164,4,1,55,2024-04-05,5,4,April,Q2,2024,Friday,PAGS,PagSeguro Digital Ltd.,Software - Infrastructure,Technology,Brazil,BR,BRA,Latin America and the Caribbean,Americas,BUY
133,36,219,41,3,55,2024-02-20,20,2,February,Q1,2024,Tuesday,ARDX,"Ardelyx, Inc.",Biotechnology,Healthcare,United States of America,US,USA,Northern America,Americas,SELL
134,32,219,41,3,55,2024-02-14,14,2,February,Q1,2024,Wednesday,ARDX,"Ardelyx, Inc.",Biotechnology,Healthcare,United States of America,US,USA,Northern America,Americas,SELL
135,71,2164,4,3,55,2024-04-10,10,4,April,Q2,2024,Wednesday,PAGS,PagSeguro Digital Ltd.,Software - Infrastructure,Technology,Brazil,BR,BRA,Latin America and the Caribbean,Americas,SELL
136,65,2164,4,1,54,2024-04-02,2,4,April,Q2,2024,Tuesday,PAGS,PagSeguro Digital Ltd.,Software - Infrastructure,Technology,Brazil,BR,BRA,Latin America and the Caribbean,Americas,BUY
137,67,2164,4,3,54,2024-04-04,4,4,April,Q2,2024,Thursday,PAGS,PagSeguro Digital Ltd.,Software - Infrastructure,Technology,Brazil,BR,BRA,Latin America and the Caribbean,Americas,SELL
138,210,2704,6,1,53,2024-11-19,19,11,November,Q4,2024,Tuesday,STNE,StoneCo Ltd.,Software - Infrastructure,Technology,Cayman Islands,KY,CYM,Latin America and the Caribbean,Americas,BUY
139,213,2704,6,3,53,2024-11-22,22,11,November,Q4,2024,Friday,STNE,StoneCo Ltd.,Software - Infrastructure,Technology,Cayman Islands,KY,CYM,Latin America and the Caribbean,Americas,SELL
140,61,2164,4,1,52,2024-03-26,26,3,March,Q1,2024,Tuesday,PAGS,PagSeguro Digital Ltd.,Software - Infrastructure,Technology,Brazil,BR,BRA,Latin America and the Caribbean,Americas,BUY
141,47,219,41,1,52,2024-03-06,6,3,March,Q1,2024,Wednesday,ARDX,"Ardelyx, Inc.",Biotechnology,Healthcare,United States of America,US,USA,Northern America,Americas,BUY
142,214,2704,6,1,52,2024-11-29,29,11,November,Q4,2024,Friday,STNE,StoneCo Ltd.,Software - Infrastructure,Technology,Cayman Islands,KY,CYM,Latin America and the Caribbean,Americas,BUY
143,61,2164,4,3,52,2024-03-26,26,3,March,Q1,2024,Tuesday,PAGS,PagSeguro Digital Ltd.,Software - Infrastructure,Technology,Brazil,BR,BRA,Latin America and the Caribbean,Americas,SELL
144,50,219,41,3,52,2024-03-11,11,3,March,Q1,2024,Monday,ARDX,"Ardelyx, Inc.",Biotechnology,Healthcare,United States of America,US,USA,Northern America,Americas,SELL
145,75,1735,19,1,51,2024-04-16,16,4,April,Q2,2024,Tuesday,LTOUF,Larsen & Toubro Ltd.,Engineering & Construction,Industrials,India,IN,IND,Southern Asia,Asia,BUY
146,78,2775,20,3,51,2024-04-19,19,4,April,Q2,2024,Friday,TEL,TE Connectivity plc,Electronic Components,Technology,Ireland,IE,IRL,Northern Europe,Europe,SELL
147,123,1735,19,1,50,2024-06-24,24,6,June,Q2,2024,Monday,LTOUF,Larsen & Toubro Ltd.,Engineering & Construction,Industrials,India,IN,IND,Southern Asia,Asia,BUY
148,64,1735,19,1,50,2024-04-01,1,4,April,Q2,2024,Monday,LTOUF,Larsen & Toubro Ltd.,Engineering & Construction,Industrials,India,IN,IND,Southern Asia,Asia,BUY
149,145,1735,19,1,50,2024-08-02,2,8,August,Q3,2024,Friday,LTOUF,Larsen & Toubro Ltd.,Engineering & Construction,Industrials,India,IN,IND,Southern Asia,Asia,BUY
150,130,2775,20,3,50,2024-07-03,3,7,July,Q3,2024,Wednesday,TEL,TE Connectivity plc,Electronic Components,Technology,Ireland,IE,IRL,Northern Europe,Europe,SELL
151,67,2775,20,3,50,2024-04-04,4,4,April,Q2,2024,Thursday,TEL,TE Connectivity plc,Electronic Components,Technology,Ireland,IE,IRL,Northern Europe,Europe,SELL
152,159,2775,20,3,50,2024-08-27,27,8,August,Q3,2024,Tuesday,TEL,TE Connectivity plc,Electronic Components,Technology,Ireland,IE,IRL,Northern Europe,Europe,SELL
153,177,1735,19,1,49,2024-09-25,25,9,September,Q3,2024,Wednesday,LTOUF,Larsen & Toubro Ltd.,Engineering & Construction,Industrials,India,IN,IND,Southern Asia,Asia,BUY
154,184,2775,20,3,49,2024-10-09,9,10,October,Q4,2024,Wednesday,TEL,TE Connectivity plc,Electronic Components,Technology,Ireland,IE,IRL,Northern Europe,Europe,SELL
155,46,241,3,1,48,2024-03-05,5,3,March,Q1,2024,Tuesday,ASC,Ardmore Shipping Corporation,Marine Shipping,Industrials,Bermuda,BM,BMU,Northern America,Americas,BUY
156,195,1735,19,1,48,2024-10-24,24,10,October,Q4,2024,Thursday,LTOUF,Larsen & Toubro Ltd.,Engineering & Construction,Industrials,India,IN,IND,Southern Asia,Asia,BUY
157,47,255,37,3,48,2024-03-06,6,3,March,Q1,2024,Wednesday,ASX,"ASE Technology Holding Co., Ltd",Semiconductors,Technology,"Taiwan, Province of China",TW,TWN,,,SELL
158,211,2775,20,3,48,2024-11-20,20,11,November,Q4,2024,Wednesday,TEL,TE Connectivity plc,Electronic Components,Technology,Ireland,IE,IRL,Northern Europe,Europe,SELL
159,50,241,3,1,47,2024-03-11,11,3,March,Q1,2024,Monday,ASC,Ardmore Shipping Corporation,Marine Shipping,Industrials,Bermuda,BM,BMU,Northern America,Americas,BUY
160,31,241,3,1,47,2024-02-13,13,2,February,Q1,2024,Tuesday,ASC,Ardmore Shipping Corporation,Marine Shipping,Industrials,Bermuda,BM,BMU,Northern America,Americas,BUY
161,64,255,37,3,47,2024-04-01,1,4,April,Q2,2024,Monday,ASX,"ASE Technology Holding Co., Ltd",Semiconductors,Technology,"Taiwan, Province of China",TW,TWN,,,SELL
162,36,255,37,3,47,2024-02-20,20,2,February,Q1,2024,Tuesday,ASX,"ASE Technology Holding Co., Ltd",Semiconductors,Technology,"Taiwan, Province of China",TW,TWN,,,SELL
163,189,1735,19,1,46,2024-10-16,16,10,October,Q4,2024,Wednesday,LTOUF,Larsen & Toubro Ltd.,Engineering & Construction,Industrials,India,IN,IND,Southern Asia,Asia,BUY
164,36,241,3,1,46,2024-02-20,20,2,February,Q1,2024,Tuesday,ASC,Ardmore Shipping Corporation,Marine Shipping,Industrials,Bermuda,BM,BMU,Northern America,Americas,BUY
165,37,241,3,1,46,2024-02-21,21,2,February,Q1,2024,Wednesday,ASC,Ardmore Shipping Corporation,Marine Shipping,Industrials,Bermuda,BM,BMU,Northern America,Americas,BUY
166,154,1455,41,1,46,2024-08-16,16,8,August,Q3,2024,Friday,IMMR,Immersion Corporation,Software - Application,Technology,United States of America,US,USA,Northern America,Americas,BUY
167,194,2775,20,3,46,2024-10-23,23,10,October,Q4,2024,Wednesday,TEL,TE Connectivity plc,Electronic Components,Technology,Ireland,IE,IRL,Northern Europe,Europe,SELL
168,37,255,37,3,46,2024-02-21,21,2,February,Q1,2024,Wednesday,ASX,"ASE Technology Holding Co., Ltd",Semiconductors,Technology,"Taiwan, Province of China",TW,TWN,,,SELL
169,44,255,37,3,46,2024-03-01,1,3,March,Q1,2024,Friday,ASX,"ASE Technology Holding Co., Ltd",Semiconductors,Technology,"Taiwan, Province of China",TW,TWN,,,SELL
170,82,241,3,1,45,2024-04-25,25,4,April,Q2,2024,Thursday,ASC,Ardmore Shipping Corporation,Marine Shipping,Industrials,Bermuda,BM,BMU,Northern America,Americas,BUY
171,183,241,3,1,45,2024-10-08,8,10,October,Q4,2024,Tuesday,ASC,Ardmore Shipping Corporation,Marine Shipping,Industrials,Bermuda,BM,BMU,Northern America,Americas,BUY
172,85,241,3,1,45,2024-04-30,30,4,April,Q2,2024,Tuesday,ASC,Ardmore Shipping Corporation,Marine Shipping,Industrials,Bermuda,BM,BMU,Northern America,Americas,BUY
173,206,2704,6,1,45,2024-11-13,13,11,November,Q4,2024,Wednesday,STNE,StoneCo Ltd.,Software - Infrastructure,Technology,Cayman Islands,KY,CYM,Latin America and the Caribbean,Americas,BUY
174,6,2807,4,1,45,2024-01-09,9,1,January,Q1,2024,Tuesday,TIMB,TIM S.A.,Telecom Services,Communication Services,Brazil,BR,BRA,Latin America and the Caribbean,Americas,BUY
175,185,2704,6,1,45,2024-10-10,10,10,October,Q4,2024,Thursday,STNE,StoneCo Ltd.,Software - Infrastructure,Technology,Cayman Islands,KY,CYM,Latin America and the Caribbean,Americas,BUY
176,84,255,37,3,45,2024-04-29,29,4,April,Q2,2024,Monday,ASX,"ASE Technology Holding Co., Ltd",Semiconductors,Technology,"Taiwan, Province of China",TW,TWN,,,SELL
177,191,255,37,3,45,2024-10-18,18,10,October,Q4,2024,Friday,ASX,"ASE Technology Holding Co., Ltd",Semiconductors,Technology,"Taiwan, Province of China",TW,TWN,,,SELL
178,149,255,37,3,45,2024-08-08,8,8,August,Q3,2024,Thursday,ASX,"ASE Technology Holding Co., Ltd",Semiconductors,Technology,"Taiwan, Province of China",TW,TWN,,,SELL
179,206,2704,6,3,45,2024-11-13,13,11,November,Q4,2024,Wednesday,STNE,StoneCo Ltd.,Software - Infrastructure,Technology,Cayman Islands,KY,CYM,Latin America and the Caribbean,Americas,SELL
180,7,2807,4,3,45,2024-01-10,10,1,January,Q1,2024,Wednesday,TIMB,TIM S.A.,Telecom Services,Communication Services,Brazil,BR,BRA,Latin America and the Caribbean,Americas,SELL
181,196,2704,6,3,45,2024-10-28,28,10,October,Q4,2024,Monday,STNE,StoneCo Ltd.,Software - Infrastructure,Technology,Cayman Islands,KY,CYM,Latin America and the Caribbean,Americas,SELL
182,132,1735,19,1,44,2024-07-08,8,7,July,Q3,2024,Monday,LTOUF,Larsen & Toubro Ltd.,Engineering & Construction,Industrials,India,IN,IND,Southern Asia,Asia,BUY
183,8,2807,4,1,44,2024-01-11,11,1,January,Q1,2024,Thursday,TIMB,TIM S.A.,Telecom Services,Communication Services,Brazil,BR,BRA,Latin America and the Caribbean,Americas,BUY
184,144,2775,20,3,44,2024-08-01,1,8,August,Q3,2024,Thursday,TEL,TE Connectivity plc,Electronic Components,Technology,Ireland,IE,IRL,Northern Europe,Europe,SELL
185,8,2807,4,3,44,2024-01-11,11,1,January,Q1,2024,Thursday,TIMB,TIM S.A.,Telecom Services,Communication Services,Brazil,BR,BRA,Latin America and the Caribbean,Americas,SELL
186,31,37,20,1,43,2024-02-13,13,2,February,Q1,2024,Tuesday,ACN,Accenture plc,Information Technology Services,Technology,Ireland,IE,IRL,Northern Europe,Europe,BUY
187,53,2492,20,1,43,2024-03-14,14,3,March,Q1,2024,Thursday,RYAAY,Ryanair Holdings plc,Airlines,Industrials,Ireland,IE,IRL,Northern Europe,Europe,BUY
188,228,1735,19,1,43,2024-12-20,20,12,December,Q4,2024,Friday,LTOUF,Larsen & Toubro Ltd.,Engineering & Construction,Industrials,India,IN,IND,Southern Asia,Asia,BUY
189,32,2492,20,3,43,2024-02-14,14,2,February,Q1,2024,Wednesday,RYAAY,Ryanair Holdings plc,Airlines,Industrials,Ireland,IE,IRL,Northern Europe,Europe,SELL
190,106,999,29,3,43,2024-05-30,30,5,May,Q2,2024,Thursday,ESTC,Elastic N.V.,Software - Application,Technology,"Netherlands, Kingdom of the",NL,NLD,Western Europe,Europe,SELL
191,7,2807,4,1,42,2024-01-10,10,1,January,Q1,2024,Wednesday,TIMB,TIM S.A.,Telecom Services,Communication Services,Brazil,BR,BRA,Latin America and the Caribbean,Americas,BUY
192,7,2807,4,3,42,2024-01-10,10,1,January,Q1,2024,Wednesday,TIMB,TIM S.A.,Telecom Services,Communication Services,Brazil,BR,BRA,Latin America and the Caribbean,Americas,SELL
193,141,834,42,1,41,2024-07-25,25,7,July,Q3,2024,Thursday,DESP,"Despegar.com, Corp.",Travel Services,Consumer Cyclical,Virgin Islands (British),VG,VGB,Latin America and the Caribbean,Americas,BUY
194,218,1735,19,1,41,2024-12-05,5,12,December,Q4,2024,Thursday,LTOUF,Larsen & Toubro Ltd.,Engineering & Construction,Industrials,India,IN,IND,Southern Asia,Asia,BUY
195,154,834,42,3,41,2024-08-16,16,8,August,Q3,2024,Friday,DESP,"Despegar.com, Corp.",Travel Services,Consumer Cyclical,Virgin Islands (British),VG,VGB,Latin America and the Caribbean,Americas,SELL
196,225,2775,20,3,41,2024-12-17,17,12,December,Q4,2024,Tuesday,TEL,TE Connectivity plc,Electronic Components,Technology,Ireland,IE,IRL,Northern Europe,Europe,SELL
197,37,2492,20,1,39,2024-02-21,21,2,February,Q1,2024,Wednesday,RYAAY,Ryanair Holdings plc,Airlines,Industrials,Ireland,IE,IRL,Northern Europe,Europe,BUY
198,157,2164,4,1,39,2024-08-21,21,8,August,Q3,2024,Wednesday,PAGS,PagSeguro Digital Ltd.,Software - Infrastructure,Technology,Brazil,BR,BRA,Latin America and the Caribbean,Americas,BUY
199,90,834,42,1,39,2024-05-08,8,5,May,Q2,2024,Wednesday,DESP,"Despegar.com, Corp.",Travel Services,Consumer Cyclical,Virgin Islands (British),VG,VGB,Latin America and the Caribbean,Americas,BUY
200,115,2704,6,1,39,2024-06-13,13,6,June,Q2,2024,Thursday,STNE,StoneCo Ltd.,Software - Infrastructure,Technology,Cayman Islands,KY,CYM,Latin America and the Caribbean,Americas,BUY
201,125,834,42,1,39,2024-06-26,26,6,June,Q2,2024,Wednesday,DESP,"Despegar.com, Corp.",Travel Services,Consumer Cyclical,Virgin Islands (British),VG,VGB,Latin America and the Caribbean,Americas,BUY
202,38,999,29,3,39,2024-02-22,22,2,February,Q1,2024,Thursday,ESTC,Elastic N.V.,Software - Application,Technology,"Netherlands, Kingdom of the",NL,NLD,Western Europe,Europe,SELL
203,158,2164,4,3,39,2024-08-22,22,8,August,Q3,2024,Thursday,PAGS,PagSeguro Digital Ltd.,Software - Infrastructure,Technology,Brazil,BR,BRA,Latin America and the Caribbean,Americas,SELL
204,98,834,42,3,39,2024-05-20,20,5,May,Q2,2024,Monday,DESP,"Despegar.com, Corp.",Travel Services,Consumer Cyclical,Virgin Islands (British),VG,VGB,Latin America and the Caribbean,Americas,SELL
205,133,2704,6,3,39,2024-07-09,9,7,July,Q3,2024,Tuesday,STNE,StoneCo Ltd.,Software - Infrastructure,Technology,Cayman Islands,KY,CYM,Latin America and the Caribbean,Americas,SELL
206,126,834,42,3,39,2024-06-27,27,6,June,Q2,2024,Thursday,DESP,"Despegar.com, Corp.",Travel Services,Consumer Cyclical,Virgin Islands (British),VG,VGB,Latin America and the Caribbean,Americas,SELL
207,46,2492,20,1,38,2024-03-05,5,3,March,Q1,2024,Tuesday,RYAAY,Ryanair Holdings plc,Airlines,Industrials,Ireland,IE,IRL,Northern Europe,Europe,BUY
208,46,999,29,3,38,2024-03-05,5,3,March,Q1,2024,Tuesday,ESTC,Elastic N.V.,Software - Application,Technology,"Netherlands, Kingdom of the",NL,NLD,Western Europe,Europe,SELL
209,140,1455,41,1,37,2024-07-24,24,7,July,Q3,2024,Wednesday,IMMR,Immersion Corporation,Software - Application,Technology,United States of America,US,USA,Northern America,Americas,BUY
210,46,2492,20,1,37,2024-03-05,5,3,March,Q1,2024,Tuesday,RYAAY,Ryanair Holdings plc,Airlines,Industrials,Ireland,IE,IRL,Northern Europe,Europe,BUY
211,23,2492,20,1,37,2024-02-01,1,2,February,Q1,2024,Thursday,RYAAY,Ryanair Holdings plc,Airlines,Industrials,Ireland,IE,IRL,Northern Europe,Europe,BUY
212,37,2492,20,1,37,2024-02-21,21,2,February,Q1,2024,Wednesday,RYAAY,Ryanair Holdings plc,Airlines,Industrials,Ireland,IE,IRL,Northern Europe,Europe,BUY
213,38,2492,20,1,37,2024-02-22,22,2,February,Q1,2024,Thursday,RYAAY,Ryanair Holdings plc,Airlines,Industrials,Ireland,IE,IRL,Northern Europe,Europe,BUY
214,154,1455,41,3,37,2024-08-16,16,8,August,Q3,2024,Friday,IMMR,Immersion Corporation,Software - Application,Technology,United States of America,US,USA,Northern America,Americas,SELL
215,47,999,29,3,37,2024-03-06,6,3,March,Q1,2024,Wednesday,ESTC,Elastic N.V.,Software - Application,Technology,"Netherlands, Kingdom of the",NL,NLD,Western Europe,Europe,SELL
216,24,999,29,3,37,2024-02-02,2,2,February,Q1,2024,Friday,ESTC,Elastic N.V.,Software - Application,Technology,"Netherlands, Kingdom of the",NL,NLD,Western Europe,Europe,SELL
217,37,999,29,3,37,2024-02-21,21,2,February,Q1,2024,Wednesday,ESTC,Elastic N.V.,Software - Application,Technology,"Netherlands, Kingdom of the",NL,NLD,Western Europe,Europe,SELL
218,40,999,29,3,37,2024-02-26,26,2,February,Q1,2024,Monday,ESTC,Elastic N.V.,Software - Application,Technology,"Netherlands, Kingdom of the",NL,NLD,Western Europe,Europe,SELL
219,44,2492,20,1,36,2024-03-01,1,3,March,Q1,2024,Friday,RYAAY,Ryanair Holdings plc,Airlines,Industrials,Ireland,IE,IRL,Northern Europe,Europe,BUY
220,116,834,42,1,36,2024-06-14,14,6,June,Q2,2024,Friday,DESP,"Despegar.com, Corp.",Travel Services,Consumer Cyclical,Virgin Islands (British),VG,VGB,Latin America and the Caribbean,Americas,BUY
221,46,999,29,3,36,2024-03-05,5,3,March,Q1,2024,Tuesday,ESTC,Elastic N.V.,Software - Application,Technology,"Netherlands, Kingdom of the",NL,NLD,Western Europe,Europe,SELL
222,138,834,42,3,36,2024-07-17,17,7,July,Q3,2024,Wednesday,DESP,"Despegar.com, Corp.",Travel Services,Consumer Cyclical,Virgin Islands (British),VG,VGB,Latin America and the Caribbean,Americas,SELL
223,28,2492,20,1,35,2024-02-08,8,2,February,Q1,2024,Thursday,RYAAY,Ryanair Holdings plc,Airlines,Industrials,Ireland,IE,IRL,Northern Europe,Europe,BUY
224,104,2704,6,1,35,2024-05-28,28,5,May,Q2,2024,Tuesday,STNE,StoneCo Ltd.,Software - Infrastructure,Technology,Cayman Islands,KY,CYM,Latin America and the Caribbean,Americas,BUY
225,31,2492,20,1,35,2024-02-13,13,2,February,Q1,2024,Tuesday,RYAAY,Ryanair Holdings plc,Airlines,Industrials,Ireland,IE,IRL,Northern Europe,Europe,BUY
226,26,2807,4,1,35,2024-02-06,6,2,February,Q1,2024,Tuesday,TIMB,TIM S.A.,Telecom Services,Communication Services,Brazil,BR,BRA,Latin America and the Caribbean,Americas,BUY
227,55,2164,4,1,35,2024-03-18,18,3,March,Q1,2024,Monday,PAGS,PagSeguro Digital Ltd.,Software - Infrastructure,Technology,Brazil,BR,BRA,Latin America and the Caribbean,Americas,BUY
228,57,2164,4,1,35,2024-03-20,20,3,March,Q1,2024,Wednesday,PAGS,PagSeguro Digital Ltd.,Software - Infrastructure,Technology,Brazil,BR,BRA,Latin America and the Caribbean,Americas,BUY
229,29,999,29,3,35,2024-02-09,9,2,February,Q1,2024,Friday,ESTC,Elastic N.V.,Software - Application,Technology,"Netherlands, Kingdom of the",NL,NLD,Western Europe,Europe,SELL
230,221,2704,6,3,35,2024-12-10,10,12,December,Q4,2024,Tuesday,STNE,StoneCo Ltd.,Software - Infrastructure,Technology,Cayman Islands,KY,CYM,Latin America and the Caribbean,Americas,SELL
231,31,999,29,3,35,2024-02-13,13,2,February,Q1,2024,Tuesday,ESTC,Elastic N.V.,Software - Application,Technology,"Netherlands, Kingdom of the",NL,NLD,Western Europe,Europe,SELL
232,26,2807,4,3,35,2024-02-06,6,2,February,Q1,2024,Tuesday,TIMB,TIM S.A.,Telecom Services,Communication Services,Brazil,BR,BRA,Latin America and the Caribbean,Americas,SELL
233,56,2164,4,3,35,2024-03-19,19,3,March,Q1,2024,Tuesday,PAGS,PagSeguro Digital Ltd.,Software - Infrastructure,Technology,Brazil,BR,BRA,Latin America and the Caribbean,Americas,SELL
234,59,2164,4,3,35,2024-03-22,22,3,March,Q1,2024,Friday,PAGS,PagSeguro Digital Ltd.,Software - Infrastructure,Technology,Brazil,BR,BRA,Latin America and the Caribbean,Americas,SELL
235,101,834,42,1,34,2024-05-23,23,5,May,Q2,2024,Thursday,DESP,"Despegar.com, Corp.",Travel Services,Consumer Cyclical,Virgin Islands (British),VG,VGB,Latin America and the Caribbean,Americas,BUY
236,97,2704,6,1,34,2024-05-17,17,5,May,Q2,2024,Friday,STNE,StoneCo Ltd.,Software - Infrastructure,Technology,Cayman Islands,KY,CYM,Latin America and the Caribbean,Americas,BUY
237,28,2807,4,1,34,2024-02-08,8,2,February,Q1,2024,Thursday,TIMB,TIM S.A.,Telecom Services,Communication Services,Brazil,BR,BRA,Latin America and the Caribbean,Americas,BUY
238,26,2807,4,1,34,2024-02-06,6,2,February,Q1,2024,Tuesday,TIMB,TIM S.A.,Telecom Services,Communication Services,Brazil,BR,BRA,Latin America and the Caribbean,Americas,BUY
239,104,834,42,3,34,2024-05-28,28,5,May,Q2,2024,Tuesday,DESP,"Despegar.com, Corp.",Travel Services,Consumer Cyclical,Virgin Islands (British),VG,VGB,Latin America and the Caribbean,Americas,SELL
240,100,2704,6,3,34,2024-05-22,22,5,May,Q2,2024,Wednesday,STNE,StoneCo Ltd.,Software - Infrastructure,Technology,Cayman Islands,KY,CYM,Latin America and the Caribbean,Americas,SELL
241,28,2807,4,3,34,2024-02-08,8,2,February,Q1,2024,Thursday,TIMB,TIM S.A.,Telecom Services,Communication Services,Brazil,BR,BRA,Latin America and the Caribbean,Americas,SELL
242,26,2807,4,3,34,2024-02-06,6,2,February,Q1,2024,Tuesday,TIMB,TIM S.A.,Telecom Services,Communication Services,Brazil,BR,BRA,Latin America and the Caribbean,Americas,SELL
243,95,2704,6,1,33,2024-05-15,15,5,May,Q2,2024,Wednesday,STNE,StoneCo Ltd.,Software - Infrastructure,Technology,Cayman Islands,KY,CYM,Latin America and the Caribbean,Americas,BUY
244,29,2807,4,1,33,2024-02-09,9,2,February,Q1,2024,Friday,TIMB,TIM S.A.,Telecom Services,Communication Services,Brazil,BR,BRA,Latin America and the Caribbean,Americas,BUY
245,61,219,41,1,33,2024-03-26,26,3,March,Q1,2024,Tuesday,ARDX,"Ardelyx, Inc.",Biotechnology,Healthcare,United States of America,US,USA,Northern America,Americas,BUY
246,34,2492,20,1,33,2024-02-16,16,2,February,Q1,2024,Friday,RYAAY,Ryanair Holdings plc,Airlines,Industrials,Ireland,IE,IRL,Northern Europe,Europe,BUY
247,129,2704,6,3,33,2024-07-02,2,7,July,Q3,2024,Tuesday,STNE,StoneCo Ltd.,Software - Infrastructure,Technology,Cayman Islands,KY,CYM,Latin America and the Caribbean,Americas,SELL
248,29,2807,4,3,33,2024-02-09,9,2,February,Q1,2024,Friday,TIMB,TIM S.A.,Telecom Services,Communication Services,Brazil,BR,BRA,Latin America and the Caribbean,Americas,SELL
249,76,219,41,3,33,2024-04-17,17,4,April,Q2,2024,Wednesday,ARDX,"Ardelyx, Inc.",Biotechnology,Healthcare,United States of America,US,USA,Northern America,Americas,SELL
250,37,2236,29,3,33,2024-02-21,21,2,February,Q1,2024,Wednesday,PHVS,Pharvaris N.V.,Biotechnology,Healthcare,"Netherlands, Kingdom of the",NL,NLD,Western Europe,Europe,SELL
251,104,834,42,1,32,2024-05-28,28,5,May,Q2,2024,Tuesday,DESP,"Despegar.com, Corp.",Travel Services,Consumer Cyclical,Virgin Islands (British),VG,VGB,Latin America and the Caribbean,Americas,BUY
252,141,834,42,3,32,2024-07-25,25,7,July,Q3,2024,Thursday,DESP,"Despegar.com, Corp.",Travel Services,Consumer Cyclical,Virgin Islands (British),VG,VGB,Latin America and the Caribbean,Americas,SELL
253,23,2807,4,1,31,2024-02-01,1,2,February,Q1,2024,Thursday,TIMB,TIM S.A.,Telecom Services,Communication Services,Brazil,BR,BRA,Latin America and the Caribbean,Americas,BUY
254,25,2807,4,3,31,2024-02-05,5,2,February,Q1,2024,Monday,TIMB,TIM S.A.,Telecom Services,Communication Services,Brazil,BR,BRA,Latin America and the Caribbean,Americas,SELL
255,75,1804,20,1,30,2024-04-16,16,4,April,Q2,2024,Tuesday,MDT,Medtronic plc.,Medical Devices,Healthcare,Ireland,IE,IRL,Northern Europe,Europe,BUY
256,31,241,3,1,30,2024-02-13,13,2,February,Q1,2024,Tuesday,ASC,Ardmore Shipping Corporation,Marine Shipping,Industrials,Bermuda,BM,BMU,Northern America,Americas,BUY
257,53,2492,20,1,30,2024-03-14,14,3,March,Q1,2024,Thursday,RYAAY,Ryanair Holdings plc,Airlines,Industrials,Ireland,IE,IRL,Northern Europe,Europe,BUY
258,98,477,32,1,30,2024-05-20,20,5,May,Q2,2024,Monday,BVN,Buenaventura Mining Company Inc,Other Precious Metals & Mining,Basic Materials,Peru,PE,PER,Latin America and the Caribbean,Americas,BUY
259,78,1002,20,3,30,2024-04-19,19,4,April,Q2,2024,Friday,ETN,"Eaton Corporation, PLC",Specialty Industrial Machinery,Industrials,Ireland,IE,IRL,Northern Europe,Europe,SELL
260,33,241,3,3,30,2024-02-15,15,2,February,Q1,2024,Thursday,ASC,Ardmore Shipping Corporation,Marine Shipping,Industrials,Bermuda,BM,BMU,Northern America,Americas,SELL
261,53,2236,29,3,30,2024-03-14,14,3,March,Q1,2024,Thursday,PHVS,Pharvaris N.V.,Biotechnology,Healthcare,"Netherlands, Kingdom of the",NL,NLD,Western Europe,Europe,SELL
262,108,477,32,3,30,2024-06-04,4,6,June,Q2,2024,Tuesday,BVN,Buenaventura Mining Company Inc,Other Precious Metals & Mining,Basic Materials,Peru,PE,PER,Latin America and the Caribbean,Americas,SELL
263,34,2425,36,1,29,2024-02-16,16,2,February,Q1,2024,Friday,RIG,Transocean Ltd (Switzerland),Oil & Gas Drilling,Energy,Switzerland,CH,CHE,Western Europe,Europe,BUY
264,25,2807,4,1,29,2024-02-05,5,2,February,Q1,2024,Monday,TIMB,TIM S.A.,Telecom Services,Communication Services,Brazil,BR,BRA,Latin America and the Caribbean,Americas,BUY
265,40,2425,36,3,29,2024-02-26,26,2,February,Q1,2024,Monday,RIG,Transocean Ltd (Switzerland),Oil & Gas Drilling,Energy,Switzerland,CH,CHE,Western Europe,Europe,SELL
266,25,2807,4,3,29,2024-02-05,5,2,February,Q1,2024,Monday,TIMB,TIM S.A.,Telecom Services,Communication Services,Brazil,BR,BRA,Latin America and the Caribbean,Americas,SELL
267,124,2140,41,1,28,2024-06-25,25,6,June,Q2,2024,Tuesday,OSCR,"Oscar Health, Inc.",Healthcare Plans,Healthcare,United States of America,US,USA,Northern America,Americas,BUY
268,55,2704,6,1,28,2024-03-18,18,3,March,Q1,2024,Monday,STNE,StoneCo Ltd.,Software - Infrastructure,Technology,Cayman Islands,KY,CYM,Latin America and the Caribbean,Americas,BUY
269,85,1804,20,1,28,2024-04-30,30,4,April,Q2,2024,Tuesday,MDT,Medtronic plc.,Medical Devices,Healthcare,Ireland,IE,IRL,Northern Europe,Europe,BUY
270,149,2140,41,3,28,2024-08-08,8,8,August,Q3,2024,Thursday,OSCR,"Oscar Health, Inc.",Healthcare Plans,Healthcare,United States of America,US,USA,Northern America,Americas,SELL
271,97,2704,6,3,28,2024-05-17,17,5,May,Q2,2024,Friday,STNE,StoneCo Ltd.,Software - Infrastructure,Technology,Cayman Islands,KY,CYM,Latin America and the Caribbean,Americas,SELL
272,227,449,4,1,27,2024-12-19,19,12,December,Q4,2024,Thursday,BRFS,BRF S.A.,Packaged Foods,Consumer Defensive,Brazil,BR,BRA,Latin America and the Caribbean,Americas,BUY
273,59,2807,4,1,27,2024-03-22,22,3,March,Q1,2024,Friday,TIMB,TIM S.A.,Telecom Services,Communication Services,Brazil,BR,BRA,Latin America and the Caribbean,Americas,BUY
274,21,2492,20,1,27,2024-01-30,30,1,January,Q1,2024,Tuesday,RYAAY,Ryanair Holdings plc,Airlines,Industrials,Ireland,IE,IRL,Northern Europe,Europe,BUY
275,40,2492,20,1,27,2024-02-26,26,2,February,Q1,2024,Monday,RYAAY,Ryanair Holdings plc,Airlines,Industrials,Ireland,IE,IRL,Northern Europe,Europe,BUY
276,31,207,41,1,27,2024-02-13,13,2,February,Q1,2024,Tuesday,APP,Applovin Corporation,Software - Application,Technology,United States of America,US,USA,Northern America,Americas,BUY
277,48,2492,20,1,27,2024-03-07,7,3,March,Q1,2024,Thursday,RYAAY,Ryanair Holdings plc,Airlines,Industrials,Ireland,IE,IRL,Northern Europe,Europe,BUY
278,231,449,4,3,27,2024-12-30,30,12,December,Q4,2024,Monday,BRFS,BRF S.A.,Packaged Foods,Consumer Defensive,Brazil,BR,BRA,Latin America and the Caribbean,Americas,SELL
279,64,2807,4,3,27,2024-04-01,1,4,April,Q2,2024,Monday,TIMB,TIM S.A.,Telecom Services,Communication Services,Brazil,BR,BRA,Latin America and the Caribbean,Americas,SELL
280,23,2236,29,3,27,2024-02-01,1,2,February,Q1,2024,Thursday,PHVS,Pharvaris N.V.,Biotechnology,Healthcare,"Netherlands, Kingdom of the",NL,NLD,Western Europe,Europe,SELL
281,41,2236,29,3,27,2024-02-27,27,2,February,Q1,2024,Tuesday,PHVS,Pharvaris N.V.,Biotechnology,Healthcare,"Netherlands, Kingdom of the",NL,NLD,Western Europe,Europe,SELL
282,49,2236,29,3,27,2024-03-08,8,3,March,Q1,2024,Friday,PHVS,Pharvaris N.V.,Biotechnology,Healthcare,"Netherlands, Kingdom of the",NL,NLD,Western Europe,Europe,SELL
283,42,37,20,1,26,2024-02-28,28,2,February,Q1,2024,Wednesday,ACN,Accenture plc,Information Technology Services,Technology,Ireland,IE,IRL,Northern Europe,Europe,BUY
284,52,2492,20,1,26,2024-03-13,13,3,March,Q1,2024,Wednesday,RYAAY,Ryanair Holdings plc,Airlines,Industrials,Ireland,IE,IRL,Northern Europe,Europe,BUY
285,44,2236,29,3,26,2024-03-01,1,3,March,Q1,2024,Friday,PHVS,Pharvaris N.V.,Biotechnology,Healthcare,"Netherlands, Kingdom of the",NL,NLD,Western Europe,Europe,SELL
286,53,2236,29,3,26,2024-03-14,14,3,March,Q1,2024,Thursday,PHVS,Pharvaris N.V.,Biotechnology,Healthcare,"Netherlands, Kingdom of the",NL,NLD,Western Europe,Europe,SELL
287,64,1735,19,1,25,2024-04-01,1,4,April,Q2,2024,Monday,LTOUF,Larsen & Toubro Ltd.,Engineering & Construction,Industrials,India,IN,IND,Southern Asia,Asia,BUY
288,29,37,20,1,25,2024-02-09,9,2,February,Q1,2024,Friday,ACN,Accenture plc,Information Technology Services,Technology,Ireland,IE,IRL,Northern Europe,Europe,BUY
289,147,1482,41,1,25,2024-08-05,5,8,August,Q3,2024,Monday,INTC,Intel Corporation,Semiconductors,Technology,United States of America,US,USA,Northern America,Americas,BUY
290,148,449,4,1,25,2024-08-07,7,8,August,Q3,2024,Wednesday,BRFS,BRF S.A.,Packaged Foods,Consumer Defensive,Brazil,BR,BRA,Latin America and the Caribbean,Americas,BUY
291,67,2775,20,3,25,2024-04-04,4,4,April,Q2,2024,Thursday,TEL,TE Connectivity plc,Electronic Components,Technology,Ireland,IE,IRL,Northern Europe,Europe,SELL
292,31,2236,29,3,25,2024-02-13,13,2,February,Q1,2024,Tuesday,PHVS,Pharvaris N.V.,Biotechnology,Healthcare,"Netherlands, Kingdom of the",NL,NLD,Western Europe,Europe,SELL
293,158,1482,41,3,25,2024-08-22,22,8,August,Q3,2024,Thursday,INTC,Intel Corporation,Semiconductors,Technology,United States of America,US,USA,Northern America,Americas,SELL
294,155,449,4,3,25,2024-08-19,19,8,August,Q3,2024,Monday,BRFS,BRF S.A.,Packaged Foods,Consumer Defensive,Brazil,BR,BRA,Latin America and the Caribbean,Americas,SELL
295,78,37,20,1,24,2024-04-19,19,4,April,Q2,2024,Friday,ACN,Accenture plc,Information Technology Services,Technology,Ireland,IE,IRL,Northern Europe,Europe,BUY
296,87,241,3,1,24,2024-05-02,2,5,May,Q2,2024,Thursday,ASC,Ardmore Shipping Corporation,Marine Shipping,Industrials,Bermuda,BM,BMU,Northern America,Americas,BUY
297,104,37,20,1,24,2024-05-28,28,5,May,Q2,2024,Tuesday,ACN,Accenture plc,Information Technology Services,Technology,Ireland,IE,IRL,Northern Europe,Europe,BUY
298,23,207,41,1,24,2024-02-01,1,2,February,Q1,2024,Thursday,APP,Applovin Corporation,Software - Application,Technology,United States of America,US,USA,Northern America,Americas,BUY
299,145,1482,41,1,24,2024-08-02,2,8,August,Q3,2024,Friday,INTC,Intel Corporation,Semiconductors,Technology,United States of America,US,USA,Northern America,Americas,BUY
300,207,449,4,1,24,2024-11-14,14,11,November,Q4,2024,Thursday,BRFS,BRF S.A.,Packaged Foods,Consumer Defensive,Brazil,BR,BRA,Latin America and the Caribbean,Americas,BUY
301,164,1482,41,1,24,2024-09-03,3,9,September,Q3,2024,Tuesday,INTC,Intel Corporation,Semiconductors,Technology,United States of America,US,USA,Northern America,Americas,BUY
302,4,2807,4,1,24,2024-01-05,5,1,January,Q1,2024,Friday,TIMB,TIM S.A.,Telecom Services,Communication Services,Brazil,BR,BRA,Latin America and the Caribbean,Americas,BUY
303,145,37,20,1,24,2024-08-02,2,8,August,Q3,2024,Friday,ACN,Accenture plc,Information Technology Services,Technology,Ireland,IE,IRL,Northern Europe,Europe,BUY
304,33,37,20,1,24,2024-02-15,15,2,February,Q1,2024,Thursday,ACN,Accenture plc,Information Technology Services,Technology,Ireland,IE,IRL,Northern Europe,Europe,BUY
305,82,2492,20,3,24,2024-04-25,25,4,April,Q2,2024,Thursday,RYAAY,Ryanair Holdings plc,Airlines,Industrials,Ireland,IE,IRL,Northern Europe,Europe,SELL
306,149,255,37,3,24,2024-08-08,8,8,August,Q3,2024,Thursday,ASX,"ASE Technology Holding Co., Ltd",Semiconductors,Technology,"Taiwan, Province of China",TW,TWN,,,SELL
307,137,2236,29,3,24,2024-07-16,16,7,July,Q3,2024,Tuesday,PHVS,Pharvaris N.V.,Biotechnology,Healthcare,"Netherlands, Kingdom of the",NL,NLD,Western Europe,Europe,SELL
308,24,207,41,3,24,2024-02-02,2,2,February,Q1,2024,Friday,APP,Applovin Corporation,Software - Application,Technology,United States of America,US,USA,Northern America,Americas,SELL
309,147,1482,41,3,24,2024-08-05,5,8,August,Q3,2024,Monday,INTC,Intel Corporation,Semiconductors,Technology,United States of America,US,USA,Northern America,Americas,SELL
310,210,449,4,3,24,2024-11-19,19,11,November,Q4,2024,Tuesday,BRFS,BRF S.A.,Packaged Foods,Consumer Defensive,Brazil,BR,BRA,Latin America and the Caribbean,Americas,SELL
311,165,1482,41,3,24,2024-09-04,4,9,September,Q3,2024,Wednesday,INTC,Intel Corporation,Semiconductors,Technology,United States of America,US,USA,Northern America,Americas,SELL
312,5,2807,4,3,24,2024-01-08,8,1,January,Q1,2024,Monday,TIMB,TIM S.A.,Telecom Services,Communication Services,Brazil,BR,BRA,Latin America and the Caribbean,Americas,SELL
313,148,2236,29,3,24,2024-08-07,7,8,August,Q3,2024,Wednesday,PHVS,Pharvaris N.V.,Biotechnology,Healthcare,"Netherlands, Kingdom of the",NL,NLD,Western Europe,Europe,SELL
314,34,2236,29,3,24,2024-02-16,16,2,February,Q1,2024,Friday,PHVS,Pharvaris N.V.,Biotechnology,Healthcare,"Netherlands, Kingdom of the",NL,NLD,Western Europe,Europe,SELL
315,73,2807,4,1,23,2024-04-12,12,4,April,Q2,2024,Friday,TIMB,TIM S.A.,Telecom Services,Communication Services,Brazil,BR,BRA,Latin America and the Caribbean,Americas,BUY
316,206,3183,8,1,23,2024-11-13,13,11,November,Q4,2024,Wednesday,ZK,ZEEKR Intelligent Technology Ho,Auto Manufacturers,Consumer Cyclical,China,CN,CHN,Eastern Asia,Asia,BUY
317,202,3183,8,1,23,2024-11-06,6,11,November,Q4,2024,Wednesday,ZK,ZEEKR Intelligent Technology Ho,Auto Manufacturers,Consumer Cyclical,China,CN,CHN,Eastern Asia,Asia,BUY
318,104,37,20,1,23,2024-05-28,28,5,May,Q2,2024,Tuesday,ACN,Accenture plc,Information Technology Services,Technology,Ireland,IE,IRL,Northern Europe,Europe,BUY
319,70,2807,4,1,23,2024-04-09,9,4,April,Q2,2024,Tuesday,TIMB,TIM S.A.,Telecom Services,Communication Services,Brazil,BR,BRA,Latin America and the Caribbean,Americas,BUY
320,76,2807,4,3,23,2024-04-17,17,4,April,Q2,2024,Wednesday,TIMB,TIM S.A.,Telecom Services,Communication Services,Brazil,BR,BRA,Latin America and the Caribbean,Americas,SELL
321,206,261,8,3,23,2024-11-13,13,11,November,Q4,2024,Wednesday,ATHM,Autohome Inc.,Internet Content & Information,Communication Services,China,CN,CHN,Eastern Asia,Asia,SELL
322,203,261,8,3,23,2024-11-07,7,11,November,Q4,2024,Thursday,ATHM,Autohome Inc.,Internet Content & Information,Communication Services,China,CN,CHN,Eastern Asia,Asia,SELL
323,137,2236,29,3,23,2024-07-16,16,7,July,Q3,2024,Tuesday,PHVS,Pharvaris N.V.,Biotechnology,Healthcare,"Netherlands, Kingdom of the",NL,NLD,Western Europe,Europe,SELL
324,70,2807,4,3,23,2024-04-09,9,4,April,Q2,2024,Tuesday,TIMB,TIM S.A.,Telecom Services,Communication Services,Brazil,BR,BRA,Latin America and the Caribbean,Americas,SELL
325,219,449,4,1,22,2024-12-06,6,12,December,Q4,2024,Friday,BRFS,BRF S.A.,Packaged Foods,Consumer Defensive,Brazil,BR,BRA,Latin America and the Caribbean,Americas,BUY
326,34,2807,4,1,22,2024-02-16,16,2,February,Q1,2024,Friday,TIMB,TIM S.A.,Telecom Services,Communication Services,Brazil,BR,BRA,Latin America and the Caribbean,Americas,BUY
327,17,207,41,1,22,2024-01-24,24,1,January,Q1,2024,Wednesday,APP,Applovin Corporation,Software - Application,Technology,United States of America,US,USA,Northern America,Americas,BUY
328,17,2807,4,1,22,2024-01-24,24,1,January,Q1,2024,Wednesday,TIMB,TIM S.A.,Telecom Services,Communication Services,Brazil,BR,BRA,Latin America and the Caribbean,Americas,BUY
329,3,505,5,1,22,2024-01-04,4,1,January,Q1,2024,Thursday,CAE,CAE Inc.,Aerospace & Defense,Industrials,Canada,CA,CAN,Northern America,Americas,BUY
330,25,207,41,1,22,2024-02-05,5,2,February,Q1,2024,Monday,APP,Applovin Corporation,Software - Application,Technology,United States of America,US,USA,Northern America,Americas,BUY
331,227,37,20,1,22,2024-12-19,19,12,December,Q4,2024,Thursday,ACN,Accenture plc,Information Technology Services,Technology,Ireland,IE,IRL,Northern Europe,Europe,BUY
332,193,1482,41,1,22,2024-10-22,22,10,October,Q4,2024,Tuesday,INTC,Intel Corporation,Semiconductors,Technology,United States of America,US,USA,Northern America,Americas,BUY
333,19,207,41,1,22,2024-01-26,26,1,January,Q1,2024,Friday,APP,Applovin Corporation,Software - Application,Technology,United States of America,US,USA,Northern America,Americas,BUY
334,189,1482,41,1,22,2024-10-16,16,10,October,Q4,2024,Wednesday,INTC,Intel Corporation,Semiconductors,Technology,United States of America,US,USA,Northern America,Americas,BUY
335,157,449,4,1,22,2024-08-21,21,8,August,Q3,2024,Wednesday,BRFS,BRF S.A.,Packaged Foods,Consumer Defensive,Brazil,BR,BRA,Latin America and the Caribbean,Americas,BUY
336,18,207,41,1,22,2024-01-25,25,1,January,Q1,2024,Thursday,APP,Applovin Corporation,Software - Application,Technology,United States of America,US,USA,Northern America,Americas,BUY
337,52,1482,41,1,22,2024-03-13,13,3,March,Q1,2024,Wednesday,INTC,Intel Corporation,Semiconductors,Technology,United States of America,US,USA,Northern America,Americas,BUY
338,17,2807,4,1,22,2024-01-24,24,1,January,Q1,2024,Wednesday,TIMB,TIM S.A.,Telecom Services,Communication Services,Brazil,BR,BRA,Latin America and the Caribbean,Americas,BUY
339,110,2874,20,1,22,2024-06-06,6,6,June,Q2,2024,Thursday,TT,Trane Technologies plc,Building Products & Equipment,Industrials,Ireland,IE,IRL,Northern Europe,Europe,BUY
340,220,449,4,3,22,2024-12-09,9,12,December,Q4,2024,Monday,BRFS,BRF S.A.,Packaged Foods,Consumer Defensive,Brazil,BR,BRA,Latin America and the Caribbean,Americas,SELL
341,34,2807,4,3,22,2024-02-16,16,2,February,Q1,2024,Friday,TIMB,TIM S.A.,Telecom Services,Communication Services,Brazil,BR,BRA,Latin America and the Caribbean,Americas,SELL
342,18,207,41,3,22,2024-01-25,25,1,January,Q1,2024,Thursday,APP,Applovin Corporation,Software - Application,Technology,United States of America,US,USA,Northern America,Americas,SELL
343,17,2807,4,3,22,2024-01-24,24,1,January,Q1,2024,Wednesday,TIMB,TIM S.A.,Telecom Services,Communication Services,Brazil,BR,BRA,Latin America and the Caribbean,Americas,SELL
344,7,505,5,3,22,2024-01-10,10,1,January,Q1,2024,Wednesday,CAE,CAE Inc.,Aerospace & Defense,Industrials,Canada,CA,CAN,Northern America,Americas,SELL
345,25,207,41,3,22,2024-02-05,5,2,February,Q1,2024,Monday,APP,Applovin Corporation,Software - Application,Technology,United States of America,US,USA,Northern America,Americas,SELL
346,228,2236,29,3,22,2024-12-20,20,12,December,Q4,2024,Friday,PHVS,Pharvaris N.V.,Biotechnology,Healthcare,"Netherlands, Kingdom of the",NL,NLD,Western Europe,Europe,SELL
347,194,1482,41,3,22,2024-10-23,23,10,October,Q4,2024,Wednesday,INTC,Intel Corporation,Semiconductors,Technology,United States of America,US,USA,Northern America,Americas,SELL
348,21,207,41,3,22,2024-01-30,30,1,January,Q1,2024,Tuesday,APP,Applovin Corporation,Software - Application,Technology,United States of America,US,USA,Northern America,Americas,SELL
349,192,1482,41,3,22,2024-10-21,21,10,October,Q4,2024,Monday,INTC,Intel Corporation,Semiconductors,Technology,United States of America,US,USA,Northern America,Americas,SELL
350,179,449,4,3,22,2024-09-27,27,9,September,Q3,2024,Friday,BRFS,BRF S.A.,Packaged Foods,Consumer Defensive,Brazil,BR,BRA,Latin America and the Caribbean,Americas,SELL
351,19,207,41,3,22,2024-01-26,26,1,January,Q1,2024,Friday,APP,Applovin Corporation,Software - Application,Technology,United States of America,US,USA,Northern America,Americas,SELL
352,53,1482,41,3,22,2024-03-14,14,3,March,Q1,2024,Thursday,INTC,Intel Corporation,Semiconductors,Technology,United States of America,US,USA,Northern America,Americas,SELL
353,17,2807,4,3,22,2024-01-24,24,1,January,Q1,2024,Wednesday,TIMB,TIM S.A.,Telecom Services,Communication Services,Brazil,BR,BRA,Latin America and the Caribbean,Americas,SELL
354,137,2874,20,3,22,2024-07-16,16,7,July,Q3,2024,Tuesday,TT,Trane Technologies plc,Building Products & Equipment,Industrials,Ireland,IE,IRL,Northern Europe,Europe,SELL
355,21,2807,4,1,21,2024-01-30,30,1,January,Q1,2024,Tuesday,TIMB,TIM S.A.,Telecom Services,Communication Services,Brazil,BR,BRA,Latin America and the Caribbean,Americas,BUY
356,4,1482,41,1,21,2024-01-05,5,1,January,Q1,2024,Friday,INTC,Intel Corporation,Semiconductors,Technology,United States of America,US,USA,Northern America,Americas,BUY
357,200,449,4,1,21,2024-11-01,1,11,November,Q4,2024,Friday,BRFS,BRF S.A.,Packaged Foods,Consumer Defensive,Brazil,BR,BRA,Latin America and the Caribbean,Americas,BUY
358,29,207,41,1,21,2024-02-09,9,2,February,Q1,2024,Friday,APP,Applovin Corporation,Software - Application,Technology,United States of America,US,USA,Northern America,Americas,BUY
359,26,207,41,1,21,2024-02-06,6,2,February,Q1,2024,Tuesday,APP,Applovin Corporation,Software - Application,Technology,United States of America,US,USA,Northern America,Americas,BUY
360,31,207,41,1,21,2024-02-13,13,2,February,Q1,2024,Tuesday,APP,Applovin Corporation,Software - Application,Technology,United States of America,US,USA,Northern America,Americas,BUY
361,164,37,20,1,21,2024-09-03,3,9,September,Q3,2024,Tuesday,ACN,Accenture plc,Information Technology Services,Technology,Ireland,IE,IRL,Northern Europe,Europe,BUY
362,22,2807,4,3,21,2024-01-31,31,1,January,Q1,2024,Wednesday,TIMB,TIM S.A.,Telecom Services,Communication Services,Brazil,BR,BRA,Latin America and the Caribbean,Americas,SELL
363,6,1482,41,3,21,2024-01-09,9,1,January,Q1,2024,Tuesday,INTC,Intel Corporation,Semiconductors,Technology,United States of America,US,USA,Northern America,Americas,SELL
364,203,449,4,3,21,2024-11-07,7,11,November,Q4,2024,Thursday,BRFS,BRF S.A.,Packaged Foods,Consumer Defensive,Brazil,BR,BRA,Latin America and the Caribbean,Americas,SELL
365,29,207,41,3,21,2024-02-09,9,2,February,Q1,2024,Friday,APP,Applovin Corporation,Software - Application,Technology,United States of America,US,USA,Northern America,Americas,SELL
366,26,207,41,3,21,2024-02-06,6,2,February,Q1,2024,Tuesday,APP,Applovin Corporation,Software - Application,Technology,United States of America,US,USA,Northern America,Americas,SELL
367,31,207,41,3,21,2024-02-13,13,2,February,Q1,2024,Tuesday,APP,Applovin Corporation,Software - Application,Technology,United States of America,US,USA,Northern America,Americas,SELL
368,167,2236,29,3,21,2024-09-06,6,9,September,Q3,2024,Friday,PHVS,Pharvaris N.V.,Biotechnology,Healthcare,"Netherlands, Kingdom of the",NL,NLD,Western Europe,Europe,SELL
369,135,449,4,1,20,2024-07-12,12,7,July,Q3,2024,Friday,BRFS,BRF S.A.,Packaged Foods,Consumer Defensive,Brazil,BR,BRA,Latin America and the Caribbean,Americas,BUY
370,6,1482,41,1,20,2024-01-09,9,1,January,Q1,2024,Tuesday,INTC,Intel Corporation,Semiconductors,Technology,United States of America,US,USA,Northern America,Americas,BUY
371,2,505,5,1,20,2024-01-03,3,1,January,Q1,2024,Wednesday,CAE,CAE Inc.,Aerospace & Defense,Industrials,Canada,CA,CAN,Northern America,Americas,BUY
372,70,1482,41,1,20,2024-04-09,9,4,April,Q2,2024,Tuesday,INTC,Intel Corporation,Semiconductors,Technology,United States of America,US,USA,Northern America,Americas,BUY
373,71,1482,41,1,20,2024-04-10,10,4,April,Q2,2024,Wednesday,INTC,Intel Corporation,Semiconductors,Technology,United States of America,US,USA,Northern America,Americas,BUY
374,65,2807,4,1,20,2024-04-02,2,4,April,Q2,2024,Tuesday,TIMB,TIM S.A.,Telecom Services,Communication Services,Brazil,BR,BRA,Latin America and the Caribbean,Americas,BUY
375,205,449,4,1,20,2024-11-12,12,11,November,Q4,2024,Tuesday,BRFS,BRF S.A.,Packaged Foods,Consumer Defensive,Brazil,BR,BRA,Latin America and the Caribbean,Americas,BUY
376,73,1482,41,1,20,2024-04-12,12,4,April,Q2,2024,Friday,INTC,Intel Corporation,Semiconductors,Technology,United States of America,US,USA,Northern America,Americas,BUY
377,90,2874,20,1,20,2024-05-08,8,5,May,Q2,2024,Wednesday,TT,Trane Technologies plc,Building Products & Equipment,Industrials,Ireland,IE,IRL,Northern Europe,Europe,BUY
378,28,207,41,1,20,2024-02-08,8,2,February,Q1,2024,Thursday,APP,Applovin Corporation,Software - Application,Technology,United States of America,US,USA,Northern America,Americas,BUY
379,199,3183,8,1,20,2024-10-31,31,10,October,Q4,2024,Thursday,ZK,ZEEKR Intelligent Technology Ho,Auto Manufacturers,Consumer Cyclical,China,CN,CHN,Eastern Asia,Asia,BUY
380,31,2425,36,1,20,2024-02-13,13,2,February,Q1,2024,Tuesday,RIG,Transocean Ltd (Switzerland),Oil & Gas Drilling,Energy,Switzerland,CH,CHE,Western Europe,Europe,BUY
381,9,1482,41,3,20,2024-01-12,12,1,January,Q1,2024,Friday,INTC,Intel Corporation,Semiconductors,Technology,United States of America,US,USA,Northern America,Americas,SELL
382,3,505,5,3,20,2024-01-04,4,1,January,Q1,2024,Thursday,CAE,CAE Inc.,Aerospace & Defense,Industrials,Canada,CA,CAN,Northern America,Americas,SELL
383,71,1482,41,3,20,2024-04-10,10,4,April,Q2,2024,Wednesday,INTC,Intel Corporation,Semiconductors,Technology,United States of America,US,USA,Northern America,Americas,SELL
384,73,1482,41,3,20,2024-04-12,12,4,April,Q2,2024,Friday,INTC,Intel Corporation,Semiconductors,Technology,United States of America,US,USA,Northern America,Americas,SELL
385,66,2807,4,3,20,2024-04-03,3,4,April,Q2,2024,Wednesday,TIMB,TIM S.A.,Telecom Services,Communication Services,Brazil,BR,BRA,Latin America and the Caribbean,Americas,SELL
386,205,449,4,3,20,2024-11-12,12,11,November,Q4,2024,Tuesday,BRFS,BRF S.A.,Packaged Foods,Consumer Defensive,Brazil,BR,BRA,Latin America and the Caribbean,Americas,SELL
387,78,1482,41,3,20,2024-04-19,19,4,April,Q2,2024,Friday,INTC,Intel Corporation,Semiconductors,Technology,United States of America,US,USA,Northern America,Americas,SELL
388,202,2874,20,3,20,2024-11-06,6,11,November,Q4,2024,Wednesday,TT,Trane Technologies plc,Building Products & Equipment,Industrials,Ireland,IE,IRL,Northern Europe,Europe,SELL
389,28,207,41,3,20,2024-02-08,8,2,February,Q1,2024,Thursday,APP,Applovin Corporation,Software - Application,Technology,United States of America,US,USA,Northern America,Americas,SELL
390,200,934,8,3,20,2024-11-01,1,11,November,Q4,2024,Friday,EH,EHang Holdings Limited,Aerospace & Defense,Industrials,China,CN,CHN,Eastern Asia,Asia,SELL
391,34,2425,36,3,20,2024-02-16,16,2,February,Q1,2024,Friday,RIG,Transocean Ltd (Switzerland),Oil & Gas Drilling,Energy,Switzerland,CH,CHE,Western Europe,Europe,SELL
392,60,2384,41,1,19,2024-03-25,25,3,March,Q1,2024,Monday,RDDT,"Reddit, Inc.",Internet Content & Information,Communication Services,United States of America,US,USA,Northern America,Americas,BUY
393,183,449,4,1,19,2024-10-08,8,10,October,Q4,2024,Tuesday,BRFS,BRF S.A.,Packaged Foods,Consumer Defensive,Brazil,BR,BRA,Latin America and the Caribbean,Americas,BUY
394,18,37,20,1,19,2024-01-25,25,1,January,Q1,2024,Thursday,ACN,Accenture plc,Information Technology Services,Technology,Ireland,IE,IRL,Northern Europe,Europe,BUY
395,218,37,20,1,19,2024-12-05,5,12,December,Q4,2024,Thursday,ACN,Accenture plc,Information Technology Services,Technology,Ireland,IE,IRL,Northern Europe,Europe,BUY
396,68,1482,41,1,19,2024-04-05,5,4,April,Q2,2024,Friday,INTC,Intel Corporation,Semiconductors,Technology,United States of America,US,USA,Northern America,Americas,BUY
397,1,737,41,1,19,2024-01-02,2,1,January,Q1,2024,Tuesday,CSCO,"Cisco Systems, Inc.",Communication Equipment,Technology,United States of America,US,USA,Northern America,Americas,BUY
398,219,37,20,1,19,2024-12-06,6,12,December,Q4,2024,Friday,ACN,Accenture plc,Information Technology Services,Technology,Ireland,IE,IRL,Northern Europe,Europe,BUY
399,60,2384,41,3,19,2024-03-25,25,3,March,Q1,2024,Monday,RDDT,"Reddit, Inc.",Internet Content & Information,Communication Services,United States of America,US,USA,Northern America,Americas,SELL
400,191,449,4,3,19,2024-10-18,18,10,October,Q4,2024,Friday,BRFS,BRF S.A.,Packaged Foods,Consumer Defensive,Brazil,BR,BRA,Latin America and the Caribbean,Americas,SELL
401,21,2236,29,3,19,2024-01-30,30,1,January,Q1,2024,Tuesday,PHVS,Pharvaris N.V.,Biotechnology,Healthcare,"Netherlands, Kingdom of the",NL,NLD,Western Europe,Europe,SELL
402,218,2236,29,3,19,2024-12-05,5,12,December,Q4,2024,Thursday,PHVS,Pharvaris N.V.,Biotechnology,Healthcare,"Netherlands, Kingdom of the",NL,NLD,Western Europe,Europe,SELL
403,70,1482,41,3,19,2024-04-09,9,4,April,Q2,2024,Tuesday,INTC,Intel Corporation,Semiconductors,Technology,United States of America,US,USA,Northern America,Americas,SELL
404,15,737,41,3,19,2024-01-22,22,1,January,Q1,2024,Monday,CSCO,"Cisco Systems, Inc.",Communication Equipment,Technology,United States of America,US,USA,Northern America,Americas,SELL
405,219,2236,29,3,19,2024-12-06,6,12,December,Q4,2024,Friday,PHVS,Pharvaris N.V.,Biotechnology,Healthcare,"Netherlands, Kingdom of the",NL,NLD,Western Europe,Europe,SELL
406,198,1359,8,1,18,2024-10-30,30,10,October,Q4,2024,Wednesday,HNGZY,HANGZHOU TIGERMED CONSULTING CO,Diagnostics & Research,Healthcare,China,CN,CHN,Eastern Asia,Asia,BUY
407,201,1359,8,1,18,2024-11-04,4,11,November,Q4,2024,Monday,HNGZY,HANGZHOU TIGERMED CONSULTING CO,Diagnostics & Research,Healthcare,China,CN,CHN,Eastern Asia,Asia,BUY
408,36,2807,4,1,18,2024-02-20,20,2,February,Q1,2024,Tuesday,TIMB,TIM S.A.,Telecom Services,Communication Services,Brazil,BR,BRA,Latin America and the Caribbean,Americas,BUY
409,140,449,4,1,18,2024-07-24,24,7,July,Q3,2024,Wednesday,BRFS,BRF S.A.,Packaged Foods,Consumer Defensive,Brazil,BR,BRA,Latin America and the Caribbean,Americas,BUY
410,50,2807,4,1,18,2024-03-11,11,3,March,Q1,2024,Monday,TIMB,TIM S.A.,Telecom Services,Communication Services,Brazil,BR,BRA,Latin America and the Caribbean,Americas,BUY
411,63,2384,41,1,18,2024-03-28,28,3,March,Q1,2024,Thursday,RDDT,"Reddit, Inc.",Internet Content & Information,Communication Services,United States of America,US,USA,Northern America,Americas,BUY
412,36,2807,4,1,18,2024-02-20,20,2,February,Q1,2024,Tuesday,TIMB,TIM S.A.,Telecom Services,Communication Services,Brazil,BR,BRA,Latin America and the Caribbean,Americas,BUY
413,140,449,4,1,18,2024-07-24,24,7,July,Q3,2024,Wednesday,BRFS,BRF S.A.,Packaged Foods,Consumer Defensive,Brazil,BR,BRA,Latin America and the Caribbean,Americas,BUY
414,5,402,41,1,18,2024-01-08,8,1,January,Q1,2024,Monday,BKR,Baker Hughes Company,Oil & Gas Equipment & Services,Energy,United States of America,US,USA,Northern America,Americas,BUY
415,50,37,20,1,18,2024-03-11,11,3,March,Q1,2024,Monday,ACN,Accenture plc,Information Technology Services,Technology,Ireland,IE,IRL,Northern Europe,Europe,BUY
416,199,934,8,3,18,2024-10-31,31,10,October,Q4,2024,Thursday,EH,EHang Holdings Limited,Aerospace & Defense,Industrials,China,CN,CHN,Eastern Asia,Asia,SELL
417,201,934,8,3,18,2024-11-04,4,11,November,Q4,2024,Monday,EH,EHang Holdings Limited,Aerospace & Defense,Industrials,China,CN,CHN,Eastern Asia,Asia,SELL
418,37,2807,4,3,18,2024-02-21,21,2,February,Q1,2024,Wednesday,TIMB,TIM S.A.,Telecom Services,Communication Services,Brazil,BR,BRA,Latin America and the Caribbean,Americas,SELL
419,144,449,4,3,18,2024-08-01,1,8,August,Q3,2024,Thursday,BRFS,BRF S.A.,Packaged Foods,Consumer Defensive,Brazil,BR,BRA,Latin America and the Caribbean,Americas,SELL
420,51,2807,4,3,18,2024-03-12,12,3,March,Q1,2024,Tuesday,TIMB,TIM S.A.,Telecom Services,Communication Services,Brazil,BR,BRA,Latin America and the Caribbean,Americas,SELL
421,64,2384,41,3,18,2024-04-01,1,4,April,Q2,2024,Monday,RDDT,"Reddit, Inc.",Internet Content & Information,Communication Services,United States of America,US,USA,Northern America,Americas,SELL
422,36,2807,4,3,18,2024-02-20,20,2,February,Q1,2024,Tuesday,TIMB,TIM S.A.,Telecom Services,Communication Services,Brazil,BR,BRA,Latin America and the Caribbean,Americas,SELL
423,144,449,4,3,18,2024-08-01,1,8,August,Q3,2024,Thursday,BRFS,BRF S.A.,Packaged Foods,Consumer Defensive,Brazil,BR,BRA,Latin America and the Caribbean,Americas,SELL
424,7,402,41,3,18,2024-01-10,10,1,January,Q1,2024,Wednesday,BKR,Baker Hughes Company,Oil & Gas Equipment & Services,Energy,United States of America,US,USA,Northern America,Americas,SELL
425,51,2236,29,3,18,2024-03-12,12,3,March,Q1,2024,Tuesday,PHVS,Pharvaris N.V.,Biotechnology,Healthcare,"Netherlands, Kingdom of the",NL,NLD,Western Europe,Europe,SELL
426,34,1482,41,1,17,2024-02-16,16,2,February,Q1,2024,Friday,INTC,Intel Corporation,Semiconductors,Technology,United States of America,US,USA,Northern America,Americas,BUY
427,154,1804,20,1,17,2024-08-16,16,8,August,Q3,2024,Friday,MDT,Medtronic plc.,Medical Devices,Healthcare,Ireland,IE,IRL,Northern Europe,Europe,BUY
428,37,1482,41,1,17,2024-02-21,21,2,February,Q1,2024,Wednesday,INTC,Intel Corporation,Semiconductors,Technology,United States of America,US,USA,Northern America,Americas,BUY
429,21,3064,41,1,17,2024-01-30,30,1,January,Q1,2024,Tuesday,WDC,Western Digital Corporation,Computer Hardware,Technology,United States of America,US,USA,Northern America,Americas,BUY
430,127,1286,17,1,17,2024-06-28,28,6,June,Q2,2024,Friday,GSL,Global Ship Lease Inc New,Marine Shipping,Industrials,Greece,GR,GRC,Southern Europe,Europe,BUY
431,104,1286,17,1,17,2024-05-28,28,5,May,Q2,2024,Tuesday,GSL,Global Ship Lease Inc New,Marine Shipping,Industrials,Greece,GR,GRC,Southern Europe,Europe,BUY
432,46,1482,41,1,17,2024-03-05,5,3,March,Q1,2024,Tuesday,INTC,Intel Corporation,Semiconductors,Technology,United States of America,US,USA,Northern America,Americas,BUY
433,47,37,20,1,17,2024-03-06,6,3,March,Q1,2024,Wednesday,ACN,Accenture plc,Information Technology Services,Technology,Ireland,IE,IRL,Northern Europe,Europe,BUY
434,100,449,4,1,17,2024-05-22,22,5,May,Q2,2024,Wednesday,BRFS,BRF S.A.,Packaged Foods,Consumer Defensive,Brazil,BR,BRA,Latin America and the Caribbean,Americas,BUY
435,37,1482,41,3,17,2024-02-21,21,2,February,Q1,2024,Wednesday,INTC,Intel Corporation,Semiconductors,Technology,United States of America,US,USA,Northern America,Americas,SELL
436,197,1002,20,3,17,2024-10-29,29,10,October,Q4,2024,Tuesday,ETN,"Eaton Corporation, PLC",Specialty Industrial Machinery,Industrials,Ireland,IE,IRL,Northern Europe,Europe,SELL
437,38,1482,41,3,17,2024-02-22,22,2,February,Q1,2024,Thursday,INTC,Intel Corporation,Semiconductors,Technology,United States of America,US,USA,Northern America,Americas,SELL
438,31,3064,41,3,17,2024-02-13,13,2,February,Q1,2024,Tuesday,WDC,Western Digital Corporation,Computer Hardware,Technology,United States of America,US,USA,Northern America,Americas,SELL
439,107,1286,17,3,17,2024-06-03,3,6,June,Q2,2024,Monday,GSL,Global Ship Lease Inc New,Marine Shipping,Industrials,Greece,GR,GRC,Southern Europe,Europe,SELL
440,47,1482,41,3,17,2024-03-06,6,3,March,Q1,2024,Wednesday,INTC,Intel Corporation,Semiconductors,Technology,United States of America,US,USA,Northern America,Americas,SELL
441,47,2236,29,3,17,2024-03-06,6,3,March,Q1,2024,Wednesday,PHVS,Pharvaris N.V.,Biotechnology,Healthcare,"Netherlands, Kingdom of the",NL,NLD,Western Europe,Europe,SELL
442,102,449,4,3,17,2024-05-24,24,5,May,Q2,2024,Friday,BRFS,BRF S.A.,Packaged Foods,Consumer Defensive,Brazil,BR,BRA,Latin America and the Caribbean,Americas,SELL
443,110,449,4,1,16,2024-06-06,6,6,June,Q2,2024,Thursday,BRFS,BRF S.A.,Packaged Foods,Consumer Defensive,Brazil,BR,BRA,Latin America and the Caribbean,Americas,BUY
444,68,2384,41,1,16,2024-04-05,5,4,April,Q2,2024,Friday,RDDT,"Reddit, Inc.",Internet Content & Information,Communication Services,United States of America,US,USA,Northern America,Americas,BUY
445,86,2704,6,1,16,2024-05-01,1,5,May,Q2,2024,Wednesday,STNE,StoneCo Ltd.,Software - Infrastructure,Technology,Cayman Islands,KY,CYM,Latin America and the Caribbean,Americas,BUY
446,75,2704,6,1,16,2024-04-16,16,4,April,Q2,2024,Tuesday,STNE,StoneCo Ltd.,Software - Infrastructure,Technology,Cayman Islands,KY,CYM,Latin America and the Caribbean,Americas,BUY
447,44,439,3,1,16,2024-03-01,1,3,March,Q1,2024,Friday,BORR,Borr Drilling Limited,Oil & Gas Drilling,Energy,Bermuda,BM,BMU,Northern America,Americas,BUY
448,104,449,4,1,16,2024-05-28,28,5,May,Q2,2024,Tuesday,BRFS,BRF S.A.,Packaged Foods,Consumer Defensive,Brazil,BR,BRA,Latin America and the Caribbean,Americas,BUY
449,48,1482,41,1,16,2024-03-07,7,3,March,Q1,2024,Thursday,INTC,Intel Corporation,Semiconductors,Technology,United States of America,US,USA,Northern America,Americas,BUY
450,56,2807,4,1,16,2024-03-19,19,3,March,Q1,2024,Tuesday,TIMB,TIM S.A.,Telecom Services,Communication Services,Brazil,BR,BRA,Latin America and the Caribbean,Americas,BUY
451,46,439,3,1,16,2024-03-05,5,3,March,Q1,2024,Tuesday,BORR,Borr Drilling Limited,Oil & Gas Drilling,Energy,Bermuda,BM,BMU,Northern America,Americas,BUY
452,20,3064,41,1,16,2024-01-29,29,1,January,Q1,2024,Monday,WDC,Western Digital Corporation,Computer Hardware,Technology,United States of America,US,USA,Northern America,Americas,BUY
453,64,1482,41,1,16,2024-04-01,1,4,April,Q2,2024,Monday,INTC,Intel Corporation,Semiconductors,Technology,United States of America,US,USA,Northern America,Americas,BUY
454,49,1482,41,1,16,2024-03-08,8,3,March,Q1,2024,Friday,INTC,Intel Corporation,Semiconductors,Technology,United States of America,US,USA,Northern America,Americas,BUY
455,112,449,4,3,16,2024-06-10,10,6,June,Q2,2024,Monday,BRFS,BRF S.A.,Packaged Foods,Consumer Defensive,Brazil,BR,BRA,Latin America and the Caribbean,Americas,SELL
456,70,2384,41,3,16,2024-04-09,9,4,April,Q2,2024,Tuesday,RDDT,"Reddit, Inc.",Internet Content & Information,Communication Services,United States of America,US,USA,Northern America,Americas,SELL
457,88,2704,6,3,16,2024-05-06,6,5,May,Q2,2024,Monday,STNE,StoneCo Ltd.,Software - Infrastructure,Technology,Cayman Islands,KY,CYM,Latin America and the Caribbean,Americas,SELL
458,88,2704,6,3,16,2024-05-06,6,5,May,Q2,2024,Monday,STNE,StoneCo Ltd.,Software - Infrastructure,Technology,Cayman Islands,KY,CYM,Latin America and the Caribbean,Americas,SELL
459,46,439,3,3,16,2024-03-05,5,3,March,Q1,2024,Tuesday,BORR,Borr Drilling Limited,Oil & Gas Drilling,Energy,Bermuda,BM,BMU,Northern America,Americas,SELL
460,106,449,4,3,16,2024-05-30,30,5,May,Q2,2024,Thursday,BRFS,BRF S.A.,Packaged Foods,Consumer Defensive,Brazil,BR,BRA,Latin America and the Caribbean,Americas,SELL
461,49,1482,41,3,16,2024-03-08,8,3,March,Q1,2024,Friday,INTC,Intel Corporation,Semiconductors,Technology,United States of America,US,USA,Northern America,Americas,SELL
462,32,207,41,3,16,2024-02-14,14,2,February,Q1,2024,Wednesday,APP,Applovin Corporation,Software - Application,Technology,United States of America,US,USA,Northern America,Americas,SELL
463,59,2807,4,3,16,2024-03-22,22,3,March,Q1,2024,Friday,TIMB,TIM S.A.,Telecom Services,Communication Services,Brazil,BR,BRA,Latin America and the Caribbean,Americas,SELL
464,53,439,3,3,16,2024-03-14,14,3,March,Q1,2024,Thursday,BORR,Borr Drilling Limited,Oil & Gas Drilling,Energy,Bermuda,BM,BMU,Northern America,Americas,SELL
465,21,3064,41,3,16,2024-01-30,30,1,January,Q1,2024,Tuesday,WDC,Western Digital Corporation,Computer Hardware,Technology,United States of America,US,USA,Northern America,Americas,SELL
466,67,1482,41,3,16,2024-04-04,4,4,April,Q2,2024,Thursday,INTC,Intel Corporation,Semiconductors,Technology,United States of America,US,USA,Northern America,Americas,SELL
467,51,1482,41,3,16,2024-03-12,12,3,March,Q1,2024,Tuesday,INTC,Intel Corporation,Semiconductors,Technology,United States of America,US,USA,Northern America,Americas,SELL
468,64,2704,6,1,15,2024-04-01,1,4,April,Q2,2024,Monday,STNE,StoneCo Ltd.,Software - Infrastructure,Technology,Cayman Islands,KY,CYM,Latin America and the Caribbean,Americas,BUY
469,69,2807,4,1,15,2024-04-08,8,4,April,Q2,2024,Monday,TIMB,TIM S.A.,Telecom Services,Communication Services,Brazil,BR,BRA,Latin America and the Caribbean,Americas,BUY
470,98,1804,20,1,15,2024-05-20,20,5,May,Q2,2024,Monday,MDT,Medtronic plc.,Medical Devices,Healthcare,Ireland,IE,IRL,Northern Europe,Europe,BUY
471,98,449,4,1,15,2024-05-20,20,5,May,Q2,2024,Monday,BRFS,BRF S.A.,Packaged Foods,Consumer Defensive,Brazil,BR,BRA,Latin America and the Caribbean,Americas,BUY
472,39,2807,4,1,15,2024-02-23,23,2,February,Q1,2024,Friday,TIMB,TIM S.A.,Telecom Services,Communication Services,Brazil,BR,BRA,Latin America and the Caribbean,Americas,BUY
473,71,2807,4,1,15,2024-04-10,10,4,April,Q2,2024,Wednesday,TIMB,TIM S.A.,Telecom Services,Communication Services,Brazil,BR,BRA,Latin America and the Caribbean,Americas,BUY
474,32,2807,4,1,15,2024-02-14,14,2,February,Q1,2024,Wednesday,TIMB,TIM S.A.,Telecom Services,Communication Services,Brazil,BR,BRA,Latin America and the Caribbean,Americas,BUY
475,39,2807,4,1,15,2024-02-23,23,2,February,Q1,2024,Friday,TIMB,TIM S.A.,Telecom Services,Communication Services,Brazil,BR,BRA,Latin America and the Caribbean,Americas,BUY
476,40,2807,4,1,15,2024-02-26,26,2,February,Q1,2024,Monday,TIMB,TIM S.A.,Telecom Services,Communication Services,Brazil,BR,BRA,Latin America and the Caribbean,Americas,BUY
477,85,449,4,1,15,2024-04-30,30,4,April,Q2,2024,Tuesday,BRFS,BRF S.A.,Packaged Foods,Consumer Defensive,Brazil,BR,BRA,Latin America and the Caribbean,Americas,BUY
478,38,439,3,1,15,2024-02-22,22,2,February,Q1,2024,Thursday,BORR,Borr Drilling Limited,Oil & Gas Drilling,Energy,Bermuda,BM,BMU,Northern America,Americas,BUY
479,70,2704,6,3,15,2024-04-09,9,4,April,Q2,2024,Tuesday,STNE,StoneCo Ltd.,Software - Infrastructure,Technology,Cayman Islands,KY,CYM,Latin America and the Caribbean,Americas,SELL
480,28,439,3,3,15,2024-02-08,8,2,February,Q1,2024,Thursday,BORR,Borr Drilling Limited,Oil & Gas Drilling,Energy,Bermuda,BM,BMU,Northern America,Americas,SELL
481,70,2807,4,3,15,2024-04-09,9,4,April,Q2,2024,Tuesday,TIMB,TIM S.A.,Telecom Services,Communication Services,Brazil,BR,BRA,Latin America and the Caribbean,Americas,SELL
482,102,449,4,3,15,2024-05-24,24,5,May,Q2,2024,Friday,BRFS,BRF S.A.,Packaged Foods,Consumer Defensive,Brazil,BR,BRA,Latin America and the Caribbean,Americas,SELL
483,39,2807,4,3,15,2024-02-23,23,2,February,Q1,2024,Friday,TIMB,TIM S.A.,Telecom Services,Communication Services,Brazil,BR,BRA,Latin America and the Caribbean,Americas,SELL
484,73,2807,4,3,15,2024-04-12,12,4,April,Q2,2024,Friday,TIMB,TIM S.A.,Telecom Services,Communication Services,Brazil,BR,BRA,Latin America and the Caribbean,Americas,SELL
485,32,2807,4,3,15,2024-02-14,14,2,February,Q1,2024,Wednesday,TIMB,TIM S.A.,Telecom Services,Communication Services,Brazil,BR,BRA,Latin America and the Caribbean,Americas,SELL
486,40,2807,4,3,15,2024-02-26,26,2,February,Q1,2024,Monday,TIMB,TIM S.A.,Telecom Services,Communication Services,Brazil,BR,BRA,Latin America and the Caribbean,Americas,SELL
487,40,2807,4,3,15,2024-02-26,26,2,February,Q1,2024,Monday,TIMB,TIM S.A.,Telecom Services,Communication Services,Brazil,BR,BRA,Latin America and the Caribbean,Americas,SELL
488,89,449,4,3,15,2024-05-07,7,5,May,Q2,2024,Tuesday,BRFS,BRF S.A.,Packaged Foods,Consumer Defensive,Brazil,BR,BRA,Latin America and the Caribbean,Americas,SELL
489,44,439,3,3,15,2024-03-01,1,3,March,Q1,2024,Friday,BORR,Borr Drilling Limited,Oil & Gas Drilling,Energy,Bermuda,BM,BMU,Northern America,Americas,SELL
490,68,2807,4,1,14,2024-04-05,5,4,April,Q2,2024,Friday,TIMB,TIM S.A.,Telecom Services,Communication Services,Brazil,BR,BRA,Latin America and the Caribbean,Americas,BUY
491,41,2807,4,1,14,2024-02-27,27,2,February,Q1,2024,Tuesday,TIMB,TIM S.A.,Telecom Services,Communication Services,Brazil,BR,BRA,Latin America and the Caribbean,Americas,BUY
492,4,402,41,1,14,2024-01-05,5,1,January,Q1,2024,Friday,BKR,Baker Hughes Company,Oil & Gas Equipment & Services,Energy,United States of America,US,USA,Northern America,Americas,BUY
493,198,1359,8,1,14,2024-10-30,30,10,October,Q4,2024,Wednesday,HNGZY,HANGZHOU TIGERMED CONSULTING CO,Diagnostics & Research,Healthcare,China,CN,CHN,Eastern Asia,Asia,BUY
494,68,2807,4,3,14,2024-04-05,5,4,April,Q2,2024,Friday,TIMB,TIM S.A.,Telecom Services,Communication Services,Brazil,BR,BRA,Latin America and the Caribbean,Americas,SELL
495,41,2807,4,3,14,2024-02-27,27,2,February,Q1,2024,Tuesday,TIMB,TIM S.A.,Telecom Services,Communication Services,Brazil,BR,BRA,Latin America and the Caribbean,Americas,SELL
496,5,402,41,3,14,2024-01-08,8,1,January,Q1,2024,Monday,BKR,Baker Hughes Company,Oil & Gas Equipment & Services,Energy,United States of America,US,USA,Northern America,Americas,SELL
497,198,934,8,3,14,2024-10-30,30,10,October,Q4,2024,Wednesday,EH,EHang Holdings Limited,Aerospace & Defense,Industrials,China,CN,CHN,Eastern Asia,Asia,SELL
498,31,2764,41,1,13,2024-02-13,13,2,February,Q1,2024,Tuesday,TDC,Teradata Corporation,Software - Infrastructure,Technology,United States of America,US,USA,Northern America,Americas,BUY
499,92,449,4,1,13,2024-05-10,10,5,May,Q2,2024,Friday,BRFS,BRF S.A.,Packaged Foods,Consumer Defensive,Brazil,BR,BRA,Latin America and the Caribbean,Americas,BUY
500,32,2764,41,1,13,2024-02-14,14,2,February,Q1,2024,Wednesday,TDC,Teradata Corporation,Software - Infrastructure,Technology,United States of America,US,USA,Northern America,Americas,BUY
501,67,2807,4,1,13,2024-04-04,4,4,April,Q2,2024,Thursday,TIMB,TIM S.A.,Telecom Services,Communication Services,Brazil,BR,BRA,Latin America and the Caribbean,Americas,BUY
502,80,2807,4,1,13,2024-04-23,23,4,April,Q2,2024,Tuesday,TIMB,TIM S.A.,Telecom Services,Communication Services,Brazil,BR,BRA,Latin America and the Caribbean,Americas,BUY
503,46,2807,4,1,13,2024-03-05,5,3,March,Q1,2024,Tuesday,TIMB,TIM S.A.,Telecom Services,Communication Services,Brazil,BR,BRA,Latin America and the Caribbean,Americas,BUY
504,47,2807,4,1,13,2024-03-06,6,3,March,Q1,2024,Wednesday,TIMB,TIM S.A.,Telecom Services,Communication Services,Brazil,BR,BRA,Latin America and the Caribbean,Americas,BUY
505,83,449,4,1,13,2024-04-26,26,4,April,Q2,2024,Friday,BRFS,BRF S.A.,Packaged Foods,Consumer Defensive,Brazil,BR,BRA,Latin America and the Caribbean,Americas,BUY
506,91,449,4,1,13,2024-05-09,9,5,May,Q2,2024,Thursday,BRFS,BRF S.A.,Packaged Foods,Consumer Defensive,Brazil,BR,BRA,Latin America and the Caribbean,Americas,BUY
507,53,2807,4,1,13,2024-03-14,14,3,March,Q1,2024,Thursday,TIMB,TIM S.A.,Telecom Services,Communication Services,Brazil,BR,BRA,Latin America and the Caribbean,Americas,BUY
508,32,2764,41,3,13,2024-02-14,14,2,February,Q1,2024,Wednesday,TDC,Teradata Corporation,Software - Infrastructure,Technology,United States of America,US,USA,Northern America,Americas,SELL
509,140,449,4,3,13,2024-07-24,24,7,July,Q3,2024,Wednesday,BRFS,BRF S.A.,Packaged Foods,Consumer Defensive,Brazil,BR,BRA,Latin America and the Caribbean,Americas,SELL
510,48,2764,41,3,13,2024-03-07,7,3,March,Q1,2024,Thursday,TDC,Teradata Corporation,Software - Infrastructure,Technology,United States of America,US,USA,Northern America,Americas,SELL
511,67,2807,4,3,13,2024-04-04,4,4,April,Q2,2024,Thursday,TIMB,TIM S.A.,Telecom Services,Communication Services,Brazil,BR,BRA,Latin America and the Caribbean,Americas,SELL
512,80,2807,4,3,13,2024-04-23,23,4,April,Q2,2024,Tuesday,TIMB,TIM S.A.,Telecom Services,Communication Services,Brazil,BR,BRA,Latin America and the Caribbean,Americas,SELL
513,47,2807,4,3,13,2024-03-06,6,3,March,Q1,2024,Wednesday,TIMB,TIM S.A.,Telecom Services,Communication Services,Brazil,BR,BRA,Latin America and the Caribbean,Americas,SELL
514,50,2807,4,3,13,2024-03-11,11,3,March,Q1,2024,Monday,TIMB,TIM S.A.,Telecom Services,Communication Services,Brazil,BR,BRA,Latin America and the Caribbean,Americas,SELL
515,89,449,4,3,13,2024-05-07,7,5,May,Q2,2024,Tuesday,BRFS,BRF S.A.,Packaged Foods,Consumer Defensive,Brazil,BR,BRA,Latin America and the Caribbean,Americas,SELL
516,91,449,4,3,13,2024-05-09,9,5,May,Q2,2024,Thursday,BRFS,BRF S.A.,Packaged Foods,Consumer Defensive,Brazil,BR,BRA,Latin America and the Caribbean,Americas,SELL
517,54,2807,4,3,13,2024-03-15,15,3,March,Q1,2024,Friday,TIMB,TIM S.A.,Telecom Services,Communication Services,Brazil,BR,BRA,Latin America and the Caribbean,Americas,SELL
518,44,2807,4,1,12,2024-03-01,1,3,March,Q1,2024,Friday,TIMB,TIM S.A.,Telecom Services,Communication Services,Brazil,BR,BRA,Latin America and the Caribbean,Americas,BUY
519,14,207,41,1,12,2024-01-19,19,1,January,Q1,2024,Friday,APP,Applovin Corporation,Software - Application,Technology,United States of America,US,USA,Northern America,Americas,BUY
520,9,207,41,1,12,2024-01-12,12,1,January,Q1,2024,Friday,APP,Applovin Corporation,Software - Application,Technology,United States of America,US,USA,Northern America,Americas,BUY
521,89,449,4,1,12,2024-05-07,7,5,May,Q2,2024,Tuesday,BRFS,BRF S.A.,Packaged Foods,Consumer Defensive,Brazil,BR,BRA,Latin America and the Caribbean,Americas,BUY
522,76,2384,41,1,12,2024-04-17,17,4,April,Q2,2024,Wednesday,RDDT,"Reddit, Inc.",Internet Content & Information,Communication Services,United States of America,US,USA,Northern America,Americas,BUY
523,44,2807,4,3,12,2024-03-01,1,3,March,Q1,2024,Friday,TIMB,TIM S.A.,Telecom Services,Communication Services,Brazil,BR,BRA,Latin America and the Caribbean,Americas,SELL
524,16,207,41,3,12,2024-01-23,23,1,January,Q1,2024,Tuesday,APP,Applovin Corporation,Software - Application,Technology,United States of America,US,USA,Northern America,Americas,SELL
525,12,207,41,3,12,2024-01-17,17,1,January,Q1,2024,Wednesday,APP,Applovin Corporation,Software - Application,Technology,United States of America,US,USA,Northern America,Americas,SELL
526,140,449,4,3,12,2024-07-24,24,7,July,Q3,2024,Wednesday,BRFS,BRF S.A.,Packaged Foods,Consumer Defensive,Brazil,BR,BRA,Latin America and the Caribbean,Americas,SELL
527,78,2384,41,3,12,2024-04-19,19,4,April,Q2,2024,Friday,RDDT,"Reddit, Inc.",Internet Content & Information,Communication Services,United States of America,US,USA,Northern America,Americas,SELL
528,90,1240,41,1,11,2024-05-08,8,5,May,Q2,2024,Wednesday,GM,General Motors Company,Auto Manufacturers,Consumer Cyclical,United States of America,US,USA,Northern America,Americas,BUY
529,64,37,20,1,11,2024-04-01,1,4,April,Q2,2024,Monday,ACN,Accenture plc,Information Technology Services,Technology,Ireland,IE,IRL,Northern Europe,Europe,BUY
530,85,2384,41,1,11,2024-04-30,30,4,April,Q2,2024,Tuesday,RDDT,"Reddit, Inc.",Internet Content & Information,Communication Services,United States of America,US,USA,Northern America,Americas,BUY
531,183,1359,8,1,11,2024-10-08,8,10,October,Q4,2024,Tuesday,HNGZY,HANGZHOU TIGERMED CONSULTING CO,Diagnostics & Research,Healthcare,China,CN,CHN,Eastern Asia,Asia,BUY
532,78,227,40,1,11,2024-04-19,19,4,April,Q2,2024,Friday,ARM,Arm Holdings plc,Semiconductors,Technology,United Kingdom of Great Britain and Northern Ireland,GB,GBR,Northern Europe,Europe,BUY
533,71,2384,41,1,11,2024-04-10,10,4,April,Q2,2024,Wednesday,RDDT,"Reddit, Inc.",Internet Content & Information,Communication Services,United States of America,US,USA,Northern America,Americas,BUY
534,229,1980,8,1,11,2024-12-23,23,12,December,Q4,2024,Monday,NIO,NIO Inc.,Auto Manufacturers,Consumer Cyclical,China,CN,CHN,Eastern Asia,Asia,BUY
535,104,1240,41,1,11,2024-05-28,28,5,May,Q2,2024,Tuesday,GM,General Motors Company,Auto Manufacturers,Consumer Cyclical,United States of America,US,USA,Northern America,Americas,BUY
536,54,2807,4,1,11,2024-03-15,15,3,March,Q1,2024,Friday,TIMB,TIM S.A.,Telecom Services,Communication Services,Brazil,BR,BRA,Latin America and the Caribbean,Americas,BUY
537,13,207,41,1,11,2024-01-18,18,1,January,Q1,2024,Thursday,APP,Applovin Corporation,Software - Application,Technology,United States of America,US,USA,Northern America,Americas,BUY
538,113,1240,41,3,11,2024-06-11,11,6,June,Q2,2024,Tuesday,GM,General Motors Company,Auto Manufacturers,Consumer Cyclical,United States of America,US,USA,Northern America,Americas,SELL
539,67,2236,29,3,11,2024-04-04,4,4,April,Q2,2024,Thursday,PHVS,Pharvaris N.V.,Biotechnology,Healthcare,"Netherlands, Kingdom of the",NL,NLD,Western Europe,Europe,SELL
540,87,2384,41,3,11,2024-05-02,2,5,May,Q2,2024,Thursday,RDDT,"Reddit, Inc.",Internet Content & Information,Communication Services,United States of America,US,USA,Northern America,Americas,SELL
541,184,934,8,3,11,2024-10-09,9,10,October,Q4,2024,Wednesday,EH,EHang Holdings Limited,Aerospace & Defense,Industrials,China,CN,CHN,Eastern Asia,Asia,SELL
542,79,227,40,3,11,2024-04-22,22,4,April,Q2,2024,Monday,ARM,Arm Holdings plc,Semiconductors,Technology,United Kingdom of Great Britain and Northern Ireland,GB,GBR,Northern Europe,Europe,SELL
543,76,2384,41,3,11,2024-04-17,17,4,April,Q2,2024,Wednesday,RDDT,"Reddit, Inc.",Internet Content & Information,Communication Services,United States of America,US,USA,Northern America,Americas,SELL
544,229,1980,8,3,11,2024-12-23,23,12,December,Q4,2024,Monday,NIO,NIO Inc.,Auto Manufacturers,Consumer Cyclical,China,CN,CHN,Eastern Asia,Asia,SELL
545,113,1240,41,3,11,2024-06-11,11,6,June,Q2,2024,Tuesday,GM,General Motors Company,Auto Manufacturers,Consumer Cyclical,United States of America,US,USA,Northern America,Americas,SELL
546,54,2807,4,3,11,2024-03-15,15,3,March,Q1,2024,Friday,TIMB,TIM S.A.,Telecom Services,Communication Services,Brazil,BR,BRA,Latin America and the Caribbean,Americas,SELL
547,14,207,41,3,11,2024-01-19,19,1,January,Q1,2024,Friday,APP,Applovin Corporation,Software - Application,Technology,United States of America,US,USA,Northern America,Americas,SELL
548,148,2384,41,1,10,2024-08-07,7,8,August,Q3,2024,Wednesday,RDDT,"Reddit, Inc.",Internet Content & Information,Communication Services,United States of America,US,USA,Northern America,Americas,BUY
549,189,1359,8,1,10,2024-10-16,16,10,October,Q4,2024,Wednesday,HNGZY,HANGZHOU TIGERMED CONSULTING CO,Diagnostics & Research,Healthcare,China,CN,CHN,Eastern Asia,Asia,BUY
550,212,177,41,1,10,2024-11-21,21,11,November,Q4,2024,Thursday,AMZN,"Amazon.com, Inc.",Internet Retail,Consumer Cyclical,United States of America,US,USA,Northern America,Americas,BUY
551,33,737,41,1,10,2024-02-15,15,2,February,Q1,2024,Thursday,CSCO,"Cisco Systems, Inc.",Communication Equipment,Technology,United States of America,US,USA,Northern America,Americas,BUY
552,31,227,40,1,10,2024-02-13,13,2,February,Q1,2024,Tuesday,ARM,Arm Holdings plc,Semiconductors,Technology,United Kingdom of Great Britain and Northern Ireland,GB,GBR,Northern Europe,Europe,BUY
553,58,2384,41,1,10,2024-03-21,21,3,March,Q1,2024,Thursday,RDDT,"Reddit, Inc.",Internet Content & Information,Communication Services,United States of America,US,USA,Northern America,Americas,BUY
554,89,2384,41,1,10,2024-05-07,7,5,May,Q2,2024,Tuesday,RDDT,"Reddit, Inc.",Internet Content & Information,Communication Services,United States of America,US,USA,Northern America,Americas,BUY
555,66,2384,41,1,10,2024-04-03,3,4,April,Q2,2024,Wednesday,RDDT,"Reddit, Inc.",Internet Content & Information,Communication Services,United States of America,US,USA,Northern America,Americas,BUY
556,65,2384,41,1,10,2024-04-02,2,4,April,Q2,2024,Tuesday,RDDT,"Reddit, Inc.",Internet Content & Information,Communication Services,United States of America,US,USA,Northern America,Americas,BUY
557,193,1359,8,1,10,2024-10-22,22,10,October,Q4,2024,Tuesday,HNGZY,HANGZHOU TIGERMED CONSULTING CO,Diagnostics & Research,Healthcare,China,CN,CHN,Eastern Asia,Asia,BUY
558,185,1359,8,1,10,2024-10-10,10,10,October,Q4,2024,Thursday,HNGZY,HANGZHOU TIGERMED CONSULTING CO,Diagnostics & Research,Healthcare,China,CN,CHN,Eastern Asia,Asia,BUY
559,29,207,41,1,10,2024-02-09,9,2,February,Q1,2024,Friday,APP,Applovin Corporation,Software - Application,Technology,United States of America,US,USA,Northern America,Americas,BUY
560,150,2384,41,3,10,2024-08-09,9,8,August,Q3,2024,Friday,RDDT,"Reddit, Inc.",Internet Content & Information,Communication Services,United States of America,US,USA,Northern America,Americas,SELL
561,191,934,8,3,10,2024-10-18,18,10,October,Q4,2024,Friday,EH,EHang Holdings Limited,Aerospace & Defense,Industrials,China,CN,CHN,Eastern Asia,Asia,SELL
562,1,505,5,3,10,2024-01-02,2,1,January,Q1,2024,Tuesday,CAE,CAE Inc.,Aerospace & Defense,Industrials,Canada,CA,CAN,Northern America,Americas,SELL
563,215,177,41,3,10,2024-12-02,2,12,December,Q4,2024,Monday,AMZN,"Amazon.com, Inc.",Internet Retail,Consumer Cyclical,United States of America,US,USA,Northern America,Americas,SELL
564,53,737,41,3,10,2024-03-14,14,3,March,Q1,2024,Thursday,CSCO,"Cisco Systems, Inc.",Communication Equipment,Technology,United States of America,US,USA,Northern America,Americas,SELL
565,32,227,40,3,10,2024-02-14,14,2,February,Q1,2024,Wednesday,ARM,Arm Holdings plc,Semiconductors,Technology,United Kingdom of Great Britain and Northern Ireland,GB,GBR,Northern Europe,Europe,SELL
566,58,2384,41,3,10,2024-03-21,21,3,March,Q1,2024,Thursday,RDDT,"Reddit, Inc.",Internet Content & Information,Communication Services,United States of America,US,USA,Northern America,Americas,SELL
567,90,2384,41,3,10,2024-05-08,8,5,May,Q2,2024,Wednesday,RDDT,"Reddit, Inc.",Internet Content & Information,Communication Services,United States of America,US,USA,Northern America,Americas,SELL
568,67,2384,41,3,10,2024-04-04,4,4,April,Q2,2024,Thursday,RDDT,"Reddit, Inc.",Internet Content & Information,Communication Services,United States of America,US,USA,Northern America,Americas,SELL
569,66,2384,41,3,10,2024-04-03,3,4,April,Q2,2024,Wednesday,RDDT,"Reddit, Inc.",Internet Content & Information,Communication Services,United States of America,US,USA,Northern America,Americas,SELL
570,32,207,41,3,10,2024-02-14,14,2,February,Q1,2024,Wednesday,APP,Applovin Corporation,Software - Application,Technology,United States of America,US,USA,Northern America,Americas,SELL
571,194,934,8,3,10,2024-10-23,23,10,October,Q4,2024,Wednesday,EH,EHang Holdings Limited,Aerospace & Defense,Industrials,China,CN,CHN,Eastern Asia,Asia,SELL
572,186,934,8,3,10,2024-10-11,11,10,October,Q4,2024,Friday,EH,EHang Holdings Limited,Aerospace & Defense,Industrials,China,CN,CHN,Eastern Asia,Asia,SELL
573,30,207,41,3,10,2024-02-12,12,2,February,Q1,2024,Monday,APP,Applovin Corporation,Software - Application,Technology,United States of America,US,USA,Northern America,Americas,SELL
574,154,2384,41,1,9,2024-08-16,16,8,August,Q3,2024,Friday,RDDT,"Reddit, Inc.",Internet Content & Information,Communication Services,United States of America,US,USA,Northern America,Americas,BUY
575,29,2870,37,1,9,2024-02-09,9,2,February,Q1,2024,Friday,TSM,Taiwan Semiconductor Manufactur,Semiconductors,Technology,"Taiwan, Province of China",TW,TWN,,,BUY
576,70,3159,41,1,9,2024-04-09,9,4,April,Q2,2024,Tuesday,XYZ,"Block, Inc.",Software - Infrastructure,Technology,United States of America,US,USA,Northern America,Americas,BUY
577,108,2384,41,1,9,2024-06-04,4,6,June,Q2,2024,Tuesday,RDDT,"Reddit, Inc.",Internet Content & Information,Communication Services,United States of America,US,USA,Northern America,Americas,BUY
578,31,1958,41,1,9,2024-02-13,13,2,February,Q1,2024,Tuesday,NEE,"NextEra Energy, Inc.",Utilities - Regulated Electric,Utilities,United States of America,US,USA,Northern America,Americas,BUY
579,29,2870,37,1,9,2024-02-09,9,2,February,Q1,2024,Friday,TSM,Taiwan Semiconductor Manufactur,Semiconductors,Technology,"Taiwan, Province of China",TW,TWN,,,BUY
580,90,2903,41,1,9,2024-05-08,8,5,May,Q2,2024,Wednesday,UAL,"United Airlines Holdings, Inc.",Airlines,Industrials,United States of America,US,USA,Northern America,Americas,BUY
581,65,3159,41,1,9,2024-04-02,2,4,April,Q2,2024,Tuesday,XYZ,"Block, Inc.",Software - Infrastructure,Technology,United States of America,US,USA,Northern America,Americas,BUY
582,31,227,40,1,9,2024-02-13,13,2,February,Q1,2024,Tuesday,ARM,Arm Holdings plc,Semiconductors,Technology,United Kingdom of Great Britain and Northern Ireland,GB,GBR,Northern Europe,Europe,BUY
583,61,2807,4,1,9,2024-03-26,26,3,March,Q1,2024,Tuesday,TIMB,TIM S.A.,Telecom Services,Communication Services,Brazil,BR,BRA,Latin America and the Caribbean,Americas,BUY
584,66,2384,41,1,9,2024-04-03,3,4,April,Q2,2024,Wednesday,RDDT,"Reddit, Inc.",Internet Content & Information,Communication Services,United States of America,US,USA,Northern America,Americas,BUY
585,208,177,41,1,9,2024-11-15,15,11,November,Q4,2024,Friday,AMZN,"Amazon.com, Inc.",Internet Retail,Consumer Cyclical,United States of America,US,USA,Northern America,Americas,BUY
586,68,3159,41,1,9,2024-04-05,5,4,April,Q2,2024,Friday,XYZ,"Block, Inc.",Software - Infrastructure,Technology,United States of America,US,USA,Northern America,Americas,BUY
587,169,2384,41,3,9,2024-09-13,13,9,September,Q3,2024,Friday,RDDT,"Reddit, Inc.",Internet Content & Information,Communication Services,United States of America,US,USA,Northern America,Americas,SELL
588,30,2870,37,3,9,2024-02-12,12,2,February,Q1,2024,Monday,TSM,Taiwan Semiconductor Manufactur,Semiconductors,Technology,"Taiwan, Province of China",TW,TWN,,,SELL
589,74,3159,41,3,9,2024-04-15,15,4,April,Q2,2024,Monday,XYZ,"Block, Inc.",Software - Infrastructure,Technology,United States of America,US,USA,Northern America,Americas,SELL
590,109,2384,41,3,9,2024-06-05,5,6,June,Q2,2024,Wednesday,RDDT,"Reddit, Inc.",Internet Content & Information,Communication Services,United States of America,US,USA,Northern America,Americas,SELL
591,33,1958,41,3,9,2024-02-15,15,2,February,Q1,2024,Thursday,NEE,"NextEra Energy, Inc.",Utilities - Regulated Electric,Utilities,United States of America,US,USA,Northern America,Americas,SELL
592,30,2870,37,3,9,2024-02-12,12,2,February,Q1,2024,Monday,TSM,Taiwan Semiconductor Manufactur,Semiconductors,Technology,"Taiwan, Province of China",TW,TWN,,,SELL
593,98,2903,41,3,9,2024-05-20,20,5,May,Q2,2024,Monday,UAL,"United Airlines Holdings, Inc.",Airlines,Industrials,United States of America,US,USA,Northern America,Americas,SELL
594,67,3159,41,3,9,2024-04-04,4,4,April,Q2,2024,Thursday,XYZ,"Block, Inc.",Software - Infrastructure,Technology,United States of America,US,USA,Northern America,Americas,SELL
595,31,227,40,3,9,2024-02-13,13,2,February,Q1,2024,Tuesday,ARM,Arm Holdings plc,Semiconductors,Technology,United Kingdom of Great Britain and Northern Ireland,GB,GBR,Northern Europe,Europe,SELL
596,62,2807,4,3,9,2024-03-27,27,3,March,Q1,2024,Wednesday,TIMB,TIM S.A.,Telecom Services,Communication Services,Brazil,BR,BRA,Latin America and the Caribbean,Americas,SELL
597,66,2384,41,3,9,2024-04-03,3,4,April,Q2,2024,Wednesday,RDDT,"Reddit, Inc.",Internet Content & Information,Communication Services,United States of America,US,USA,Northern America,Americas,SELL
598,212,177,41,3,9,2024-11-21,21,11,November,Q4,2024,Thursday,AMZN,"Amazon.com, Inc.",Internet Retail,Consumer Cyclical,United States of America,US,USA,Northern America,Americas,SELL
599,70,3159,41,3,9,2024-04-09,9,4,April,Q2,2024,Tuesday,XYZ,"Block, Inc.",Software - Infrastructure,Technology,United States of America,US,USA,Northern America,Americas,SELL
600,17,2870,37,1,8,2024-01-24,24,1,January,Q1,2024,Wednesday,TSM,Taiwan Semiconductor Manufactur,Semiconductors,Technology,"Taiwan, Province of China",TW,TWN,,,BUY
601,29,227,40,1,8,2024-02-09,9,2,February,Q1,2024,Friday,ARM,Arm Holdings plc,Semiconductors,Technology,United Kingdom of Great Britain and Northern Ireland,GB,GBR,Northern Europe,Europe,BUY
602,37,227,40,1,8,2024-02-21,21,2,February,Q1,2024,Wednesday,ARM,Arm Holdings plc,Semiconductors,Technology,United Kingdom of Great Britain and Northern Ireland,GB,GBR,Northern Europe,Europe,BUY
603,8,1958,41,1,8,2024-01-11,11,1,January,Q1,2024,Thursday,NEE,"NextEra Energy, Inc.",Utilities - Regulated Electric,Utilities,United States of America,US,USA,Northern America,Americas,BUY
604,38,227,40,1,8,2024-02-22,22,2,February,Q1,2024,Thursday,ARM,Arm Holdings plc,Semiconductors,Technology,United Kingdom of Great Britain and Northern Ireland,GB,GBR,Northern Europe,Europe,BUY
605,36,227,40,1,8,2024-02-20,20,2,February,Q1,2024,Tuesday,ARM,Arm Holdings plc,Semiconductors,Technology,United Kingdom of Great Britain and Northern Ireland,GB,GBR,Northern Europe,Europe,BUY
606,37,227,40,1,8,2024-02-21,21,2,February,Q1,2024,Wednesday,ARM,Arm Holdings plc,Semiconductors,Technology,United Kingdom of Great Britain and Northern Ireland,GB,GBR,Northern Europe,Europe,BUY
607,207,1258,41,1,8,2024-11-14,14,11,November,Q4,2024,Thursday,GOOG,Alphabet Inc.,Internet Content & Information,Communication Services,United States of America,US,USA,Northern America,Americas,BUY
608,17,3064,41,1,8,2024-01-24,24,1,January,Q1,2024,Wednesday,WDC,Western Digital Corporation,Computer Hardware,Technology,United States of America,US,USA,Northern America,Americas,BUY
609,98,2384,41,1,8,2024-05-20,20,5,May,Q2,2024,Monday,RDDT,"Reddit, Inc.",Internet Content & Information,Communication Services,United States of America,US,USA,Northern America,Americas,BUY
610,95,2384,41,1,8,2024-05-15,15,5,May,Q2,2024,Wednesday,RDDT,"Reddit, Inc.",Internet Content & Information,Communication Services,United States of America,US,USA,Northern America,Americas,BUY
611,17,2870,37,1,8,2024-01-24,24,1,January,Q1,2024,Wednesday,TSM,Taiwan Semiconductor Manufactur,Semiconductors,Technology,"Taiwan, Province of China",TW,TWN,,,BUY
612,21,151,41,1,8,2024-01-30,30,1,January,Q1,2024,Tuesday,AMD,"Advanced Micro Devices, Inc.",Semiconductors,Technology,United States of America,US,USA,Northern America,Americas,BUY
613,22,2870,37,1,8,2024-01-31,31,1,January,Q1,2024,Wednesday,TSM,Taiwan Semiconductor Manufactur,Semiconductors,Technology,"Taiwan, Province of China",TW,TWN,,,BUY
614,33,207,41,1,8,2024-02-15,15,2,February,Q1,2024,Thursday,APP,Applovin Corporation,Software - Application,Technology,United States of America,US,USA,Northern America,Americas,BUY
615,30,227,40,1,8,2024-02-12,12,2,February,Q1,2024,Monday,ARM,Arm Holdings plc,Semiconductors,Technology,United Kingdom of Great Britain and Northern Ireland,GB,GBR,Northern Europe,Europe,BUY
616,61,3159,41,1,8,2024-03-26,26,3,March,Q1,2024,Tuesday,XYZ,"Block, Inc.",Software - Infrastructure,Technology,United States of America,US,USA,Northern America,Americas,BUY
617,22,151,41,1,8,2024-01-31,31,1,January,Q1,2024,Wednesday,AMD,"Advanced Micro Devices, Inc.",Semiconductors,Technology,United States of America,US,USA,Northern America,Americas,BUY
618,22,2870,37,3,8,2024-01-31,31,1,January,Q1,2024,Wednesday,TSM,Taiwan Semiconductor Manufactur,Semiconductors,Technology,"Taiwan, Province of China",TW,TWN,,,SELL
619,30,227,40,3,8,2024-02-12,12,2,February,Q1,2024,Monday,ARM,Arm Holdings plc,Semiconductors,Technology,United Kingdom of Great Britain and Northern Ireland,GB,GBR,Northern Europe,Europe,SELL
620,38,227,40,3,8,2024-02-22,22,2,February,Q1,2024,Thursday,ARM,Arm Holdings plc,Semiconductors,Technology,United Kingdom of Great Britain and Northern Ireland,GB,GBR,Northern Europe,Europe,SELL
621,12,1958,41,3,8,2024-01-17,17,1,January,Q1,2024,Wednesday,NEE,"NextEra Energy, Inc.",Utilities - Regulated Electric,Utilities,United States of America,US,USA,Northern America,Americas,SELL
622,38,227,40,3,8,2024-02-22,22,2,February,Q1,2024,Thursday,ARM,Arm Holdings plc,Semiconductors,Technology,United Kingdom of Great Britain and Northern Ireland,GB,GBR,Northern Europe,Europe,SELL
623,37,227,40,3,8,2024-02-21,21,2,February,Q1,2024,Wednesday,ARM,Arm Holdings plc,Semiconductors,Technology,United Kingdom of Great Britain and Northern Ireland,GB,GBR,Northern Europe,Europe,SELL
624,37,227,40,3,8,2024-02-21,21,2,February,Q1,2024,Wednesday,ARM,Arm Holdings plc,Semiconductors,Technology,United Kingdom of Great Britain and Northern Ireland,GB,GBR,Northern Europe,Europe,SELL
625,208,1258,41,3,8,2024-11-15,15,11,November,Q4,2024,Friday,GOOG,Alphabet Inc.,Internet Content & Information,Communication Services,United States of America,US,USA,Northern America,Americas,SELL
626,19,3064,41,3,8,2024-01-26,26,1,January,Q1,2024,Friday,WDC,Western Digital Corporation,Computer Hardware,Technology,United States of America,US,USA,Northern America,Americas,SELL
627,99,2384,41,3,8,2024-05-21,21,5,May,Q2,2024,Tuesday,RDDT,"Reddit, Inc.",Internet Content & Information,Communication Services,United States of America,US,USA,Northern America,Americas,SELL
628,96,2384,41,3,8,2024-05-16,16,5,May,Q2,2024,Thursday,RDDT,"Reddit, Inc.",Internet Content & Information,Communication Services,United States of America,US,USA,Northern America,Americas,SELL
629,17,2870,37,3,8,2024-01-24,24,1,January,Q1,2024,Wednesday,TSM,Taiwan Semiconductor Manufactur,Semiconductors,Technology,"Taiwan, Province of China",TW,TWN,,,SELL
630,22,151,41,3,8,2024-01-31,31,1,January,Q1,2024,Wednesday,AMD,"Advanced Micro Devices, Inc.",Semiconductors,Technology,United States of America,US,USA,Northern America,Americas,SELL
631,29,2870,37,3,8,2024-02-09,9,2,February,Q1,2024,Friday,TSM,Taiwan Semiconductor Manufactur,Semiconductors,Technology,"Taiwan, Province of China",TW,TWN,,,SELL
632,33,207,41,3,8,2024-02-15,15,2,February,Q1,2024,Thursday,APP,Applovin Corporation,Software - Application,Technology,United States of America,US,USA,Northern America,Americas,SELL
633,30,227,40,3,8,2024-02-12,12,2,February,Q1,2024,Monday,ARM,Arm Holdings plc,Semiconductors,Technology,United Kingdom of Great Britain and Northern Ireland,GB,GBR,Northern Europe,Europe,SELL
634,65,3159,41,3,8,2024-04-02,2,4,April,Q2,2024,Tuesday,XYZ,"Block, Inc.",Software - Infrastructure,Technology,United States of America,US,USA,Northern America,Americas,SELL
635,25,151,41,3,8,2024-02-05,5,2,February,Q1,2024,Monday,AMD,"Advanced Micro Devices, Inc.",Semiconductors,Technology,United States of America,US,USA,Northern America,Americas,SELL
636,52,227,40,1,7,2024-03-13,13,3,March,Q1,2024,Wednesday,ARM,Arm Holdings plc,Semiconductors,Technology,United Kingdom of Great Britain and Northern Ireland,GB,GBR,Northern Europe,Europe,BUY
637,41,227,40,1,7,2024-02-27,27,2,February,Q1,2024,Tuesday,ARM,Arm Holdings plc,Semiconductors,Technology,United Kingdom of Great Britain and Northern Ireland,GB,GBR,Northern Europe,Europe,BUY
638,61,2384,41,1,7,2024-03-26,26,3,March,Q1,2024,Tuesday,RDDT,"Reddit, Inc.",Internet Content & Information,Communication Services,United States of America,US,USA,Northern America,Americas,BUY
639,37,207,41,1,7,2024-02-21,21,2,February,Q1,2024,Wednesday,APP,Applovin Corporation,Software - Application,Technology,United States of America,US,USA,Northern America,Americas,BUY
640,31,227,40,1,7,2024-02-13,13,2,February,Q1,2024,Tuesday,ARM,Arm Holdings plc,Semiconductors,Technology,United Kingdom of Great Britain and Northern Ireland,GB,GBR,Northern Europe,Europe,BUY
641,27,151,41,1,7,2024-02-07,7,2,February,Q1,2024,Wednesday,AMD,"Advanced Micro Devices, Inc.",Semiconductors,Technology,United States of America,US,USA,Northern America,Americas,BUY
642,46,2870,37,1,7,2024-03-05,5,3,March,Q1,2024,Tuesday,TSM,Taiwan Semiconductor Manufactur,Semiconductors,Technology,"Taiwan, Province of China",TW,TWN,,,BUY
643,51,227,40,1,7,2024-03-12,12,3,March,Q1,2024,Tuesday,ARM,Arm Holdings plc,Semiconductors,Technology,United Kingdom of Great Britain and Northern Ireland,GB,GBR,Northern Europe,Europe,BUY
644,47,2870,37,1,7,2024-03-06,6,3,March,Q1,2024,Wednesday,TSM,Taiwan Semiconductor Manufactur,Semiconductors,Technology,"Taiwan, Province of China",TW,TWN,,,BUY
645,54,1258,41,1,7,2024-03-15,15,3,March,Q1,2024,Friday,GOOG,Alphabet Inc.,Internet Content & Information,Communication Services,United States of America,US,USA,Northern America,Americas,BUY
646,54,1258,41,1,7,2024-03-15,15,3,March,Q1,2024,Friday,GOOG,Alphabet Inc.,Internet Content & Information,Communication Services,United States of America,US,USA,Northern America,Americas,BUY
647,20,151,41,1,7,2024-01-29,29,1,January,Q1,2024,Monday,AMD,"Advanced Micro Devices, Inc.",Semiconductors,Technology,United States of America,US,USA,Northern America,Americas,BUY
648,52,2870,37,1,7,2024-03-13,13,3,March,Q1,2024,Wednesday,TSM,Taiwan Semiconductor Manufactur,Semiconductors,Technology,"Taiwan, Province of China",TW,TWN,,,BUY
649,207,177,41,1,7,2024-11-14,14,11,November,Q4,2024,Thursday,AMZN,"Amazon.com, Inc.",Internet Retail,Consumer Cyclical,United States of America,US,USA,Northern America,Americas,BUY
650,208,655,40,1,7,2024-11-15,15,11,November,Q4,2024,Friday,CNH,CNH Industrial N.V.,Farm & Heavy Construction Machinery,Industrials,United Kingdom of Great Britain and Northern Ireland,GB,GBR,Northern Europe,Europe,BUY
651,185,2384,41,1,7,2024-10-10,10,10,October,Q4,2024,Thursday,RDDT,"Reddit, Inc.",Internet Content & Information,Communication Services,United States of America,US,USA,Northern America,Americas,BUY
652,45,227,40,1,7,2024-03-04,4,3,March,Q1,2024,Monday,ARM,Arm Holdings plc,Semiconductors,Technology,United Kingdom of Great Britain and Northern Ireland,GB,GBR,Northern Europe,Europe,BUY
653,50,2870,37,1,7,2024-03-11,11,3,March,Q1,2024,Monday,TSM,Taiwan Semiconductor Manufactur,Semiconductors,Technology,"Taiwan, Province of China",TW,TWN,,,BUY
654,137,2384,41,1,7,2024-07-16,16,7,July,Q3,2024,Tuesday,RDDT,"Reddit, Inc.",Internet Content & Information,Communication Services,United States of America,US,USA,Northern America,Americas,BUY
655,4,151,41,1,7,2024-01-05,5,1,January,Q1,2024,Friday,AMD,"Advanced Micro Devices, Inc.",Semiconductors,Technology,United States of America,US,USA,Northern America,Americas,BUY
656,41,1258,41,1,7,2024-02-27,27,2,February,Q1,2024,Tuesday,GOOG,Alphabet Inc.,Internet Content & Information,Communication Services,United States of America,US,USA,Northern America,Americas,BUY
657,53,2870,37,1,7,2024-03-14,14,3,March,Q1,2024,Thursday,TSM,Taiwan Semiconductor Manufactur,Semiconductors,Technology,"Taiwan, Province of China",TW,TWN,,,BUY
658,75,2870,37,1,7,2024-04-16,16,4,April,Q2,2024,Tuesday,TSM,Taiwan Semiconductor Manufactur,Semiconductors,Technology,"Taiwan, Province of China",TW,TWN,,,BUY
659,30,177,41,1,7,2024-02-12,12,2,February,Q1,2024,Monday,AMZN,"Amazon.com, Inc.",Internet Retail,Consumer Cyclical,United States of America,US,USA,Northern America,Americas,BUY
660,25,151,41,1,7,2024-02-05,5,2,February,Q1,2024,Monday,AMD,"Advanced Micro Devices, Inc.",Semiconductors,Technology,United States of America,US,USA,Northern America,Americas,BUY
661,145,655,40,1,7,2024-08-02,2,8,August,Q3,2024,Friday,CNH,CNH Industrial N.V.,Farm & Heavy Construction Machinery,Industrials,United Kingdom of Great Britain and Northern Ireland,GB,GBR,Northern Europe,Europe,BUY
662,148,655,40,1,7,2024-08-07,7,8,August,Q3,2024,Wednesday,CNH,CNH Industrial N.V.,Farm & Heavy Construction Machinery,Industrials,United Kingdom of Great Britain and Northern Ireland,GB,GBR,Northern Europe,Europe,BUY
663,3,151,41,1,7,2024-01-04,4,1,January,Q1,2024,Thursday,AMD,"Advanced Micro Devices, Inc.",Semiconductors,Technology,United States of America,US,USA,Northern America,Americas,BUY
664,49,1258,41,1,7,2024-03-08,8,3,March,Q1,2024,Friday,GOOG,Alphabet Inc.,Internet Content & Information,Communication Services,United States of America,US,USA,Northern America,Americas,BUY
665,100,3159,41,1,7,2024-05-22,22,5,May,Q2,2024,Wednesday,XYZ,"Block, Inc.",Software - Infrastructure,Technology,United States of America,US,USA,Northern America,Americas,BUY
666,25,177,41,1,7,2024-02-05,5,2,February,Q1,2024,Monday,AMZN,"Amazon.com, Inc.",Internet Retail,Consumer Cyclical,United States of America,US,USA,Northern America,Americas,BUY
667,200,655,40,1,7,2024-11-01,1,11,November,Q4,2024,Friday,CNH,CNH Industrial N.V.,Farm & Heavy Construction Machinery,Industrials,United Kingdom of Great Britain and Northern Ireland,GB,GBR,Northern Europe,Europe,BUY
668,38,227,40,1,7,2024-02-22,22,2,February,Q1,2024,Thursday,ARM,Arm Holdings plc,Semiconductors,Technology,United Kingdom of Great Britain and Northern Ireland,GB,GBR,Northern Europe,Europe,BUY
669,45,1258,41,1,7,2024-03-04,4,3,March,Q1,2024,Monday,GOOG,Alphabet Inc.,Internet Content & Information,Communication Services,United States of America,US,USA,Northern America,Americas,BUY
670,46,227,40,1,7,2024-03-05,5,3,March,Q1,2024,Tuesday,ARM,Arm Holdings plc,Semiconductors,Technology,United Kingdom of Great Britain and Northern Ireland,GB,GBR,Northern Europe,Europe,BUY
671,46,227,40,1,7,2024-03-05,5,3,March,Q1,2024,Tuesday,ARM,Arm Holdings plc,Semiconductors,Technology,United Kingdom of Great Britain and Northern Ireland,GB,GBR,Northern Europe,Europe,BUY
672,102,3159,41,1,7,2024-05-24,24,5,May,Q2,2024,Friday,XYZ,"Block, Inc.",Software - Infrastructure,Technology,United States of America,US,USA,Northern America,Americas,BUY
673,39,227,40,1,7,2024-02-23,23,2,February,Q1,2024,Friday,ARM,Arm Holdings plc,Semiconductors,Technology,United Kingdom of Great Britain and Northern Ireland,GB,GBR,Northern Europe,Europe,BUY
674,49,227,40,1,7,2024-03-08,8,3,March,Q1,2024,Friday,ARM,Arm Holdings plc,Semiconductors,Technology,United Kingdom of Great Britain and Northern Ireland,GB,GBR,Northern Europe,Europe,BUY
675,227,655,40,1,7,2024-12-19,19,12,December,Q4,2024,Thursday,CNH,CNH Industrial N.V.,Farm & Heavy Construction Machinery,Industrials,United Kingdom of Great Britain and Northern Ireland,GB,GBR,Northern Europe,Europe,BUY
676,30,2870,37,1,7,2024-02-12,12,2,February,Q1,2024,Monday,TSM,Taiwan Semiconductor Manufactur,Semiconductors,Technology,"Taiwan, Province of China",TW,TWN,,,BUY
677,61,2384,41,1,7,2024-03-26,26,3,March,Q1,2024,Tuesday,RDDT,"Reddit, Inc.",Internet Content & Information,Communication Services,United States of America,US,USA,Northern America,Americas,BUY
678,30,227,40,1,233,2024-02-12,12,2,February,Q1,2024,Monday,ARM,Arm Holdings plc,Semiconductors,Technology,United Kingdom of Great Britain and Northern Ireland,GB,GBR,Northern Europe,Europe,BUY
679,32,2870,37,1,222,2024-02-14,14,2,February,Q1,2024,Wednesday,TSM,Taiwan Semiconductor Manufactur,Semiconductors,Technology,"Taiwan, Province of China",TW,TWN,,,BUY
680,33,227,40,1,222,2024-02-15,15,2,February,Q1,2024,Thursday,ARM,Arm Holdings plc,Semiconductors,Technology,United Kingdom of Great Britain and Northern Ireland,GB,GBR,Northern Europe,Europe,BUY
681,212,1258,41,1,222,2024-11-21,21,11,November,Q4,2024,Thursday,GOOG,Alphabet Inc.,Internet Content & Information,Communication Services,United States of America,US,USA,Northern America,Americas,BUY
682,4,2705,28,1,221,2024-01-05,5,1,January,Q1,2024,Friday,STNG,Scorpio Tankers Inc.,Oil & Gas Midstream,Energy,Monaco,MC,MCO,Western Europe,Europe,BUY
683,208,227,40,1,221,2024-11-15,15,11,November,Q4,2024,Friday,ARM,Arm Holdings plc,Semiconductors,Technology,United Kingdom of Great Britain and Northern Ireland,GB,GBR,Northern Europe,Europe,BUY
684,32,227,40,1,217,2024-02-14,14,2,February,Q1,2024,Wednesday,ARM,Arm Holdings plc,Semiconductors,Technology,United Kingdom of Great Britain and Northern Ireland,GB,GBR,Northern Europe,Europe,BUY
685,34,227,40,1,217,2024-02-16,16,2,February,Q1,2024,Friday,ARM,Arm Holdings plc,Semiconductors,Technology,United Kingdom of Great Britain and Northern Ireland,GB,GBR,Northern Europe,Europe,BUY
686,32,227,40,1,215,2024-02-14,14,2,February,Q1,2024,Wednesday,ARM,Arm Holdings plc,Semiconductors,Technology,United Kingdom of Great Britain and Northern Ireland,GB,GBR,Northern Europe,Europe,BUY
687,33,227,40,1,215,2024-02-15,15,2,February,Q1,2024,Thursday,ARM,Arm Holdings plc,Semiconductors,Technology,United Kingdom of Great Britain and Northern Ireland,GB,GBR,Northern Europe,Europe,BUY
688,50,227,40,1,214,2024-03-11,11,3,March,Q1,2024,Monday,ARM,Arm Holdings plc,Semiconductors,Technology,United Kingdom of Great Britain and Northern Ireland,GB,GBR,Northern Europe,Europe,BUY
689,36,2870,37,1,214,2024-02-20,20,2,February,Q1,2024,Tuesday,TSM,Taiwan Semiconductor Manufactur,Semiconductors,Technology,"Taiwan, Province of China",TW,TWN,,,BUY
690,23,177,41,1,202,2024-02-01,1,2,February,Q1,2024,Thursday,AMZN,"Amazon.com, Inc.",Internet Retail,Consumer Cyclical,United States of America,US,USA,Northern America,Americas,BUY
691,52,227,40,3,202,2024-03-13,13,3,March,Q1,2024,Wednesday,ARM,Arm Holdings plc,Semiconductors,Technology,United Kingdom of Great Britain and Northern Ireland,GB,GBR,Northern Europe,Europe,SELL
692,43,227,40,3,199,2024-02-29,29,2,February,Q1,2024,Thursday,ARM,Arm Holdings plc,Semiconductors,Technology,United Kingdom of Great Britain and Northern Ireland,GB,GBR,Northern Europe,Europe,SELL
693,62,2384,41,3,199,2024-03-27,27,3,March,Q1,2024,Wednesday,RDDT,"Reddit, Inc.",Internet Content & Information,Communication Services,United States of America,US,USA,Northern America,Americas,SELL
694,38,207,41,3,198,2024-02-22,22,2,February,Q1,2024,Thursday,APP,Applovin Corporation,Software - Application,Technology,United States of America,US,USA,Northern America,Americas,SELL
695,31,227,40,3,198,2024-02-13,13,2,February,Q1,2024,Tuesday,ARM,Arm Holdings plc,Semiconductors,Technology,United Kingdom of Great Britain and Northern Ireland,GB,GBR,Northern Europe,Europe,SELL
696,30,151,41,3,198,2024-02-12,12,2,February,Q1,2024,Monday,AMD,"Advanced Micro Devices, Inc.",Semiconductors,Technology,United States of America,US,USA,Northern America,Americas,SELL
697,47,2870,37,3,198,2024-03-06,6,3,March,Q1,2024,Wednesday,TSM,Taiwan Semiconductor Manufactur,Semiconductors,Technology,"Taiwan, Province of China",TW,TWN,,,SELL
698,51,227,40,3,195,2024-03-12,12,3,March,Q1,2024,Tuesday,ARM,Arm Holdings plc,Semiconductors,Technology,United Kingdom of Great Britain and Northern Ireland,GB,GBR,Northern Europe,Europe,SELL
699,48,2870,37,3,195,2024-03-07,7,3,March,Q1,2024,Thursday,TSM,Taiwan Semiconductor Manufactur,Semiconductors,Technology,"Taiwan, Province of China",TW,TWN,,,SELL
700,55,1258,41,3,190,2024-03-18,18,3,March,Q1,2024,Monday,GOOG,Alphabet Inc.,Internet Content & Information,Communication Services,United States of America,US,USA,Northern America,Americas,SELL
701,55,1258,41,3,185,2024-03-18,18,3,March,Q1,2024,Monday,GOOG,Alphabet Inc.,Internet Content & Information,Communication Services,United States of America,US,USA,Northern America,Americas,SELL
702,21,151,41,3,185,2024-01-30,30,1,January,Q1,2024,Tuesday,AMD,"Advanced Micro Devices, Inc.",Semiconductors,Technology,United States of America,US,USA,Northern America,Americas,SELL
703,53,2870,37,3,185,2024-03-14,14,3,March,Q1,2024,Thursday,TSM,Taiwan Semiconductor Manufactur,Semiconductors,Technology,"Taiwan, Province of China",TW,TWN,,,SELL
704,208,177,41,3,177,2024-11-15,15,11,November,Q4,2024,Friday,AMZN,"Amazon.com, Inc.",Internet Retail,Consumer Cyclical,United States of America,US,USA,Northern America,Americas,SELL
705,209,1444,40,3,177,2024-11-18,18,11,November,Q4,2024,Monday,IGT,International Game Technology,Gambling,Consumer Cyclical,United Kingdom of Great Britain and Northern Ireland,GB,GBR,Northern Europe,Europe,SELL
706,8,1258,41,3,155,2024-01-11,11,1,January,Q1,2024,Thursday,GOOG,Alphabet Inc.,Internet Content & Information,Communication Services,United States of America,US,USA,Northern America,Americas,SELL
707,188,2384,41,3,155,2024-10-15,15,10,October,Q4,2024,Tuesday,RDDT,"Reddit, Inc.",Internet Content & Information,Communication Services,United States of America,US,USA,Northern America,Americas,SELL
708,46,227,40,3,147,2024-03-05,5,3,March,Q1,2024,Tuesday,ARM,Arm Holdings plc,Semiconductors,Technology,United Kingdom of Great Britain and Northern Ireland,GB,GBR,Northern Europe,Europe,SELL
709,51,2870,37,3,147,2024-03-12,12,3,March,Q1,2024,Tuesday,TSM,Taiwan Semiconductor Manufactur,Semiconductors,Technology,"Taiwan, Province of China",TW,TWN,,,SELL
710,148,2384,41,3,146,2024-08-07,7,8,August,Q3,2024,Wednesday,RDDT,"Reddit, Inc.",Internet Content & Information,Communication Services,United States of America,US,USA,Northern America,Americas,SELL
711,6,151,41,3,146,2024-01-09,9,1,January,Q1,2024,Tuesday,AMD,"Advanced Micro Devices, Inc.",Semiconductors,Technology,United States of America,US,USA,Northern America,Americas,SELL
712,45,1258,41,3,144,2024-03-04,4,3,March,Q1,2024,Monday,GOOG,Alphabet Inc.,Internet Content & Information,Communication Services,United States of America,US,USA,Northern America,Americas,SELL
713,64,2870,37,3,144,2024-04-01,1,4,April,Q2,2024,Monday,TSM,Taiwan Semiconductor Manufactur,Semiconductors,Technology,"Taiwan, Province of China",TW,TWN,,,SELL
714,77,2870,37,3,136,2024-04-18,18,4,April,Q2,2024,Thursday,TSM,Taiwan Semiconductor Manufactur,Semiconductors,Technology,"Taiwan, Province of China",TW,TWN,,,SELL
715,31,177,41,3,136,2024-02-13,13,2,February,Q1,2024,Tuesday,AMZN,"Amazon.com, Inc.",Internet Retail,Consumer Cyclical,United States of America,US,USA,Northern America,Americas,SELL
716,26,151,41,3,135,2024-02-06,6,2,February,Q1,2024,Tuesday,AMD,"Advanced Micro Devices, Inc.",Semiconductors,Technology,United States of America,US,USA,Northern America,Americas,SELL
717,148,1444,40,3,135,2024-08-07,7,8,August,Q3,2024,Wednesday,IGT,International Game Technology,Gambling,Consumer Cyclical,United Kingdom of Great Britain and Northern Ireland,GB,GBR,Northern Europe,Europe,SELL
718,151,1444,40,3,135,2024-08-12,12,8,August,Q3,2024,Monday,IGT,International Game Technology,Gambling,Consumer Cyclical,United Kingdom of Great Britain and Northern Ireland,GB,GBR,Northern Europe,Europe,SELL
719,4,151,41,3,135,2024-01-05,5,1,January,Q1,2024,Friday,AMD,"Advanced Micro Devices, Inc.",Semiconductors,Technology,United States of America,US,USA,Northern America,Americas,SELL
720,54,1258,41,3,133,2024-03-15,15,3,March,Q1,2024,Friday,GOOG,Alphabet Inc.,Internet Content & Information,Communication Services,United States of America,US,USA,Northern America,Americas,SELL
721,102,3159,41,3,133,2024-05-24,24,5,May,Q2,2024,Friday,XYZ,"Block, Inc.",Software - Infrastructure,Technology,United States of America,US,USA,Northern America,Americas,SELL
722,30,177,41,3,132,2024-02-12,12,2,February,Q1,2024,Monday,AMZN,"Amazon.com, Inc.",Internet Retail,Consumer Cyclical,United States of America,US,USA,Northern America,Americas,SELL
723,201,1689,40,3,132,2024-11-04,4,11,November,Q4,2024,Monday,LIN,Linde plc,Specialty Chemicals,Basic Materials,United Kingdom of Great Britain and Northern Ireland,GB,GBR,Northern Europe,Europe,SELL
724,38,227,40,3,129,2024-02-22,22,2,February,Q1,2024,Thursday,ARM,Arm Holdings plc,Semiconductors,Technology,United Kingdom of Great Britain and Northern Ireland,GB,GBR,Northern Europe,Europe,SELL
725,47,227,40,3,129,2024-03-06,6,3,March,Q1,2024,Wednesday,ARM,Arm Holdings plc,Semiconductors,Technology,United Kingdom of Great Britain and Northern Ireland,GB,GBR,Northern Europe,Europe,SELL
726,49,1258,41,3,129,2024-03-08,8,3,March,Q1,2024,Friday,GOOG,Alphabet Inc.,Internet Content & Information,Communication Services,United States of America,US,USA,Northern America,Americas,SELL
727,46,227,40,3,129,2024-03-05,5,3,March,Q1,2024,Tuesday,ARM,Arm Holdings plc,Semiconductors,Technology,United Kingdom of Great Britain and Northern Ireland,GB,GBR,Northern Europe,Europe,SELL
728,138,3159,41,3,128,2024-07-17,17,7,July,Q3,2024,Wednesday,XYZ,"Block, Inc.",Software - Infrastructure,Technology,United States of America,US,USA,Northern America,Americas,SELL
729,40,227,40,3,128,2024-02-26,26,2,February,Q1,2024,Monday,ARM,Arm Holdings plc,Semiconductors,Technology,United Kingdom of Great Britain and Northern Ireland,GB,GBR,Northern Europe,Europe,SELL
730,50,227,40,3,125,2024-03-11,11,3,March,Q1,2024,Monday,ARM,Arm Holdings plc,Semiconductors,Technology,United Kingdom of Great Britain and Northern Ireland,GB,GBR,Northern Europe,Europe,SELL
731,31,2870,37,3,123,2024-02-13,13,2,February,Q1,2024,Tuesday,TSM,Taiwan Semiconductor Manufactur,Semiconductors,Technology,"Taiwan, Province of China",TW,TWN,,,SELL
732,61,2384,41,3,123,2024-03-26,26,3,March,Q1,2024,Tuesday,RDDT,"Reddit, Inc.",Internet Content & Information,Communication Services,United States of America,US,USA,Northern America,Americas,SELL
733,30,227,40,3,122,2024-02-12,12,2,February,Q1,2024,Monday,ARM,Arm Holdings plc,Semiconductors,Technology,United Kingdom of Great Britain and Northern Ireland,GB,GBR,Northern Europe,Europe,SELL
734,36,2870,37,3,122,2024-02-20,20,2,February,Q1,2024,Tuesday,TSM,Taiwan Semiconductor Manufactur,Semiconductors,Technology,"Taiwan, Province of China",TW,TWN,,,SELL
735,33,227,40,3,115,2024-02-15,15,2,February,Q1,2024,Thursday,ARM,Arm Holdings plc,Semiconductors,Technology,United Kingdom of Great Britain and Northern Ireland,GB,GBR,Northern Europe,Europe,SELL
736,218,1258,41,3,115,2024-12-05,5,12,December,Q4,2024,Thursday,GOOG,Alphabet Inc.,Internet Content & Information,Communication Services,United States of America,US,USA,Northern America,Americas,SELL
737,5,2705,28,3,107,2024-01-08,8,1,January,Q1,2024,Monday,STNG,Scorpio Tankers Inc.,Oil & Gas Midstream,Energy,Monaco,MC,MCO,Western Europe,Europe,SELL
738,2,1738,5,3,107,2024-01-03,3,1,January,Q1,2024,Wednesday,LULU,lululemon athletica inc.,Apparel Retail,Consumer Cyclical,Canada,CA,CAN,Northern America,Americas,SELL
739,210,227,40,3,103,2024-11-19,19,11,November,Q4,2024,Tuesday,ARM,Arm Holdings plc,Semiconductors,Technology,United Kingdom of Great Britain and Northern Ireland,GB,GBR,Northern Europe,Europe,SELL
740,33,227,40,3,101,2024-02-15,15,2,February,Q1,2024,Thursday,ARM,Arm Holdings plc,Semiconductors,Technology,United Kingdom of Great Britain and Northern Ireland,GB,GBR,Northern Europe,Europe,SELL
741,36,227,40,3,101,2024-02-20,20,2,February,Q1,2024,Tuesday,ARM,Arm Holdings plc,Semiconductors,Technology,United Kingdom of Great Britain and Northern Ireland,GB,GBR,Northern Europe,Europe,SELL
742,32,227,40,3,101,2024-02-14,14,2,February,Q1,2024,Wednesday,ARM,Arm Holdings plc,Semiconductors,Technology,United Kingdom of Great Britain and Northern Ireland,GB,GBR,Northern Europe,Europe,SELL
743,33,227,40,3,101,2024-02-15,15,2,February,Q1,2024,Thursday,ARM,Arm Holdings plc,Semiconductors,Technology,United Kingdom of Great Britain and Northern Ireland,GB,GBR,Northern Europe,Europe,SELL
744,51,227,40,3,96,2024-03-12,12,3,March,Q1,2024,Tuesday,ARM,Arm Holdings plc,Semiconductors,Technology,United Kingdom of Great Britain and Northern Ireland,GB,GBR,Northern Europe,Europe,SELL
745,38,2870,37,3,96,2024-02-22,22,2,February,Q1,2024,Thursday,TSM,Taiwan Semiconductor Manufactur,Semiconductors,Technology,"Taiwan, Province of China",TW,TWN,,,SELL
746,24,177,41,3,93,2024-02-02,2,2,February,Q1,2024,Friday,AMZN,"Amazon.com, Inc.",Internet Retail,Consumer Cyclical,United States of America,US,USA,Northern America,Americas,SELL
747,173,2457,40,1,93,2024-09-19,19,9,September,Q3,2024,Thursday,ROIV,Roivant Sciences Ltd.,Biotechnology,Healthcare,United Kingdom of Great Britain and Northern Ireland,GB,GBR,Northern Europe,Europe,BUY
748,56,3159,41,1,93,2024-03-19,19,3,March,Q1,2024,Tuesday,XYZ,"Block, Inc.",Software - Infrastructure,Technology,United States of America,US,USA,Northern America,Americas,BUY
749,101,2602,41,1,92,2024-05-23,23,5,May,Q2,2024,Thursday,SKYW,"SkyWest, Inc.",Airlines,Industrials,United States of America,US,USA,Northern America,Americas,BUY
750,160,2275,40,1,92,2024-08-28,28,8,August,Q3,2024,Wednesday,PNR,Pentair plc.,Specialty Industrial Machinery,Industrials,United Kingdom of Great Britain and Northern Ireland,GB,GBR,Northern Europe,Europe,BUY
751,154,2275,40,1,92,2024-08-16,16,8,August,Q3,2024,Friday,PNR,Pentair plc.,Specialty Industrial Machinery,Industrials,United Kingdom of Great Britain and Northern Ireland,GB,GBR,Northern Europe,Europe,BUY
752,176,1980,8,1,91,2024-09-24,24,9,September,Q3,2024,Tuesday,NIO,NIO Inc.,Auto Manufacturers,Consumer Cyclical,China,CN,CHN,Eastern Asia,Asia,BUY
753,36,151,41,1,91,2024-02-20,20,2,February,Q1,2024,Tuesday,AMD,"Advanced Micro Devices, Inc.",Semiconductors,Technology,United States of America,US,USA,Northern America,Americas,BUY
754,75,1980,8,1,91,2024-04-16,16,4,April,Q2,2024,Tuesday,NIO,NIO Inc.,Auto Manufacturers,Consumer Cyclical,China,CN,CHN,Eastern Asia,Asia,BUY
755,148,1980,8,1,91,2024-08-07,7,8,August,Q3,2024,Wednesday,NIO,NIO Inc.,Auto Manufacturers,Consumer Cyclical,China,CN,CHN,Eastern Asia,Asia,BUY
756,41,1980,8,1,91,2024-02-27,27,2,February,Q1,2024,Tuesday,NIO,NIO Inc.,Auto Manufacturers,Consumer Cyclical,China,CN,CHN,Eastern Asia,Asia,BUY
757,162,2275,40,1,91,2024-08-30,30,8,August,Q3,2024,Friday,PNR,Pentair plc.,Specialty Industrial Machinery,Industrials,United Kingdom of Great Britain and Northern Ireland,GB,GBR,Northern Europe,Europe,BUY
758,55,3159,41,1,87,2024-03-18,18,3,March,Q1,2024,Monday,XYZ,"Block, Inc.",Software - Infrastructure,Technology,United States of America,US,USA,Northern America,Americas,BUY
759,128,2602,41,1,87,2024-07-01,1,7,July,Q3,2024,Monday,SKYW,"SkyWest, Inc.",Airlines,Industrials,United States of America,US,USA,Northern America,Americas,BUY
760,53,2869,41,1,84,2024-03-14,14,3,March,Q1,2024,Thursday,TSLA,"Tesla, Inc.",Auto Manufacturers,Consumer Cyclical,United States of America,US,USA,Northern America,Americas,BUY
761,19,177,41,1,84,2024-01-26,26,1,January,Q1,2024,Friday,AMZN,"Amazon.com, Inc.",Internet Retail,Consumer Cyclical,United States of America,US,USA,Northern America,Americas,BUY
762,107,2602,41,1,84,2024-06-03,3,6,June,Q2,2024,Monday,SKYW,"SkyWest, Inc.",Airlines,Industrials,United States of America,US,USA,Northern America,Americas,BUY
763,18,177,41,1,84,2024-01-25,25,1,January,Q1,2024,Thursday,AMZN,"Amazon.com, Inc.",Internet Retail,Consumer Cyclical,United States of America,US,USA,Northern America,Americas,BUY
764,82,1258,41,1,83,2024-04-25,25,4,April,Q2,2024,Thursday,GOOG,Alphabet Inc.,Internet Content & Information,Communication Services,United States of America,US,USA,Northern America,Americas,BUY
765,49,874,20,1,83,2024-03-08,8,3,March,Q1,2024,Friday,DOLE,Dole plc,Farm Products,Consumer Defensive,Ireland,IE,IRL,Northern Europe,Europe,BUY
766,8,2544,21,1,82,2024-01-11,11,1,January,Q1,2024,Thursday,SEDG,"SolarEdge Technologies, Inc.",Solar,Technology,Israel,IL,ISR,Western Asia,Asia,BUY
767,8,177,41,1,82,2024-01-11,11,1,January,Q1,2024,Thursday,AMZN,"Amazon.com, Inc.",Internet Retail,Consumer Cyclical,United States of America,US,USA,Northern America,Americas,BUY
768,90,2602,41,1,82,2024-05-08,8,5,May,Q2,2024,Wednesday,SKYW,"SkyWest, Inc.",Airlines,Industrials,United States of America,US,USA,Northern America,Americas,BUY
769,175,655,40,1,81,2024-09-23,23,9,September,Q3,2024,Monday,CNH,CNH Industrial N.V.,Farm & Heavy Construction Machinery,Industrials,United Kingdom of Great Britain and Northern Ireland,GB,GBR,Northern Europe,Europe,BUY
770,140,655,40,1,81,2024-07-24,24,7,July,Q3,2024,Wednesday,CNH,CNH Industrial N.V.,Farm & Heavy Construction Machinery,Industrials,United Kingdom of Great Britain and Northern Ireland,GB,GBR,Northern Europe,Europe,BUY
771,21,1258,41,1,80,2024-01-30,30,1,January,Q1,2024,Tuesday,GOOG,Alphabet Inc.,Internet Content & Information,Communication Services,United States of America,US,USA,Northern America,Americas,BUY
772,20,6,41,1,80,2024-01-29,29,1,January,Q1,2024,Monday,AAPL,Apple Inc.,Consumer Electronics,Technology,United States of America,US,USA,Northern America,Americas,BUY
773,30,227,40,1,75,2024-02-12,12,2,February,Q1,2024,Monday,ARM,Arm Holdings plc,Semiconductors,Technology,United Kingdom of Great Britain and Northern Ireland,GB,GBR,Northern Europe,Europe,BUY
774,29,6,41,1,75,2024-02-09,9,2,February,Q1,2024,Friday,AAPL,Apple Inc.,Consumer Electronics,Technology,United States of America,US,USA,Northern America,Americas,BUY
775,58,1258,41,1,74,2024-03-21,21,3,March,Q1,2024,Thursday,GOOG,Alphabet Inc.,Internet Content & Information,Communication Services,United States of America,US,USA,Northern America,Americas,BUY
776,17,1258,41,1,74,2024-01-24,24,1,January,Q1,2024,Wednesday,GOOG,Alphabet Inc.,Internet Content & Information,Communication Services,United States of America,US,USA,Northern America,Americas,BUY
777,24,6,41,1,73,2024-02-02,2,2,February,Q1,2024,Friday,AAPL,Apple Inc.,Consumer Electronics,Technology,United States of America,US,USA,Northern America,Americas,BUY
778,7,151,41,1,73,2024-01-10,10,1,January,Q1,2024,Wednesday,AMD,"Advanced Micro Devices, Inc.",Semiconductors,Technology,United States of America,US,USA,Northern America,Americas,BUY
779,70,2870,37,1,71,2024-04-09,9,4,April,Q2,2024,Tuesday,TSM,Taiwan Semiconductor Manufactur,Semiconductors,Technology,"Taiwan, Province of China",TW,TWN,,,BUY
780,36,207,41,1,71,2024-02-20,20,2,February,Q1,2024,Tuesday,APP,Applovin Corporation,Software - Application,Technology,United States of America,US,USA,Northern America,Americas,BUY
781,49,2870,37,1,69,2024-03-08,8,3,March,Q1,2024,Friday,TSM,Taiwan Semiconductor Manufactur,Semiconductors,Technology,"Taiwan, Province of China",TW,TWN,,,BUY
782,6,151,41,1,69,2024-01-09,9,1,January,Q1,2024,Tuesday,AMD,"Advanced Micro Devices, Inc.",Semiconductors,Technology,United States of America,US,USA,Northern America,Americas,BUY
783,67,207,41,1,68,2024-04-04,4,4,April,Q2,2024,Thursday,APP,Applovin Corporation,Software - Application,Technology,United States of America,US,USA,Northern America,Americas,BUY
784,4,2641,41,1,68,2024-01-05,5,1,January,Q1,2024,Friday,SNEX,StoneX Group Inc.,Capital Markets,Financial Services,United States of America,US,USA,Northern America,Americas,BUY
785,212,655,40,1,67,2024-11-21,21,11,November,Q4,2024,Thursday,CNH,CNH Industrial N.V.,Farm & Heavy Construction Machinery,Industrials,United Kingdom of Great Britain and Northern Ireland,GB,GBR,Northern Europe,Europe,BUY
786,32,1258,41,1,67,2024-02-14,14,2,February,Q1,2024,Wednesday,GOOG,Alphabet Inc.,Internet Content & Information,Communication Services,United States of America,US,USA,Northern America,Americas,BUY
787,113,207,41,1,63,2024-06-11,11,6,June,Q2,2024,Tuesday,APP,Applovin Corporation,Software - Application,Technology,United States of America,US,USA,Northern America,Americas,BUY
788,51,2870,37,1,63,2024-03-12,12,3,March,Q1,2024,Tuesday,TSM,Taiwan Semiconductor Manufactur,Semiconductors,Technology,"Taiwan, Province of China",TW,TWN,,,BUY
789,29,227,40,1,62,2024-02-09,9,2,February,Q1,2024,Friday,ARM,Arm Holdings plc,Semiconductors,Technology,United Kingdom of Great Britain and Northern Ireland,GB,GBR,Northern Europe,Europe,BUY
790,145,2602,41,1,62,2024-08-02,2,8,August,Q3,2024,Friday,SKYW,"SkyWest, Inc.",Airlines,Industrials,United States of America,US,USA,Northern America,Americas,BUY
791,22,1258,41,1,62,2024-01-31,31,1,January,Q1,2024,Wednesday,GOOG,Alphabet Inc.,Internet Content & Information,Communication Services,United States of America,US,USA,Northern America,Americas,BUY
792,9,1258,41,1,62,2024-01-12,12,1,January,Q1,2024,Friday,GOOG,Alphabet Inc.,Internet Content & Information,Communication Services,United States of America,US,USA,Northern America,Americas,BUY
793,173,1689,40,3,61,2024-09-19,19,9,September,Q3,2024,Thursday,LIN,Linde plc,Specialty Chemicals,Basic Materials,United Kingdom of Great Britain and Northern Ireland,GB,GBR,Northern Europe,Europe,SELL
794,59,3159,41,3,61,2024-03-22,22,3,March,Q1,2024,Friday,XYZ,"Block, Inc.",Software - Infrastructure,Technology,United States of America,US,USA,Northern America,Americas,SELL
795,1,177,41,3,60,2024-01-02,2,1,January,Q1,2024,Tuesday,AMZN,"Amazon.com, Inc.",Internet Retail,Consumer Cyclical,United States of America,US,USA,Northern America,Americas,SELL
796,107,2602,41,3,60,2024-06-03,3,6,June,Q2,2024,Monday,SKYW,"SkyWest, Inc.",Airlines,Industrials,United States of America,US,USA,Northern America,Americas,SELL
797,161,1444,40,3,60,2024-08-29,29,8,August,Q3,2024,Thursday,IGT,International Game Technology,Gambling,Consumer Cyclical,United Kingdom of Great Britain and Northern Ireland,GB,GBR,Northern Europe,Europe,SELL
798,156,1444,40,3,60,2024-08-20,20,8,August,Q3,2024,Tuesday,IGT,International Game Technology,Gambling,Consumer Cyclical,United Kingdom of Great Britain and Northern Ireland,GB,GBR,Northern Europe,Europe,SELL
799,228,1980,8,3,60,2024-12-20,20,12,December,Q4,2024,Friday,NIO,NIO Inc.,Auto Manufacturers,Consumer Cyclical,China,CN,CHN,Eastern Asia,Asia,SELL
800,38,151,41,3,60,2024-02-22,22,2,February,Q1,2024,Thursday,AMD,"Advanced Micro Devices, Inc.",Semiconductors,Technology,United States of America,US,USA,Northern America,Americas,SELL
801,79,1980,8,3,58,2024-04-22,22,4,April,Q2,2024,Monday,NIO,NIO Inc.,Auto Manufacturers,Consumer Cyclical,China,CN,CHN,Eastern Asia,Asia,SELL
802,151,1980,8,3,58,2024-08-12,12,8,August,Q3,2024,Monday,NIO,NIO Inc.,Auto Manufacturers,Consumer Cyclical,China,CN,CHN,Eastern Asia,Asia,SELL
803,46,1980,8,3,58,2024-03-05,5,3,March,Q1,2024,Tuesday,NIO,NIO Inc.,Auto Manufacturers,Consumer Cyclical,China,CN,CHN,Eastern Asia,Asia,SELL
804,170,1444,40,3,58,2024-09-16,16,9,September,Q3,2024,Monday,IGT,International Game Technology,Gambling,Consumer Cyclical,United Kingdom of Great Britain and Northern Ireland,GB,GBR,Northern Europe,Europe,SELL
805,56,3159,41,3,58,2024-03-19,19,3,March,Q1,2024,Tuesday,XYZ,"Block, Inc.",Software - Infrastructure,Technology,United States of America,US,USA,Northern America,Americas,SELL
806,138,2602,41,3,58,2024-07-17,17,7,July,Q3,2024,Wednesday,SKYW,"SkyWest, Inc.",Airlines,Industrials,United States of America,US,USA,Northern America,Americas,SELL
807,56,2869,41,3,58,2024-03-19,19,3,March,Q1,2024,Tuesday,TSLA,"Tesla, Inc.",Auto Manufacturers,Consumer Cyclical,United States of America,US,USA,Northern America,Americas,SELL
808,21,177,41,3,58,2024-01-30,30,1,January,Q1,2024,Tuesday,AMZN,"Amazon.com, Inc.",Internet Retail,Consumer Cyclical,United States of America,US,USA,Northern America,Americas,SELL
809,112,2602,41,3,58,2024-06-10,10,6,June,Q2,2024,Monday,SKYW,"SkyWest, Inc.",Airlines,Industrials,United States of America,US,USA,Northern America,Americas,SELL
810,19,177,41,3,58,2024-01-26,26,1,January,Q1,2024,Friday,AMZN,"Amazon.com, Inc.",Internet Retail,Consumer Cyclical,United States of America,US,USA,Northern America,Americas,SELL
811,83,1258,41,3,57,2024-04-26,26,4,April,Q2,2024,Friday,GOOG,Alphabet Inc.,Internet Content & Information,Communication Services,United States of America,US,USA,Northern America,Americas,SELL
812,27,2544,21,3,57,2024-02-07,7,2,February,Q1,2024,Wednesday,SEDG,"SolarEdge Technologies, Inc.",Solar,Technology,Israel,IL,ISR,Western Asia,Asia,SELL
813,18,177,41,3,56,2024-01-25,25,1,January,Q1,2024,Thursday,AMZN,"Amazon.com, Inc.",Internet Retail,Consumer Cyclical,United States of America,US,USA,Northern America,Americas,SELL
814,101,2602,41,3,56,2024-05-23,23,5,May,Q2,2024,Thursday,SKYW,"SkyWest, Inc.",Airlines,Industrials,United States of America,US,USA,Northern America,Americas,SELL
815,184,1444,40,3,56,2024-10-09,9,10,October,Q4,2024,Wednesday,IGT,International Game Technology,Gambling,Consumer Cyclical,United Kingdom of Great Britain and Northern Ireland,GB,GBR,Northern Europe,Europe,SELL
816,144,1444,40,3,56,2024-08-01,1,8,August,Q3,2024,Thursday,IGT,International Game Technology,Gambling,Consumer Cyclical,United Kingdom of Great Britain and Northern Ireland,GB,GBR,Northern Europe,Europe,SELL
817,22,1258,41,3,56,2024-01-31,31,1,January,Q1,2024,Wednesday,GOOG,Alphabet Inc.,Internet Content & Information,Communication Services,United States of America,US,USA,Northern America,Americas,SELL
818,24,6,41,3,56,2024-02-02,2,2,February,Q1,2024,Friday,AAPL,Apple Inc.,Consumer Electronics,Technology,United States of America,US,USA,Northern America,Americas,SELL
819,30,227,40,3,56,2024-02-12,12,2,February,Q1,2024,Monday,ARM,Arm Holdings plc,Semiconductors,Technology,United Kingdom of Great Britain and Northern Ireland,GB,GBR,Northern Europe,Europe,SELL
820,36,6,41,3,56,2024-02-20,20,2,February,Q1,2024,Tuesday,AAPL,Apple Inc.,Consumer Electronics,Technology,United States of America,US,USA,Northern America,Americas,SELL
821,65,1258,41,3,56,2024-04-02,2,4,April,Q2,2024,Tuesday,GOOG,Alphabet Inc.,Internet Content & Information,Communication Services,United States of America,US,USA,Northern America,Americas,SELL
822,21,1258,41,3,56,2024-01-30,30,1,January,Q1,2024,Tuesday,GOOG,Alphabet Inc.,Internet Content & Information,Communication Services,United States of America,US,USA,Northern America,Americas,SELL
823,28,6,41,3,56,2024-02-08,8,2,February,Q1,2024,Thursday,AAPL,Apple Inc.,Consumer Electronics,Technology,United States of America,US,USA,Northern America,Americas,SELL
824,11,151,41,3,56,2024-01-16,16,1,January,Q1,2024,Tuesday,AMD,"Advanced Micro Devices, Inc.",Semiconductors,Technology,United States of America,US,USA,Northern America,Americas,SELL
825,70,2870,37,3,55,2024-04-09,9,4,April,Q2,2024,Tuesday,TSM,Taiwan Semiconductor Manufactur,Semiconductors,Technology,"Taiwan, Province of China",TW,TWN,,,SELL
826,37,207,41,3,55,2024-02-21,21,2,February,Q1,2024,Wednesday,APP,Applovin Corporation,Software - Application,Technology,United States of America,US,USA,Northern America,Americas,SELL
827,50,2870,37,3,55,2024-03-11,11,3,March,Q1,2024,Monday,TSM,Taiwan Semiconductor Manufactur,Semiconductors,Technology,"Taiwan, Province of China",TW,TWN,,,SELL
828,7,151,41,3,55,2024-01-10,10,1,January,Q1,2024,Wednesday,AMD,"Advanced Micro Devices, Inc.",Semiconductors,Technology,United States of America,US,USA,Northern America,Americas,SELL
829,68,207,41,3,55,2024-04-05,5,4,April,Q2,2024,Friday,APP,Applovin Corporation,Software - Application,Technology,United States of America,US,USA,Northern America,Americas,SELL
830,8,2641,41,3,55,2024-01-11,11,1,January,Q1,2024,Thursday,SNEX,StoneX Group Inc.,Capital Markets,Financial Services,United States of America,US,USA,Northern America,Americas,SELL
831,213,1444,40,3,55,2024-11-22,22,11,November,Q4,2024,Friday,IGT,International Game Technology,Gambling,Consumer Cyclical,United Kingdom of Great Britain and Northern Ireland,GB,GBR,Northern Europe,Europe,SELL
832,40,1258,41,3,55,2024-02-26,26,2,February,Q1,2024,Monday,GOOG,Alphabet Inc.,Internet Content & Information,Communication Services,United States of America,US,USA,Northern America,Americas,SELL
833,119,207,41,3,54,2024-06-18,18,6,June,Q2,2024,Tuesday,APP,Applovin Corporation,Software - Application,Technology,United States of America,US,USA,Northern America,Americas,SELL
834,51,2870,37,3,54,2024-03-12,12,3,March,Q1,2024,Tuesday,TSM,Taiwan Semiconductor Manufactur,Semiconductors,Technology,"Taiwan, Province of China",TW,TWN,,,SELL
835,29,227,40,3,53,2024-02-09,9,2,February,Q1,2024,Friday,ARM,Arm Holdings plc,Semiconductors,Technology,United Kingdom of Great Britain and Northern Ireland,GB,GBR,Northern Europe,Europe,SELL
836,171,2602,41,3,53,2024-09-17,17,9,September,Q3,2024,Tuesday,SKYW,"SkyWest, Inc.",Airlines,Industrials,United States of America,US,USA,Northern America,Americas,SELL
837,32,1258,41,3,53,2024-02-14,14,2,February,Q1,2024,Wednesday,GOOG,Alphabet Inc.,Internet Content & Information,Communication Services,United States of America,US,USA,Northern America,Americas,SELL
838,16,1258,41,3,53,2024-01-23,23,1,January,Q1,2024,Tuesday,GOOG,Alphabet Inc.,Internet Content & Information,Communication Services,United States of America,US,USA,Northern America,Americas,SELL
839,40,227,40,1,52,2024-02-26,26,2,February,Q1,2024,Monday,ARM,Arm Holdings plc,Semiconductors,Technology,United Kingdom of Great Britain and Northern Ireland,GB,GBR,Northern Europe,Europe,BUY
840,105,6,41,1,52,2024-05-29,29,5,May,Q2,2024,Wednesday,AAPL,Apple Inc.,Consumer Electronics,Technology,United States of America,US,USA,Northern America,Americas,BUY
841,70,2870,37,1,52,2024-04-09,9,4,April,Q2,2024,Tuesday,TSM,Taiwan Semiconductor Manufactur,Semiconductors,Technology,"Taiwan, Province of China",TW,TWN,,,BUY
842,28,2869,41,1,52,2024-02-08,8,2,February,Q1,2024,Thursday,TSLA,"Tesla, Inc.",Auto Manufacturers,Consumer Cyclical,United States of America,US,USA,Northern America,Americas,BUY
843,46,177,41,1,52,2024-03-05,5,3,March,Q1,2024,Tuesday,AMZN,"Amazon.com, Inc.",Internet Retail,Consumer Cyclical,United States of America,US,USA,Northern America,Americas,BUY
844,50,151,41,1,51,2024-03-11,11,3,March,Q1,2024,Monday,AMD,"Advanced Micro Devices, Inc.",Semiconductors,Technology,United States of America,US,USA,Northern America,Americas,BUY
845,62,1558,41,1,51,2024-03-27,27,3,March,Q1,2024,Wednesday,JPM,JP Morgan Chase & Co.,Banks - Diversified,Financial Services,United States of America,US,USA,Northern America,Americas,BUY
846,86,151,41,1,50,2024-05-01,1,5,May,Q2,2024,Wednesday,AMD,"Advanced Micro Devices, Inc.",Semiconductors,Technology,United States of America,US,USA,Northern America,Americas,BUY
847,44,151,41,1,50,2024-03-01,1,3,March,Q1,2024,Friday,AMD,"Advanced Micro Devices, Inc.",Semiconductors,Technology,United States of America,US,USA,Northern America,Americas,BUY
848,45,874,20,1,50,2024-03-04,4,3,March,Q1,2024,Monday,DOLE,Dole plc,Farm Products,Consumer Defensive,Ireland,IE,IRL,Northern Europe,Europe,BUY
849,52,151,41,1,50,2024-03-13,13,3,March,Q1,2024,Wednesday,AMD,"Advanced Micro Devices, Inc.",Semiconductors,Technology,United States of America,US,USA,Northern America,Americas,BUY
850,86,227,40,1,50,2024-05-01,1,5,May,Q2,2024,Wednesday,ARM,Arm Holdings plc,Semiconductors,Technology,United Kingdom of Great Britain and Northern Ireland,GB,GBR,Northern Europe,Europe,BUY
851,140,832,41,1,50,2024-07-24,24,7,July,Q3,2024,Wednesday,DELL,Dell Technologies Inc.,Computer Hardware,Technology,United States of America,US,USA,Northern America,Americas,BUY
852,85,1558,41,1,50,2024-04-30,30,4,April,Q2,2024,Tuesday,JPM,JP Morgan Chase & Co.,Banks - Diversified,Financial Services,United States of America,US,USA,Northern America,Americas,BUY
853,18,6,41,1,50,2024-01-25,25,1,January,Q1,2024,Thursday,AAPL,Apple Inc.,Consumer Electronics,Technology,United States of America,US,USA,Northern America,Americas,BUY
854,9,697,31,1,49,2024-01-12,12,1,January,Q1,2024,Friday,CPA,"Copa Holdings, S.A.",Airlines,Industrials,Panama,PA,PAN,Latin America and the Caribbean,Americas,BUY
855,124,1980,8,1,49,2024-06-25,25,6,June,Q2,2024,Tuesday,NIO,NIO Inc.,Auto Manufacturers,Consumer Cyclical,China,CN,CHN,Eastern Asia,Asia,BUY
856,53,1558,41,1,49,2024-03-14,14,3,March,Q1,2024,Thursday,JPM,JP Morgan Chase & Co.,Banks - Diversified,Financial Services,United States of America,US,USA,Northern America,Americas,BUY
857,30,2869,41,1,49,2024-02-12,12,2,February,Q1,2024,Monday,TSLA,"Tesla, Inc.",Auto Manufacturers,Consumer Cyclical,United States of America,US,USA,Northern America,Americas,BUY
858,49,1558,41,1,48,2024-03-08,8,3,March,Q1,2024,Friday,JPM,JP Morgan Chase & Co.,Banks - Diversified,Financial Services,United States of America,US,USA,Northern America,Americas,BUY
859,65,2870,37,1,48,2024-04-02,2,4,April,Q2,2024,Tuesday,TSM,Taiwan Semiconductor Manufactur,Semiconductors,Technology,"Taiwan, Province of China",TW,TWN,,,BUY
860,27,2869,41,1,48,2024-02-07,7,2,February,Q1,2024,Wednesday,TSLA,"Tesla, Inc.",Auto Manufacturers,Consumer Cyclical,United States of America,US,USA,Northern America,Americas,BUY
861,73,1558,41,1,48,2024-04-12,12,4,April,Q2,2024,Friday,JPM,JP Morgan Chase & Co.,Banks - Diversified,Financial Services,United States of America,US,USA,Northern America,Americas,BUY
862,31,1558,41,1,48,2024-02-13,13,2,February,Q1,2024,Tuesday,JPM,JP Morgan Chase & Co.,Banks - Diversified,Financial Services,United States of America,US,USA,Northern America,Americas,BUY
863,60,227,40,1,48,2024-03-25,25,3,March,Q1,2024,Monday,ARM,Arm Holdings plc,Semiconductors,Technology,United Kingdom of Great Britain and Northern Ireland,GB,GBR,Northern Europe,Europe,BUY
864,45,2870,37,1,47,2024-03-04,4,3,March,Q1,2024,Monday,TSM,Taiwan Semiconductor Manufactur,Semiconductors,Technology,"Taiwan, Province of China",TW,TWN,,,BUY
865,19,2869,41,1,47,2024-01-26,26,1,January,Q1,2024,Friday,TSLA,"Tesla, Inc.",Auto Manufacturers,Consumer Cyclical,United States of America,US,USA,Northern America,Americas,BUY
866,2,6,41,1,47,2024-01-03,3,1,January,Q1,2024,Wednesday,AAPL,Apple Inc.,Consumer Electronics,Technology,United States of America,US,USA,Northern America,Americas,BUY
867,53,151,41,1,47,2024-03-14,14,3,March,Q1,2024,Thursday,AMD,"Advanced Micro Devices, Inc.",Semiconductors,Technology,United States of America,US,USA,Northern America,Americas,BUY
868,31,2869,41,1,46,2024-02-13,13,2,February,Q1,2024,Tuesday,TSLA,"Tesla, Inc.",Auto Manufacturers,Consumer Cyclical,United States of America,US,USA,Northern America,Americas,BUY
869,205,1258,41,1,46,2024-11-12,12,11,November,Q4,2024,Tuesday,GOOG,Alphabet Inc.,Internet Content & Information,Communication Services,United States of America,US,USA,Northern America,Americas,BUY
870,38,151,41,1,46,2024-02-22,22,2,February,Q1,2024,Thursday,AMD,"Advanced Micro Devices, Inc.",Semiconductors,Technology,United States of America,US,USA,Northern America,Americas,BUY
871,37,6,41,1,46,2024-02-21,21,2,February,Q1,2024,Wednesday,AAPL,Apple Inc.,Consumer Electronics,Technology,United States of America,US,USA,Northern America,Americas,BUY
872,86,2870,37,1,46,2024-05-01,1,5,May,Q2,2024,Wednesday,TSM,Taiwan Semiconductor Manufactur,Semiconductors,Technology,"Taiwan, Province of China",TW,TWN,,,BUY
873,140,151,41,1,46,2024-07-24,24,7,July,Q3,2024,Wednesday,AMD,"Advanced Micro Devices, Inc.",Semiconductors,Technology,United States of America,US,USA,Northern America,Americas,BUY
874,157,1980,8,1,46,2024-08-21,21,8,August,Q3,2024,Wednesday,NIO,NIO Inc.,Auto Manufacturers,Consumer Cyclical,China,CN,CHN,Eastern Asia,Asia,BUY
875,36,6,41,1,46,2024-02-20,20,2,February,Q1,2024,Tuesday,AAPL,Apple Inc.,Consumer Electronics,Technology,United States of America,US,USA,Northern America,Americas,BUY
876,60,177,41,1,46,2024-03-25,25,3,March,Q1,2024,Monday,AMZN,"Amazon.com, Inc.",Internet Retail,Consumer Cyclical,United States of America,US,USA,Northern America,Americas,BUY
877,18,151,41,1,45,2024-01-25,25,1,January,Q1,2024,Thursday,AMD,"Advanced Micro Devices, Inc.",Semiconductors,Technology,United States of America,US,USA,Northern America,Americas,BUY
878,25,2869,41,1,45,2024-02-05,5,2,February,Q1,2024,Monday,TSLA,"Tesla, Inc.",Auto Manufacturers,Consumer Cyclical,United States of America,US,USA,Northern America,Americas,BUY
879,154,852,41,1,45,2024-08-16,16,8,August,Q3,2024,Friday,DIS,Walt Disney Company (The),Entertainment,Communication Services,United States of America,US,USA,Northern America,Americas,BUY
880,77,2870,37,1,45,2024-04-18,18,4,April,Q2,2024,Thursday,TSM,Taiwan Semiconductor Manufactur,Semiconductors,Technology,"Taiwan, Province of China",TW,TWN,,,BUY
881,17,151,41,1,45,2024-01-24,24,1,January,Q1,2024,Wednesday,AMD,"Advanced Micro Devices, Inc.",Semiconductors,Technology,United States of America,US,USA,Northern America,Americas,BUY
882,49,1980,8,1,45,2024-03-08,8,3,March,Q1,2024,Friday,NIO,NIO Inc.,Auto Manufacturers,Consumer Cyclical,China,CN,CHN,Eastern Asia,Asia,BUY
883,100,1258,41,1,45,2024-05-22,22,5,May,Q2,2024,Wednesday,GOOG,Alphabet Inc.,Internet Content & Information,Communication Services,United States of America,US,USA,Northern America,Americas,BUY
884,100,1980,8,1,45,2024-05-22,22,5,May,Q2,2024,Wednesday,NIO,NIO Inc.,Auto Manufacturers,Consumer Cyclical,China,CN,CHN,Eastern Asia,Asia,BUY
885,57,6,41,1,45,2024-03-20,20,3,March,Q1,2024,Wednesday,AAPL,Apple Inc.,Consumer Electronics,Technology,United States of America,US,USA,Northern America,Americas,BUY
886,34,151,41,1,45,2024-02-16,16,2,February,Q1,2024,Friday,AMD,"Advanced Micro Devices, Inc.",Semiconductors,Technology,United States of America,US,USA,Northern America,Americas,BUY
887,39,151,41,1,45,2024-02-23,23,2,February,Q1,2024,Friday,AMD,"Advanced Micro Devices, Inc.",Semiconductors,Technology,United States of America,US,USA,Northern America,Americas,BUY
888,32,151,41,1,45,2024-02-14,14,2,February,Q1,2024,Wednesday,AMD,"Advanced Micro Devices, Inc.",Semiconductors,Technology,United States of America,US,USA,Northern America,Americas,BUY
889,49,2869,41,1,45,2024-03-08,8,3,March,Q1,2024,Friday,TSLA,"Tesla, Inc.",Auto Manufacturers,Consumer Cyclical,United States of America,US,USA,Northern America,Americas,BUY
890,45,6,41,1,45,2024-03-04,4,3,March,Q1,2024,Monday,AAPL,Apple Inc.,Consumer Electronics,Technology,United States of America,US,USA,Northern America,Americas,BUY
891,154,227,40,1,45,2024-08-16,16,8,August,Q3,2024,Friday,ARM,Arm Holdings plc,Semiconductors,Technology,United Kingdom of Great Britain and Northern Ireland,GB,GBR,Northern Europe,Europe,BUY
892,82,177,41,1,45,2024-04-25,25,4,April,Q2,2024,Thursday,AMZN,"Amazon.com, Inc.",Internet Retail,Consumer Cyclical,United States of America,US,USA,Northern America,Americas,BUY
893,40,2870,37,1,45,2024-02-26,26,2,February,Q1,2024,Monday,TSM,Taiwan Semiconductor Manufactur,Semiconductors,Technology,"Taiwan, Province of China",TW,TWN,,,BUY
894,17,151,41,1,45,2024-01-24,24,1,January,Q1,2024,Wednesday,AMD,"Advanced Micro Devices, Inc.",Semiconductors,Technology,United States of America,US,USA,Northern America,Americas,BUY
895,30,151,41,1,44,2024-02-12,12,2,February,Q1,2024,Monday,AMD,"Advanced Micro Devices, Inc.",Semiconductors,Technology,United States of America,US,USA,Northern America,Americas,BUY
896,75,6,41,1,44,2024-04-16,16,4,April,Q2,2024,Tuesday,AAPL,Apple Inc.,Consumer Electronics,Technology,United States of America,US,USA,Northern America,Americas,BUY
897,86,1980,8,1,44,2024-05-01,1,5,May,Q2,2024,Wednesday,NIO,NIO Inc.,Auto Manufacturers,Consumer Cyclical,China,CN,CHN,Eastern Asia,Asia,BUY
898,65,874,20,1,44,2024-04-02,2,4,April,Q2,2024,Tuesday,DOLE,Dole plc,Farm Products,Consumer Defensive,Ireland,IE,IRL,Northern Europe,Europe,BUY
899,52,2869,41,1,44,2024-03-13,13,3,March,Q1,2024,Wednesday,TSLA,"Tesla, Inc.",Auto Manufacturers,Consumer Cyclical,United States of America,US,USA,Northern America,Americas,BUY
900,86,6,41,1,44,2024-05-01,1,5,May,Q2,2024,Wednesday,AAPL,Apple Inc.,Consumer Electronics,Technology,United States of America,US,USA,Northern America,Americas,BUY
901,31,177,41,1,43,2024-02-13,13,2,February,Q1,2024,Tuesday,AMZN,"Amazon.com, Inc.",Internet Retail,Consumer Cyclical,United States of America,US,USA,Northern America,Americas,BUY
902,84,1258,41,1,43,2024-04-29,29,4,April,Q2,2024,Monday,GOOG,Alphabet Inc.,Internet Content & Information,Communication Services,United States of America,US,USA,Northern America,Americas,BUY
903,46,1980,8,1,43,2024-03-05,5,3,March,Q1,2024,Tuesday,NIO,NIO Inc.,Auto Manufacturers,Consumer Cyclical,China,CN,CHN,Eastern Asia,Asia,BUY
904,40,227,40,3,43,2024-02-26,26,2,February,Q1,2024,Monday,ARM,Arm Holdings plc,Semiconductors,Technology,United Kingdom of Great Britain and Northern Ireland,GB,GBR,Northern Europe,Europe,SELL
905,1,6,41,3,43,2024-01-02,2,1,January,Q1,2024,Tuesday,AAPL,Apple Inc.,Consumer Electronics,Technology,United States of America,US,USA,Northern America,Americas,SELL
906,115,6,41,3,43,2024-06-13,13,6,June,Q2,2024,Thursday,AAPL,Apple Inc.,Consumer Electronics,Technology,United States of America,US,USA,Northern America,Americas,SELL
907,74,2870,37,3,43,2024-04-15,15,4,April,Q2,2024,Monday,TSM,Taiwan Semiconductor Manufactur,Semiconductors,Technology,"Taiwan, Province of China",TW,TWN,,,SELL
908,28,2869,41,3,42,2024-02-08,8,2,February,Q1,2024,Thursday,TSLA,"Tesla, Inc.",Auto Manufacturers,Consumer Cyclical,United States of America,US,USA,Northern America,Americas,SELL
909,60,177,41,3,42,2024-03-25,25,3,March,Q1,2024,Monday,AMZN,"Amazon.com, Inc.",Internet Retail,Consumer Cyclical,United States of America,US,USA,Northern America,Americas,SELL
910,51,151,41,3,42,2024-03-12,12,3,March,Q1,2024,Tuesday,AMD,"Advanced Micro Devices, Inc.",Semiconductors,Technology,United States of America,US,USA,Northern America,Americas,SELL
911,73,1558,41,3,42,2024-04-12,12,4,April,Q2,2024,Friday,JPM,JP Morgan Chase & Co.,Banks - Diversified,Financial Services,United States of America,US,USA,Northern America,Americas,SELL
912,88,151,41,3,42,2024-05-06,6,5,May,Q2,2024,Monday,AMD,"Advanced Micro Devices, Inc.",Semiconductors,Technology,United States of America,US,USA,Northern America,Americas,SELL
913,44,151,41,3,42,2024-03-01,1,3,March,Q1,2024,Friday,AMD,"Advanced Micro Devices, Inc.",Semiconductors,Technology,United States of America,US,USA,Northern America,Americas,SELL
914,47,126,20,3,41,2024-03-06,6,3,March,Q1,2024,Wednesday,ALLE,Allegion plc,Security & Protection Services,Industrials,Ireland,IE,IRL,Northern Europe,Europe,SELL
915,53,151,41,3,41,2024-03-14,14,3,March,Q1,2024,Thursday,AMD,"Advanced Micro Devices, Inc.",Semiconductors,Technology,United States of America,US,USA,Northern America,Americas,SELL
916,89,227,40,3,41,2024-05-07,7,5,May,Q2,2024,Tuesday,ARM,Arm Holdings plc,Semiconductors,Technology,United Kingdom of Great Britain and Northern Ireland,GB,GBR,Northern Europe,Europe,SELL
917,179,832,41,3,41,2024-09-27,27,9,September,Q3,2024,Friday,DELL,Dell Technologies Inc.,Computer Hardware,Technology,United States of America,US,USA,Northern America,Americas,SELL
918,95,1558,41,3,41,2024-05-15,15,5,May,Q2,2024,Wednesday,JPM,JP Morgan Chase & Co.,Banks - Diversified,Financial Services,United States of America,US,USA,Northern America,Americas,SELL
919,20,6,41,3,41,2024-01-29,29,1,January,Q1,2024,Monday,AAPL,Apple Inc.,Consumer Electronics,Technology,United States of America,US,USA,Northern America,Americas,SELL
920,11,697,31,3,41,2024-01-16,16,1,January,Q1,2024,Tuesday,CPA,"Copa Holdings, S.A.",Airlines,Industrials,Panama,PA,PAN,Latin America and the Caribbean,Americas,SELL
921,148,1980,8,3,41,2024-08-07,7,8,August,Q3,2024,Wednesday,NIO,NIO Inc.,Auto Manufacturers,Consumer Cyclical,China,CN,CHN,Eastern Asia,Asia,SELL
922,12,2527,41,3,40,2024-01-17,17,1,January,Q1,2024,Wednesday,SBUX,Starbucks Corporation,Restaurants,Consumer Cyclical,United States of America,US,USA,Northern America,Americas,SELL
923,59,1558,41,3,40,2024-03-22,22,3,March,Q1,2024,Friday,JPM,JP Morgan Chase & Co.,Banks - Diversified,Financial Services,United States of America,US,USA,Northern America,Americas,SELL
924,31,2869,41,3,40,2024-02-13,13,2,February,Q1,2024,Tuesday,TSLA,"Tesla, Inc.",Auto Manufacturers,Consumer Cyclical,United States of America,US,USA,Northern America,Americas,SELL
925,53,1558,41,3,40,2024-03-14,14,3,March,Q1,2024,Thursday,JPM,JP Morgan Chase & Co.,Banks - Diversified,Financial Services,United States of America,US,USA,Northern America,Americas,SELL
926,67,2870,37,3,39,2024-04-04,4,4,April,Q2,2024,Thursday,TSM,Taiwan Semiconductor Manufactur,Semiconductors,Technology,"Taiwan, Province of China",TW,TWN,,,SELL
927,28,2869,41,3,39,2024-02-08,8,2,February,Q1,2024,Thursday,TSLA,"Tesla, Inc.",Auto Manufacturers,Consumer Cyclical,United States of America,US,USA,Northern America,Americas,SELL
928,75,1558,41,3,39,2024-04-16,16,4,April,Q2,2024,Tuesday,JPM,JP Morgan Chase & Co.,Banks - Diversified,Financial Services,United States of America,US,USA,Northern America,Americas,SELL
929,48,1558,41,3,39,2024-03-07,7,3,March,Q1,2024,Thursday,JPM,JP Morgan Chase & Co.,Banks - Diversified,Financial Services,United States of America,US,USA,Northern America,Americas,SELL
930,60,227,40,3,39,2024-03-25,25,3,March,Q1,2024,Monday,ARM,Arm Holdings plc,Semiconductors,Technology,United Kingdom of Great Britain and Northern Ireland,GB,GBR,Northern Europe,Europe,SELL
931,46,2870,37,3,39,2024-03-05,5,3,March,Q1,2024,Tuesday,TSM,Taiwan Semiconductor Manufactur,Semiconductors,Technology,"Taiwan, Province of China",TW,TWN,,,SELL
932,20,2869,41,3,39,2024-01-29,29,1,January,Q1,2024,Monday,TSLA,"Tesla, Inc.",Auto Manufacturers,Consumer Cyclical,United States of America,US,USA,Northern America,Americas,SELL
933,18,6,41,3,39,2024-01-25,25,1,January,Q1,2024,Thursday,AAPL,Apple Inc.,Consumer Electronics,Technology,United States of America,US,USA,Northern America,Americas,SELL
934,54,151,41,3,39,2024-03-15,15,3,March,Q1,2024,Friday,AMD,"Advanced Micro Devices, Inc.",Semiconductors,Technology,United States of America,US,USA,Northern America,Americas,SELL
935,28,805,41,3,39,2024-02-08,8,2,February,Q1,2024,Thursday,DAL,"Delta Air Lines, Inc.",Airlines,Industrials,United States of America,US,USA,Northern America,Americas,SELL
936,32,2869,41,3,39,2024-02-14,14,2,February,Q1,2024,Wednesday,TSLA,"Tesla, Inc.",Auto Manufacturers,Consumer Cyclical,United States of America,US,USA,Northern America,Americas,SELL
937,207,1258,41,3,39,2024-11-14,14,11,November,Q4,2024,Thursday,GOOG,Alphabet Inc.,Internet Content & Information,Communication Services,United States of America,US,USA,Northern America,Americas,SELL
938,39,151,41,3,38,2024-02-23,23,2,February,Q1,2024,Friday,AMD,"Advanced Micro Devices, Inc.",Semiconductors,Technology,United States of America,US,USA,Northern America,Americas,SELL
939,45,6,41,3,38,2024-03-04,4,3,March,Q1,2024,Monday,AAPL,Apple Inc.,Consumer Electronics,Technology,United States of America,US,USA,Northern America,Americas,SELL
940,88,2870,37,3,38,2024-05-06,6,5,May,Q2,2024,Monday,TSM,Taiwan Semiconductor Manufactur,Semiconductors,Technology,"Taiwan, Province of China",TW,TWN,,,SELL
941,155,151,41,3,38,2024-08-19,19,8,August,Q3,2024,Monday,AMD,"Advanced Micro Devices, Inc.",Semiconductors,Technology,United States of America,US,USA,Northern America,Americas,SELL
942,171,1980,8,3,38,2024-09-17,17,9,September,Q3,2024,Tuesday,NIO,NIO Inc.,Auto Manufacturers,Consumer Cyclical,China,CN,CHN,Eastern Asia,Asia,SELL
943,37,6,41,3,38,2024-02-21,21,2,February,Q1,2024,Wednesday,AAPL,Apple Inc.,Consumer Electronics,Technology,United States of America,US,USA,Northern America,Americas,SELL
944,68,177,41,3,37,2024-04-05,5,4,April,Q2,2024,Friday,AMZN,"Amazon.com, Inc.",Internet Retail,Consumer Cyclical,United States of America,US,USA,Northern America,Americas,SELL
945,19,151,41,3,37,2024-01-26,26,1,January,Q1,2024,Friday,AMD,"Advanced Micro Devices, Inc.",Semiconductors,Technology,United States of America,US,USA,Northern America,Americas,SELL
946,26,2869,41,3,37,2024-02-06,6,2,February,Q1,2024,Tuesday,TSLA,"Tesla, Inc.",Auto Manufacturers,Consumer Cyclical,United States of America,US,USA,Northern America,Americas,SELL
947,169,852,41,3,37,2024-09-13,13,9,September,Q3,2024,Friday,DIS,Walt Disney Company (The),Entertainment,Communication Services,United States of America,US,USA,Northern America,Americas,SELL
948,81,2870,37,3,37,2024-04-24,24,4,April,Q2,2024,Wednesday,TSM,Taiwan Semiconductor Manufactur,Semiconductors,Technology,"Taiwan, Province of China",TW,TWN,,,SELL
949,18,151,41,3,37,2024-01-25,25,1,January,Q1,2024,Thursday,AMD,"Advanced Micro Devices, Inc.",Semiconductors,Technology,United States of America,US,USA,Northern America,Americas,SELL
950,58,1980,8,3,37,2024-03-21,21,3,March,Q1,2024,Thursday,NIO,NIO Inc.,Auto Manufacturers,Consumer Cyclical,China,CN,CHN,Eastern Asia,Asia,SELL
951,134,1258,41,3,37,2024-07-11,11,7,July,Q3,2024,Thursday,GOOG,Alphabet Inc.,Internet Content & Information,Communication Services,United States of America,US,USA,Northern America,Americas,SELL
952,101,1980,8,3,37,2024-05-23,23,5,May,Q2,2024,Thursday,NIO,NIO Inc.,Auto Manufacturers,Consumer Cyclical,China,CN,CHN,Eastern Asia,Asia,SELL
953,58,6,41,3,37,2024-03-21,21,3,March,Q1,2024,Thursday,AAPL,Apple Inc.,Consumer Electronics,Technology,United States of America,US,USA,Northern America,Americas,SELL
954,36,151,41,3,36,2024-02-20,20,2,February,Q1,2024,Tuesday,AMD,"Advanced Micro Devices, Inc.",Semiconductors,Technology,United States of America,US,USA,Northern America,Americas,SELL
955,43,151,41,3,36,2024-02-29,29,2,February,Q1,2024,Thursday,AMD,"Advanced Micro Devices, Inc.",Semiconductors,Technology,United States of America,US,USA,Northern America,Americas,SELL
956,33,151,41,3,36,2024-02-15,15,2,February,Q1,2024,Thursday,AMD,"Advanced Micro Devices, Inc.",Semiconductors,Technology,United States of America,US,USA,Northern America,Americas,SELL
957,49,2869,41,3,36,2024-03-08,8,3,March,Q1,2024,Friday,TSLA,"Tesla, Inc.",Auto Manufacturers,Consumer Cyclical,United States of America,US,USA,Northern America,Americas,SELL
958,55,6,41,3,36,2024-03-18,18,3,March,Q1,2024,Monday,AAPL,Apple Inc.,Consumer Electronics,Technology,United States of America,US,USA,Northern America,Americas,SELL
959,169,227,40,3,36,2024-09-13,13,9,September,Q3,2024,Friday,ARM,Arm Holdings plc,Semiconductors,Technology,United Kingdom of Great Britain and Northern Ireland,GB,GBR,Northern Europe,Europe,SELL
960,85,177,41,3,35,2024-04-30,30,4,April,Q2,2024,Tuesday,AMZN,"Amazon.com, Inc.",Internet Retail,Consumer Cyclical,United States of America,US,USA,Northern America,Americas,SELL
961,44,2870,37,3,35,2024-03-01,1,3,March,Q1,2024,Friday,TSM,Taiwan Semiconductor Manufactur,Semiconductors,Technology,"Taiwan, Province of China",TW,TWN,,,SELL
962,17,151,41,3,35,2024-01-24,24,1,January,Q1,2024,Wednesday,AMD,"Advanced Micro Devices, Inc.",Semiconductors,Technology,United States of America,US,USA,Northern America,Americas,SELL
963,32,151,41,3,35,2024-02-14,14,2,February,Q1,2024,Wednesday,AMD,"Advanced Micro Devices, Inc.",Semiconductors,Technology,United States of America,US,USA,Northern America,Americas,SELL
964,85,6,41,3,35,2024-04-30,30,4,April,Q2,2024,Tuesday,AAPL,Apple Inc.,Consumer Electronics,Technology,United States of America,US,USA,Northern America,Americas,SELL
965,94,1980,8,3,35,2024-05-14,14,5,May,Q2,2024,Tuesday,NIO,NIO Inc.,Auto Manufacturers,Consumer Cyclical,China,CN,CHN,Eastern Asia,Asia,SELL
966,65,126,20,3,35,2024-04-02,2,4,April,Q2,2024,Tuesday,ALLE,Allegion plc,Security & Protection Services,Industrials,Ireland,IE,IRL,Northern Europe,Europe,SELL
967,53,2869,41,3,35,2024-03-14,14,3,March,Q1,2024,Thursday,TSLA,"Tesla, Inc.",Auto Manufacturers,Consumer Cyclical,United States of America,US,USA,Northern America,Americas,SELL
968,88,6,41,3,35,2024-05-06,6,5,May,Q2,2024,Monday,AAPL,Apple Inc.,Consumer Electronics,Technology,United States of America,US,USA,Northern America,Americas,SELL
969,46,177,41,3,35,2024-03-05,5,3,March,Q1,2024,Tuesday,AMZN,"Amazon.com, Inc.",Internet Retail,Consumer Cyclical,United States of America,US,USA,Northern America,Americas,SELL
970,89,1258,41,3,35,2024-05-07,7,5,May,Q2,2024,Tuesday,GOOG,Alphabet Inc.,Internet Content & Information,Communication Services,United States of America,US,USA,Northern America,Americas,SELL
971,48,1980,8,3,35,2024-03-07,7,3,March,Q1,2024,Thursday,NIO,NIO Inc.,Auto Manufacturers,Consumer Cyclical,China,CN,CHN,Eastern Asia,Asia,SELL
972,138,2457,40,1,34,2024-07-17,17,7,July,Q3,2024,Wednesday,ROIV,Roivant Sciences Ltd.,Biotechnology,Healthcare,United Kingdom of Great Britain and Northern Ireland,GB,GBR,Northern Europe,Europe,BUY
973,23,1558,41,1,34,2024-02-01,1,2,February,Q1,2024,Thursday,JPM,JP Morgan Chase & Co.,Banks - Diversified,Financial Services,United States of America,US,USA,Northern America,Americas,BUY
974,145,227,40,1,34,2024-08-02,2,8,August,Q3,2024,Friday,ARM,Arm Holdings plc,Semiconductors,Technology,United Kingdom of Great Britain and Northern Ireland,GB,GBR,Northern Europe,Europe,BUY
975,227,177,41,1,34,2024-12-19,19,12,December,Q4,2024,Thursday,AMZN,"Amazon.com, Inc.",Internet Retail,Consumer Cyclical,United States of America,US,USA,Northern America,Americas,BUY
976,70,874,20,1,34,2024-04-09,9,4,April,Q2,2024,Tuesday,DOLE,Dole plc,Farm Products,Consumer Defensive,Ireland,IE,IRL,Northern Europe,Europe,BUY
977,138,227,40,1,34,2024-07-17,17,7,July,Q3,2024,Wednesday,ARM,Arm Holdings plc,Semiconductors,Technology,United Kingdom of Great Britain and Northern Ireland,GB,GBR,Northern Europe,Europe,BUY
978,40,874,20,1,34,2024-02-26,26,2,February,Q1,2024,Monday,DOLE,Dole plc,Farm Products,Consumer Defensive,Ireland,IE,IRL,Northern Europe,Europe,BUY
979,112,2275,40,1,34,2024-06-10,10,6,June,Q2,2024,Monday,PNR,Pentair plc.,Specialty Industrial Machinery,Industrials,United Kingdom of Great Britain and Northern Ireland,GB,GBR,Northern Europe,Europe,BUY
980,40,1980,8,1,34,2024-02-26,26,2,February,Q1,2024,Monday,NIO,NIO Inc.,Auto Manufacturers,Consumer Cyclical,China,CN,CHN,Eastern Asia,Asia,BUY
981,228,151,41,1,34,2024-12-20,20,12,December,Q4,2024,Friday,AMD,"Advanced Micro Devices, Inc.",Semiconductors,Technology,United States of America,US,USA,Northern America,Americas,BUY
982,69,177,41,1,33,2024-04-08,8,4,April,Q2,2024,Monday,AMZN,"Amazon.com, Inc.",Internet Retail,Consumer Cyclical,United States of America,US,USA,Northern America,Americas,BUY
983,123,2275,40,1,33,2024-06-24,24,6,June,Q2,2024,Monday,PNR,Pentair plc.,Specialty Industrial Machinery,Industrials,United Kingdom of Great Britain and Northern Ireland,GB,GBR,Northern Europe,Europe,BUY
984,200,227,40,1,33,2024-11-01,1,11,November,Q4,2024,Friday,ARM,Arm Holdings plc,Semiconductors,Technology,United Kingdom of Great Britain and Northern Ireland,GB,GBR,Northern Europe,Europe,BUY
985,2,2869,41,1,33,2024-01-03,3,1,January,Q1,2024,Wednesday,TSLA,"Tesla, Inc.",Auto Manufacturers,Consumer Cyclical,United States of America,US,USA,Northern America,Americas,BUY
986,4,2869,41,1,33,2024-01-05,5,1,January,Q1,2024,Friday,TSLA,"Tesla, Inc.",Auto Manufacturers,Consumer Cyclical,United States of America,US,USA,Northern America,Americas,BUY
987,154,2870,37,1,33,2024-08-16,16,8,August,Q3,2024,Friday,TSM,Taiwan Semiconductor Manufactur,Semiconductors,Technology,"Taiwan, Province of China",TW,TWN,,,BUY
988,140,2870,37,1,33,2024-07-24,24,7,July,Q3,2024,Wednesday,TSM,Taiwan Semiconductor Manufactur,Semiconductors,Technology,"Taiwan, Province of China",TW,TWN,,,BUY
989,6,319,41,1,33,2024-01-09,9,1,January,Q1,2024,Tuesday,BA,Boeing Company (The),Aerospace & Defense,Industrials,United States of America,US,USA,Northern America,Americas,BUY
990,65,874,20,1,33,2024-04-02,2,4,April,Q2,2024,Tuesday,DOLE,Dole plc,Farm Products,Consumer Defensive,Ireland,IE,IRL,Northern Europe,Europe,BUY
991,75,874,20,1,32,2024-04-16,16,4,April,Q2,2024,Tuesday,DOLE,Dole plc,Farm Products,Consumer Defensive,Ireland,IE,IRL,Northern Europe,Europe,BUY
992,228,177,41,1,32,2024-12-20,20,12,December,Q4,2024,Friday,AMZN,"Amazon.com, Inc.",Internet Retail,Consumer Cyclical,United States of America,US,USA,Northern America,Americas,BUY
993,11,2869,41,1,32,2024-01-16,16,1,January,Q1,2024,Tuesday,TSLA,"Tesla, Inc.",Auto Manufacturers,Consumer Cyclical,United States of America,US,USA,Northern America,Americas,BUY
994,98,227,40,1,32,2024-05-20,20,5,May,Q2,2024,Monday,ARM,Arm Holdings plc,Semiconductors,Technology,United Kingdom of Great Britain and Northern Ireland,GB,GBR,Northern Europe,Europe,BUY
995,218,177,41,1,31,2024-12-05,5,12,December,Q4,2024,Thursday,AMZN,"Amazon.com, Inc.",Internet Retail,Consumer Cyclical,United States of America,US,USA,Northern America,Americas,BUY
996,71,151,41,1,31,2024-04-10,10,4,April,Q2,2024,Wednesday,AMD,"Advanced Micro Devices, Inc.",Semiconductors,Technology,United States of America,US,USA,Northern America,Americas,BUY
997,148,227,40,1,30,2024-08-07,7,8,August,Q3,2024,Wednesday,ARM,Arm Holdings plc,Semiconductors,Technology,United Kingdom of Great Britain and Northern Ireland,GB,GBR,Northern Europe,Europe,BUY
998,138,151,41,1,30,2024-07-17,17,7,July,Q3,2024,Wednesday,AMD,"Advanced Micro Devices, Inc.",Semiconductors,Technology,United States of America,US,USA,Northern America,Americas,BUY
999,73,151,41,1,30,2024-04-12,12,4,April,Q2,2024,Friday,AMD,"Advanced Micro Devices, Inc.",Semiconductors,Technology,United States of America,US,USA,Northern America,Americas,BUY
1000,76,227,40,1,30,2024-04-17,17,4,April,Q2,2024,Wednesday,ARM,Arm Holdings plc,Semiconductors,Technology,United Kingdom of Great Britain and Northern Ireland,GB,GBR,Northern Europe,Europe,BUY
1001,16,2869,41,1,30,2024-01-23,23,1,January,Q1,2024,Tuesday,TSLA,"Tesla, Inc.",Auto Manufacturers,Consumer Cyclical,United States of America,US,USA,Northern America,Americas,BUY
1002,75,1558,41,1,30,2024-04-16,16,4,April,Q2,2024,Tuesday,JPM,JP Morgan Chase & Co.,Banks - Diversified,Financial Services,United States of America,US,USA,Northern America,Americas,BUY
1003,90,852,41,1,30,2024-05-08,8,5,May,Q2,2024,Wednesday,DIS,Walt Disney Company (The),Entertainment,Communication Services,United States of America,US,USA,Northern America,Americas,BUY
1004,48,151,41,1,30,2024-03-07,7,3,March,Q1,2024,Thursday,AMD,"Advanced Micro Devices, Inc.",Semiconductors,Technology,United States of America,US,USA,Northern America,Americas,BUY
1005,189,151,41,1,30,2024-10-16,16,10,October,Q4,2024,Wednesday,AMD,"Advanced Micro Devices, Inc.",Semiconductors,Technology,United States of America,US,USA,Northern America,Americas,BUY
1006,70,1258,41,1,30,2024-04-09,9,4,April,Q2,2024,Tuesday,GOOG,Alphabet Inc.,Internet Content & Information,Communication Services,United States of America,US,USA,Northern America,Americas,BUY
1007,49,151,41,1,30,2024-03-08,8,3,March,Q1,2024,Friday,AMD,"Advanced Micro Devices, Inc.",Semiconductors,Technology,United States of America,US,USA,Northern America,Americas,BUY
1008,227,1980,8,1,29,2024-12-19,19,12,December,Q4,2024,Thursday,NIO,NIO Inc.,Auto Manufacturers,Consumer Cyclical,China,CN,CHN,Eastern Asia,Asia,BUY
1009,205,177,41,1,29,2024-11-12,12,11,November,Q4,2024,Tuesday,AMZN,"Amazon.com, Inc.",Internet Retail,Consumer Cyclical,United States of America,US,USA,Northern America,Americas,BUY
1010,175,151,41,1,29,2024-09-23,23,9,September,Q3,2024,Monday,AMD,"Advanced Micro Devices, Inc.",Semiconductors,Technology,United States of America,US,USA,Northern America,Americas,BUY
1011,45,151,41,1,29,2024-03-04,4,3,March,Q1,2024,Monday,AMD,"Advanced Micro Devices, Inc.",Semiconductors,Technology,United States of America,US,USA,Northern America,Americas,BUY
1012,68,1258,41,1,29,2024-04-05,5,4,April,Q2,2024,Friday,GOOG,Alphabet Inc.,Internet Content & Information,Communication Services,United States of America,US,USA,Northern America,Americas,BUY
1013,46,151,41,1,29,2024-03-05,5,3,March,Q1,2024,Tuesday,AMD,"Advanced Micro Devices, Inc.",Semiconductors,Technology,United States of America,US,USA,Northern America,Americas,BUY
1014,218,2870,37,1,28,2024-12-05,5,12,December,Q4,2024,Thursday,TSM,Taiwan Semiconductor Manufactur,Semiconductors,Technology,"Taiwan, Province of China",TW,TWN,,,BUY
1015,47,874,20,1,28,2024-03-06,6,3,March,Q1,2024,Wednesday,DOLE,Dole plc,Farm Products,Consumer Defensive,Ireland,IE,IRL,Northern Europe,Europe,BUY
1016,34,2869,41,1,28,2024-02-16,16,2,February,Q1,2024,Friday,TSLA,"Tesla, Inc.",Auto Manufacturers,Consumer Cyclical,United States of America,US,USA,Northern America,Americas,BUY
1017,91,227,40,1,28,2024-05-09,9,5,May,Q2,2024,Thursday,ARM,Arm Holdings plc,Semiconductors,Technology,United Kingdom of Great Britain and Northern Ireland,GB,GBR,Northern Europe,Europe,BUY
1018,140,1689,40,3,28,2024-07-24,24,7,July,Q3,2024,Wednesday,LIN,Linde plc,Specialty Chemicals,Basic Materials,United Kingdom of Great Britain and Northern Ireland,GB,GBR,Northern Europe,Europe,SELL
1019,31,1558,41,3,28,2024-02-13,13,2,February,Q1,2024,Tuesday,JPM,JP Morgan Chase & Co.,Banks - Diversified,Financial Services,United States of America,US,USA,Northern America,Americas,SELL
1020,148,227,40,3,28,2024-08-07,7,8,August,Q3,2024,Wednesday,ARM,Arm Holdings plc,Semiconductors,Technology,United Kingdom of Great Britain and Northern Ireland,GB,GBR,Northern Europe,Europe,SELL
1021,228,177,41,3,28,2024-12-20,20,12,December,Q4,2024,Friday,AMZN,"Amazon.com, Inc.",Internet Retail,Consumer Cyclical,United States of America,US,USA,Northern America,Americas,SELL
1022,75,126,20,3,28,2024-04-16,16,4,April,Q2,2024,Tuesday,ALLE,Allegion plc,Security & Protection Services,Industrials,Ireland,IE,IRL,Northern Europe,Europe,SELL
1023,154,227,40,3,27,2024-08-16,16,8,August,Q3,2024,Friday,ARM,Arm Holdings plc,Semiconductors,Technology,United Kingdom of Great Britain and Northern Ireland,GB,GBR,Northern Europe,Europe,SELL
1024,44,126,20,3,27,2024-03-01,1,3,March,Q1,2024,Friday,ALLE,Allegion plc,Security & Protection Services,Industrials,Ireland,IE,IRL,Northern Europe,Europe,SELL
1025,121,1444,40,3,27,2024-06-20,20,6,June,Q2,2024,Thursday,IGT,International Game Technology,Gambling,Consumer Cyclical,United Kingdom of Great Britain and Northern Ireland,GB,GBR,Northern Europe,Europe,SELL
1026,41,1980,8,3,27,2024-02-27,27,2,February,Q1,2024,Tuesday,NIO,NIO Inc.,Auto Manufacturers,Consumer Cyclical,China,CN,CHN,Eastern Asia,Asia,SELL
1027,76,177,41,3,27,2024-04-17,17,4,April,Q2,2024,Wednesday,AMZN,"Amazon.com, Inc.",Internet Retail,Consumer Cyclical,United States of America,US,USA,Northern America,Americas,SELL
1028,125,1444,40,3,27,2024-06-26,26,6,June,Q2,2024,Wednesday,IGT,International Game Technology,Gambling,Consumer Cyclical,United Kingdom of Great Britain and Northern Ireland,GB,GBR,Northern Europe,Europe,SELL
1029,203,227,40,3,27,2024-11-07,7,11,November,Q4,2024,Thursday,ARM,Arm Holdings plc,Semiconductors,Technology,United Kingdom of Great Britain and Northern Ireland,GB,GBR,Northern Europe,Europe,SELL
1030,3,2869,41,3,27,2024-01-04,4,1,January,Q1,2024,Thursday,TSLA,"Tesla, Inc.",Auto Manufacturers,Consumer Cyclical,United States of America,US,USA,Northern America,Americas,SELL
1031,6,2869,41,3,27,2024-01-09,9,1,January,Q1,2024,Tuesday,TSLA,"Tesla, Inc.",Auto Manufacturers,Consumer Cyclical,United States of America,US,USA,Northern America,Americas,SELL
1032,188,2870,37,3,27,2024-10-15,15,10,October,Q4,2024,Tuesday,TSM,Taiwan Semiconductor Manufactur,Semiconductors,Technology,"Taiwan, Province of China",TW,TWN,,,SELL
1033,154,2870,37,3,27,2024-08-16,16,8,August,Q3,2024,Friday,TSM,Taiwan Semiconductor Manufactur,Semiconductors,Technology,"Taiwan, Province of China",TW,TWN,,,SELL
1034,7,319,41,3,27,2024-01-10,10,1,January,Q1,2024,Wednesday,BA,Boeing Company (The),Aerospace & Defense,Industrials,United States of America,US,USA,Northern America,Americas,SELL
1035,70,126,20,3,27,2024-04-09,9,4,April,Q2,2024,Tuesday,ALLE,Allegion plc,Security & Protection Services,Industrials,Ireland,IE,IRL,Northern Europe,Europe,SELL
1036,80,126,20,3,27,2024-04-23,23,4,April,Q2,2024,Tuesday,ALLE,Allegion plc,Security & Protection Services,Industrials,Ireland,IE,IRL,Northern Europe,Europe,SELL
1037,231,177,41,3,26,2024-12-30,30,12,December,Q4,2024,Monday,AMZN,"Amazon.com, Inc.",Internet Retail,Consumer Cyclical,United States of America,US,USA,Northern America,Americas,SELL
1038,11,2869,41,3,26,2024-01-16,16,1,January,Q1,2024,Tuesday,TSLA,"Tesla, Inc.",Auto Manufacturers,Consumer Cyclical,United States of America,US,USA,Northern America,Americas,SELL
1039,99,227,40,3,26,2024-05-21,21,5,May,Q2,2024,Tuesday,ARM,Arm Holdings plc,Semiconductors,Technology,United Kingdom of Great Britain and Northern Ireland,GB,GBR,Northern Europe,Europe,SELL
1040,225,177,41,3,26,2024-12-17,17,12,December,Q4,2024,Tuesday,AMZN,"Amazon.com, Inc.",Internet Retail,Consumer Cyclical,United States of America,US,USA,Northern America,Americas,SELL
1041,73,151,41,3,26,2024-04-12,12,4,April,Q2,2024,Friday,AMD,"Advanced Micro Devices, Inc.",Semiconductors,Technology,United States of America,US,USA,Northern America,Americas,SELL
1042,151,227,40,3,26,2024-08-12,12,8,August,Q3,2024,Monday,ARM,Arm Holdings plc,Semiconductors,Technology,United Kingdom of Great Britain and Northern Ireland,GB,GBR,Northern Europe,Europe,SELL
1043,140,151,41,3,26,2024-07-24,24,7,July,Q3,2024,Wednesday,AMD,"Advanced Micro Devices, Inc.",Semiconductors,Technology,United States of America,US,USA,Northern America,Americas,SELL
1044,76,151,41,3,26,2024-04-17,17,4,April,Q2,2024,Wednesday,AMD,"Advanced Micro Devices, Inc.",Semiconductors,Technology,United States of America,US,USA,Northern America,Americas,SELL
1045,89,227,40,3,26,2024-05-07,7,5,May,Q2,2024,Tuesday,ARM,Arm Holdings plc,Semiconductors,Technology,United Kingdom of Great Britain and Northern Ireland,GB,GBR,Northern Europe,Europe,SELL
1046,16,2869,41,3,26,2024-01-23,23,1,January,Q1,2024,Tuesday,TSLA,"Tesla, Inc.",Auto Manufacturers,Consumer Cyclical,United States of America,US,USA,Northern America,Americas,SELL
1047,78,1558,41,3,26,2024-04-19,19,4,April,Q2,2024,Friday,JPM,JP Morgan Chase & Co.,Banks - Diversified,Financial Services,United States of America,US,USA,Northern America,Americas,SELL
1048,154,852,41,3,26,2024-08-16,16,8,August,Q3,2024,Friday,DIS,Walt Disney Company (The),Entertainment,Communication Services,United States of America,US,USA,Northern America,Americas,SELL
1049,49,151,41,3,26,2024-03-08,8,3,March,Q1,2024,Friday,AMD,"Advanced Micro Devices, Inc.",Semiconductors,Technology,United States of America,US,USA,Northern America,Americas,SELL
1050,193,151,41,3,26,2024-10-22,22,10,October,Q4,2024,Tuesday,AMD,"Advanced Micro Devices, Inc.",Semiconductors,Technology,United States of America,US,USA,Northern America,Americas,SELL
1051,81,1258,41,3,26,2024-04-24,24,4,April,Q2,2024,Wednesday,GOOG,Alphabet Inc.,Internet Content & Information,Communication Services,United States of America,US,USA,Northern America,Americas,SELL
1052,50,151,41,3,26,2024-03-11,11,3,March,Q1,2024,Monday,AMD,"Advanced Micro Devices, Inc.",Semiconductors,Technology,United States of America,US,USA,Northern America,Americas,SELL
1053,228,1980,8,3,25,2024-12-20,20,12,December,Q4,2024,Friday,NIO,NIO Inc.,Auto Manufacturers,Consumer Cyclical,China,CN,CHN,Eastern Asia,Asia,SELL
1054,207,177,41,3,25,2024-11-14,14,11,November,Q4,2024,Thursday,AMZN,"Amazon.com, Inc.",Internet Retail,Consumer Cyclical,United States of America,US,USA,Northern America,Americas,SELL
1055,179,151,41,3,25,2024-09-27,27,9,September,Q3,2024,Friday,AMD,"Advanced Micro Devices, Inc.",Semiconductors,Technology,United States of America,US,USA,Northern America,Americas,SELL
1056,63,126,20,3,25,2024-03-28,28,3,March,Q1,2024,Thursday,ALLE,Allegion plc,Security & Protection Services,Industrials,Ireland,IE,IRL,Northern Europe,Europe,SELL
1057,46,151,41,3,25,2024-03-05,5,3,March,Q1,2024,Tuesday,AMD,"Advanced Micro Devices, Inc.",Semiconductors,Technology,United States of America,US,USA,Northern America,Americas,SELL
1058,70,1258,41,3,25,2024-04-09,9,4,April,Q2,2024,Tuesday,GOOG,Alphabet Inc.,Internet Content & Information,Communication Services,United States of America,US,USA,Northern America,Americas,SELL
1059,47,151,41,3,25,2024-03-06,6,3,March,Q1,2024,Wednesday,AMD,"Advanced Micro Devices, Inc.",Semiconductors,Technology,United States of America,US,USA,Northern America,Americas,SELL
1060,219,2870,37,3,25,2024-12-06,6,12,December,Q4,2024,Friday,TSM,Taiwan Semiconductor Manufactur,Semiconductors,Technology,"Taiwan, Province of China",TW,TWN,,,SELL
1061,49,126,20,3,25,2024-03-08,8,3,March,Q1,2024,Friday,ALLE,Allegion plc,Security & Protection Services,Industrials,Ireland,IE,IRL,Northern Europe,Europe,SELL
1062,36,2869,41,3,25,2024-02-20,20,2,February,Q1,2024,Tuesday,TSLA,"Tesla, Inc.",Auto Manufacturers,Consumer Cyclical,United States of America,US,USA,Northern America,Americas,SELL
1063,91,227,40,3,25,2024-05-09,9,5,May,Q2,2024,Thursday,ARM,Arm Holdings plc,Semiconductors,Technology,United Kingdom of Great Britain and Northern Ireland,GB,GBR,Northern Europe,Europe,SELL
1064,137,1258,41,1,25,2024-07-16,16,7,July,Q3,2024,Tuesday,GOOG,Alphabet Inc.,Internet Content & Information,Communication Services,United States of America,US,USA,Northern America,Americas,BUY
1065,18,1277,36,1,25,2024-01-25,25,1,January,Q1,2024,Thursday,GRMN,Garmin Ltd.,Scientific & Technical Instruments,Technology,Switzerland,CH,CHE,Western Europe,Europe,BUY
1066,22,1900,41,1,25,2024-01-31,31,1,January,Q1,2024,Wednesday,MSFT,Microsoft Corporation,Software - Infrastructure,Technology,United States of America,US,USA,Northern America,Americas,BUY
1067,189,227,40,1,24,2024-10-16,16,10,October,Q4,2024,Wednesday,ARM,Arm Holdings plc,Semiconductors,Technology,United Kingdom of Great Britain and Northern Ireland,GB,GBR,Northern Europe,Europe,BUY
1068,198,151,41,1,24,2024-10-30,30,10,October,Q4,2024,Wednesday,AMD,"Advanced Micro Devices, Inc.",Semiconductors,Technology,United States of America,US,USA,Northern America,Americas,BUY
1069,61,227,40,1,24,2024-03-26,26,3,March,Q1,2024,Tuesday,ARM,Arm Holdings plc,Semiconductors,Technology,United Kingdom of Great Britain and Northern Ireland,GB,GBR,Northern Europe,Europe,BUY
1070,61,2116,36,1,24,2024-03-26,26,3,March,Q1,2024,Tuesday,ONON,On Holding AG,Footwear & Accessories,Consumer Cyclical,Switzerland,CH,CHE,Western Europe,Europe,BUY
1071,185,151,41,1,24,2024-10-10,10,10,October,Q4,2024,Thursday,AMD,"Advanced Micro Devices, Inc.",Semiconductors,Technology,United States of America,US,USA,Northern America,Americas,BUY
1072,113,2870,37,1,24,2024-06-11,11,6,June,Q2,2024,Tuesday,TSM,Taiwan Semiconductor Manufactur,Semiconductors,Technology,"Taiwan, Province of China",TW,TWN,,,BUY
1073,105,151,41,1,233,2024-05-29,29,5,May,Q2,2024,Wednesday,AMD,"Advanced Micro Devices, Inc.",Semiconductors,Technology,United States of America,US,USA,Northern America,Americas,BUY
1074,176,874,20,1,222,2024-09-24,24,9,September,Q3,2024,Tuesday,DOLE,Dole plc,Farm Products,Consumer Defensive,Ireland,IE,IRL,Northern Europe,Europe,BUY
1075,26,1900,41,1,222,2024-02-06,6,2,February,Q1,2024,Tuesday,MSFT,Microsoft Corporation,Software - Infrastructure,Technology,United States of America,US,USA,Northern America,Americas,BUY
1076,30,2116,36,1,222,2024-02-12,12,2,February,Q1,2024,Monday,ONON,On Holding AG,Footwear & Accessories,Consumer Cyclical,Switzerland,CH,CHE,Western Europe,Europe,BUY
1077,31,1900,41,1,221,2024-02-13,13,2,February,Q1,2024,Tuesday,MSFT,Microsoft Corporation,Software - Infrastructure,Technology,United States of America,US,USA,Northern America,Americas,BUY
1078,64,3159,41,1,217,2024-04-01,1,4,April,Q2,2024,Monday,XYZ,"Block, Inc.",Software - Infrastructure,Technology,United States of America,US,USA,Northern America,Americas,BUY
1079,31,2116,36,1,217,2024-02-13,13,2,February,Q1,2024,Tuesday,ONON,On Holding AG,Footwear & Accessories,Consumer Cyclical,Switzerland,CH,CHE,Western Europe,Europe,BUY
1080,145,177,41,1,215,2024-08-02,2,8,August,Q3,2024,Friday,AMZN,"Amazon.com, Inc.",Internet Retail,Consumer Cyclical,United States of America,US,USA,Northern America,Americas,BUY
1081,28,2116,36,1,215,2024-02-08,8,2,February,Q1,2024,Thursday,ONON,On Holding AG,Footwear & Accessories,Consumer Cyclical,Switzerland,CH,CHE,Western Europe,Europe,BUY
1082,127,874,20,1,214,2024-06-28,28,6,June,Q2,2024,Friday,DOLE,Dole plc,Farm Products,Consumer Defensive,Ireland,IE,IRL,Northern Europe,Europe,BUY
1083,116,874,20,1,214,2024-06-14,14,6,June,Q2,2024,Friday,DOLE,Dole plc,Farm Products,Consumer Defensive,Ireland,IE,IRL,Northern Europe,Europe,BUY
1084,28,2116,36,1,202,2024-02-08,8,2,February,Q1,2024,Thursday,ONON,On Holding AG,Footwear & Accessories,Consumer Cyclical,Switzerland,CH,CHE,Western Europe,Europe,BUY
1085,54,2116,36,1,202,2024-03-15,15,3,March,Q1,2024,Friday,ONON,On Holding AG,Footwear & Accessories,Consumer Cyclical,Switzerland,CH,CHE,Western Europe,Europe,BUY
1086,50,2116,36,1,199,2024-03-11,11,3,March,Q1,2024,Monday,ONON,On Holding AG,Footwear & Accessories,Consumer Cyclical,Switzerland,CH,CHE,Western Europe,Europe,BUY
1087,31,2116,36,1,199,2024-02-13,13,2,February,Q1,2024,Tuesday,ONON,On Holding AG,Footwear & Accessories,Consumer Cyclical,Switzerland,CH,CHE,Western Europe,Europe,BUY
1088,128,227,40,1,198,2024-07-01,1,7,July,Q3,2024,Monday,ARM,Arm Holdings plc,Semiconductors,Technology,United Kingdom of Great Britain and Northern Ireland,GB,GBR,Northern Europe,Europe,BUY
1089,38,149,36,1,198,2024-02-22,22,2,February,Q1,2024,Thursday,AMCR,Amcor plc,Packaging & Containers,Consumer Cyclical,Switzerland,CH,CHE,Western Europe,Europe,BUY
1090,207,770,5,1,198,2024-11-14,14,11,November,Q4,2024,Thursday,CVE,Cenovus Energy Inc,Oil & Gas Integrated,Energy,Canada,CA,CAN,Northern America,Americas,BUY
1091,89,151,41,1,198,2024-05-07,7,5,May,Q2,2024,Tuesday,AMD,"Advanced Micro Devices, Inc.",Semiconductors,Technology,United States of America,US,USA,Northern America,Americas,BUY
1092,128,151,41,1,195,2024-07-01,1,7,July,Q3,2024,Monday,AMD,"Advanced Micro Devices, Inc.",Semiconductors,Technology,United States of America,US,USA,Northern America,Americas,BUY
1093,76,151,41,1,195,2024-04-17,17,4,April,Q2,2024,Wednesday,AMD,"Advanced Micro Devices, Inc.",Semiconductors,Technology,United States of America,US,USA,Northern America,Americas,BUY
1094,105,2870,37,1,190,2024-05-29,29,5,May,Q2,2024,Wednesday,TSM,Taiwan Semiconductor Manufactur,Semiconductors,Technology,"Taiwan, Province of China",TW,TWN,,,BUY
1095,193,151,41,1,185,2024-10-22,22,10,October,Q4,2024,Tuesday,AMD,"Advanced Micro Devices, Inc.",Semiconductors,Technology,United States of America,US,USA,Northern America,Americas,BUY
1096,21,2762,5,1,185,2024-01-30,30,1,January,Q1,2024,Tuesday,TCX,Tucows Inc.,Software - Infrastructure,Technology,Canada,CA,CAN,Northern America,Americas,BUY
1097,98,2870,37,1,185,2024-05-20,20,5,May,Q2,2024,Monday,TSM,Taiwan Semiconductor Manufactur,Semiconductors,Technology,"Taiwan, Province of China",TW,TWN,,,BUY
1098,123,227,40,1,177,2024-06-24,24,6,June,Q2,2024,Monday,ARM,Arm Holdings plc,Semiconductors,Technology,United Kingdom of Great Britain and Northern Ireland,GB,GBR,Northern Europe,Europe,BUY
1099,179,832,41,1,177,2024-09-27,27,9,September,Q3,2024,Friday,DELL,Dell Technologies Inc.,Computer Hardware,Technology,United States of America,US,USA,Northern America,Americas,BUY
1100,17,149,36,1,155,2024-01-24,24,1,January,Q1,2024,Wednesday,AMCR,Amcor plc,Packaging & Containers,Consumer Cyclical,Switzerland,CH,CHE,Western Europe,Europe,BUY
1101,138,1980,8,1,155,2024-07-17,17,7,July,Q3,2024,Wednesday,NIO,NIO Inc.,Auto Manufacturers,Consumer Cyclical,China,CN,CHN,Eastern Asia,Asia,BUY
1102,18,149,36,1,147,2024-01-25,25,1,January,Q1,2024,Thursday,AMCR,Amcor plc,Packaging & Containers,Consumer Cyclical,Switzerland,CH,CHE,Western Europe,Europe,BUY
1103,17,149,36,1,147,2024-01-24,24,1,January,Q1,2024,Wednesday,AMCR,Amcor plc,Packaging & Containers,Consumer Cyclical,Switzerland,CH,CHE,Western Europe,Europe,BUY
1104,26,149,36,1,146,2024-02-06,6,2,February,Q1,2024,Tuesday,AMCR,Amcor plc,Packaging & Containers,Consumer Cyclical,Switzerland,CH,CHE,Western Europe,Europe,BUY
1105,22,149,36,1,146,2024-01-31,31,1,January,Q1,2024,Wednesday,AMCR,Amcor plc,Packaging & Containers,Consumer Cyclical,Switzerland,CH,CHE,Western Europe,Europe,BUY
1106,78,151,41,1,144,2024-04-19,19,4,April,Q2,2024,Friday,AMD,"Advanced Micro Devices, Inc.",Semiconductors,Technology,United States of America,US,USA,Northern America,Americas,BUY
1107,19,149,36,1,144,2024-01-26,26,1,January,Q1,2024,Friday,AMCR,Amcor plc,Packaging & Containers,Consumer Cyclical,Switzerland,CH,CHE,Western Europe,Europe,BUY
1108,8,151,41,1,136,2024-01-11,11,1,January,Q1,2024,Thursday,AMD,"Advanced Micro Devices, Inc.",Semiconductors,Technology,United States of America,US,USA,Northern America,Americas,BUY
1109,12,1958,41,1,136,2024-01-17,17,1,January,Q1,2024,Wednesday,NEE,"NextEra Energy, Inc.",Utilities - Regulated Electric,Utilities,United States of America,US,USA,Northern America,Americas,BUY
1110,26,725,41,1,135,2024-02-06,6,2,February,Q1,2024,Tuesday,CRM,"Salesforce, Inc.",Software - Application,Technology,United States of America,US,USA,Northern America,Americas,BUY
1111,113,227,40,1,135,2024-06-11,11,6,June,Q2,2024,Tuesday,ARM,Arm Holdings plc,Semiconductors,Technology,United Kingdom of Great Britain and Northern Ireland,GB,GBR,Northern Europe,Europe,BUY
1112,205,151,41,1,135,2024-11-12,12,11,November,Q4,2024,Tuesday,AMD,"Advanced Micro Devices, Inc.",Semiconductors,Technology,United States of America,US,USA,Northern America,Americas,BUY
1113,89,2870,37,1,135,2024-05-07,7,5,May,Q2,2024,Tuesday,TSM,Taiwan Semiconductor Manufactur,Semiconductors,Technology,"Taiwan, Province of China",TW,TWN,,,BUY
1114,124,832,41,1,133,2024-06-25,25,6,June,Q2,2024,Tuesday,DELL,Dell Technologies Inc.,Computer Hardware,Technology,United States of America,US,USA,Northern America,Americas,BUY
1115,17,725,41,1,133,2024-01-24,24,1,January,Q1,2024,Wednesday,CRM,"Salesforce, Inc.",Software - Application,Technology,United States of America,US,USA,Northern America,Americas,BUY
1116,164,151,41,1,132,2024-09-03,3,9,September,Q3,2024,Tuesday,AMD,"Advanced Micro Devices, Inc.",Semiconductors,Technology,United States of America,US,USA,Northern America,Americas,BUY
1117,212,1900,41,1,132,2024-11-21,21,11,November,Q4,2024,Thursday,MSFT,Microsoft Corporation,Software - Infrastructure,Technology,United States of America,US,USA,Northern America,Americas,BUY
1118,104,1196,41,1,129,2024-05-28,28,5,May,Q2,2024,Tuesday,GDDY,GoDaddy Inc.,Software - Infrastructure,Technology,United States of America,US,USA,Northern America,Americas,BUY
1119,154,1258,41,1,129,2024-08-16,16,8,August,Q3,2024,Friday,GOOG,Alphabet Inc.,Internet Content & Information,Communication Services,United States of America,US,USA,Northern America,Americas,BUY
1120,220,2275,40,1,129,2024-12-09,9,12,December,Q4,2024,Monday,PNR,Pentair plc.,Specialty Industrial Machinery,Industrials,United Kingdom of Great Britain and Northern Ireland,GB,GBR,Northern Europe,Europe,BUY
1121,61,2665,26,1,129,2024-03-26,26,3,March,Q1,2024,Tuesday,SPOT,Spotify Technology S.A.,Internet Content & Information,Communication Services,Luxembourg,LU,LUX,Western Europe,Europe,BUY
1122,6,101,41,1,128,2024-01-09,9,1,January,Q1,2024,Tuesday,AIZ,"Assurant, Inc.",Insurance - Property & Casualty,Financial Services,United States of America,US,USA,Northern America,Americas,BUY
1123,189,2275,40,1,128,2024-10-16,16,10,October,Q4,2024,Wednesday,PNR,Pentair plc.,Specialty Industrial Machinery,Industrials,United Kingdom of Great Britain and Northern Ireland,GB,GBR,Northern Europe,Europe,BUY
1124,220,151,41,1,125,2024-12-09,9,12,December,Q4,2024,Monday,AMD,"Advanced Micro Devices, Inc.",Semiconductors,Technology,United States of America,US,USA,Northern America,Americas,BUY
1125,105,1980,8,1,123,2024-05-29,29,5,May,Q2,2024,Wednesday,NIO,NIO Inc.,Auto Manufacturers,Consumer Cyclical,China,CN,CHN,Eastern Asia,Asia,BUY
1126,55,227,40,1,123,2024-03-18,18,3,March,Q1,2024,Monday,ARM,Arm Holdings plc,Semiconductors,Technology,United Kingdom of Great Britain and Northern Ireland,GB,GBR,Northern Europe,Europe,BUY
1127,31,2762,5,1,122,2024-02-13,13,2,February,Q1,2024,Tuesday,TCX,Tucows Inc.,Software - Infrastructure,Technology,Canada,CA,CAN,Northern America,Americas,BUY
1128,54,227,40,1,122,2024-03-15,15,3,March,Q1,2024,Friday,ARM,Arm Holdings plc,Semiconductors,Technology,United Kingdom of Great Britain and Northern Ireland,GB,GBR,Northern Europe,Europe,BUY
1129,136,2275,40,1,115,2024-07-15,15,7,July,Q3,2024,Monday,PNR,Pentair plc.,Specialty Industrial Machinery,Industrials,United Kingdom of Great Britain and Northern Ireland,GB,GBR,Northern Europe,Europe,BUY
1130,144,227,40,1,107,2024-08-01,1,8,August,Q3,2024,Thursday,ARM,Arm Holdings plc,Semiconductors,Technology,United Kingdom of Great Britain and Northern Ireland,GB,GBR,Northern Europe,Europe,BUY
1131,145,1980,8,1,107,2024-08-02,2,8,August,Q3,2024,Friday,NIO,NIO Inc.,Auto Manufacturers,Consumer Cyclical,China,CN,CHN,Eastern Asia,Asia,BUY
1132,127,2275,40,1,103,2024-06-28,28,6,June,Q2,2024,Friday,PNR,Pentair plc.,Specialty Industrial Machinery,Industrials,United Kingdom of Great Britain and Northern Ireland,GB,GBR,Northern Europe,Europe,BUY
1133,45,2869,41,1,101,2024-03-04,4,3,March,Q1,2024,Monday,TSLA,"Tesla, Inc.",Auto Manufacturers,Consumer Cyclical,United States of America,US,USA,Northern America,Americas,BUY
1134,56,227,40,1,101,2024-03-19,19,3,March,Q1,2024,Tuesday,ARM,Arm Holdings plc,Semiconductors,Technology,United Kingdom of Great Britain and Northern Ireland,GB,GBR,Northern Europe,Europe,BUY
1135,20,149,36,3,96,2024-01-29,29,1,January,Q1,2024,Monday,AMCR,Amcor plc,Packaging & Containers,Consumer Cyclical,Switzerland,CH,CHE,Western Europe,Europe,SELL
1136,25,1900,41,3,96,2024-02-05,5,2,February,Q1,2024,Monday,MSFT,Microsoft Corporation,Software - Infrastructure,Technology,United States of America,US,USA,Northern America,Americas,SELL
1137,194,227,40,3,93,2024-10-23,23,10,October,Q4,2024,Wednesday,ARM,Arm Holdings plc,Semiconductors,Technology,United Kingdom of Great Britain and Northern Ireland,GB,GBR,Northern Europe,Europe,SELL
1138,199,151,41,3,93,2024-10-31,31,10,October,Q4,2024,Thursday,AMD,"Advanced Micro Devices, Inc.",Semiconductors,Technology,United States of America,US,USA,Northern America,Americas,SELL
1139,110,227,40,3,93,2024-06-06,6,6,June,Q2,2024,Thursday,ARM,Arm Holdings plc,Semiconductors,Technology,United Kingdom of Great Britain and Northern Ireland,GB,GBR,Northern Europe,Europe,SELL
1140,62,1852,36,3,92,2024-03-27,27,3,March,Q1,2024,Wednesday,MLTX,MoonLake Immunotherapeutics,Biotechnology,Healthcare,Switzerland,CH,CHE,Western Europe,Europe,SELL
1141,188,151,41,3,92,2024-10-15,15,10,October,Q4,2024,Tuesday,AMD,"Advanced Micro Devices, Inc.",Semiconductors,Technology,United States of America,US,USA,Northern America,Americas,SELL
1142,114,2870,37,3,92,2024-06-12,12,6,June,Q2,2024,Wednesday,TSM,Taiwan Semiconductor Manufactur,Semiconductors,Technology,"Taiwan, Province of China",TW,TWN,,,SELL
1143,127,151,41,3,91,2024-06-28,28,6,June,Q2,2024,Friday,AMD,"Advanced Micro Devices, Inc.",Semiconductors,Technology,United States of America,US,USA,Northern America,Americas,SELL
1144,208,126,20,3,91,2024-11-15,15,11,November,Q4,2024,Friday,ALLE,Allegion plc,Security & Protection Services,Industrials,Ireland,IE,IRL,Northern Europe,Europe,SELL
1145,31,1900,41,3,91,2024-02-13,13,2,February,Q1,2024,Tuesday,MSFT,Microsoft Corporation,Software - Infrastructure,Technology,United States of America,US,USA,Northern America,Americas,SELL
1146,31,1852,36,3,91,2024-02-13,13,2,February,Q1,2024,Tuesday,MLTX,MoonLake Immunotherapeutics,Biotechnology,Healthcare,Switzerland,CH,CHE,Western Europe,Europe,SELL
1147,46,1900,41,3,91,2024-03-05,5,3,March,Q1,2024,Tuesday,MSFT,Microsoft Corporation,Software - Infrastructure,Technology,United States of America,US,USA,Northern America,Americas,SELL
1148,67,3159,41,3,87,2024-04-04,4,4,April,Q2,2024,Thursday,XYZ,"Block, Inc.",Software - Infrastructure,Technology,United States of America,US,USA,Northern America,Americas,SELL
1149,33,1852,36,3,87,2024-02-15,15,2,February,Q1,2024,Thursday,MLTX,MoonLake Immunotherapeutics,Biotechnology,Healthcare,Switzerland,CH,CHE,Western Europe,Europe,SELL
1150,158,177,41,3,84,2024-08-22,22,8,August,Q3,2024,Thursday,AMZN,"Amazon.com, Inc.",Internet Retail,Consumer Cyclical,United States of America,US,USA,Northern America,Americas,SELL
1151,29,1852,36,3,84,2024-02-09,9,2,February,Q1,2024,Friday,MLTX,MoonLake Immunotherapeutics,Biotechnology,Healthcare,Switzerland,CH,CHE,Western Europe,Europe,SELL
1152,131,126,20,3,84,2024-07-04,4,7,July,Q3,2024,Thursday,ALLE,Allegion plc,Security & Protection Services,Industrials,Ireland,IE,IRL,Northern Europe,Europe,SELL
1153,122,126,20,3,83,2024-06-21,21,6,June,Q2,2024,Friday,ALLE,Allegion plc,Security & Protection Services,Industrials,Ireland,IE,IRL,Northern Europe,Europe,SELL
1154,29,1852,36,3,83,2024-02-09,9,2,February,Q1,2024,Friday,MLTX,MoonLake Immunotherapeutics,Biotechnology,Healthcare,Switzerland,CH,CHE,Western Europe,Europe,SELL
1155,59,1852,36,3,82,2024-03-22,22,3,March,Q1,2024,Friday,MLTX,MoonLake Immunotherapeutics,Biotechnology,Healthcare,Switzerland,CH,CHE,Western Europe,Europe,SELL
1156,51,1852,36,3,82,2024-03-12,12,3,March,Q1,2024,Tuesday,MLTX,MoonLake Immunotherapeutics,Biotechnology,Healthcare,Switzerland,CH,CHE,Western Europe,Europe,SELL
1157,31,1852,36,3,82,2024-02-13,13,2,February,Q1,2024,Tuesday,MLTX,MoonLake Immunotherapeutics,Biotechnology,Healthcare,Switzerland,CH,CHE,Western Europe,Europe,SELL
1158,133,227,40,3,81,2024-07-09,9,7,July,Q3,2024,Tuesday,ARM,Arm Holdings plc,Semiconductors,Technology,United Kingdom of Great Britain and Northern Ireland,GB,GBR,Northern Europe,Europe,SELL
1159,41,1852,36,3,81,2024-02-27,27,2,February,Q1,2024,Tuesday,MLTX,MoonLake Immunotherapeutics,Biotechnology,Healthcare,Switzerland,CH,CHE,Western Europe,Europe,SELL
1160,215,770,5,3,80,2024-12-02,2,12,December,Q4,2024,Monday,CVE,Cenovus Energy Inc,Oil & Gas Integrated,Energy,Canada,CA,CAN,Northern America,Americas,SELL
1161,98,151,41,3,80,2024-05-20,20,5,May,Q2,2024,Monday,AMD,"Advanced Micro Devices, Inc.",Semiconductors,Technology,United States of America,US,USA,Northern America,Americas,SELL
1162,134,151,41,3,75,2024-07-11,11,7,July,Q3,2024,Thursday,AMD,"Advanced Micro Devices, Inc.",Semiconductors,Technology,United States of America,US,USA,Northern America,Americas,SELL
1163,81,151,41,3,75,2024-04-24,24,4,April,Q2,2024,Wednesday,AMD,"Advanced Micro Devices, Inc.",Semiconductors,Technology,United States of America,US,USA,Northern America,Americas,SELL
1164,110,2870,37,3,74,2024-06-06,6,6,June,Q2,2024,Thursday,TSM,Taiwan Semiconductor Manufactur,Semiconductors,Technology,"Taiwan, Province of China",TW,TWN,,,SELL
1165,198,151,41,3,74,2024-10-30,30,10,October,Q4,2024,Wednesday,AMD,"Advanced Micro Devices, Inc.",Semiconductors,Technology,United States of America,US,USA,Northern America,Americas,SELL
1166,31,2762,5,3,73,2024-02-13,13,2,February,Q1,2024,Tuesday,TCX,Tucows Inc.,Software - Infrastructure,Technology,Canada,CA,CAN,Northern America,Americas,SELL
1167,102,2870,37,3,73,2024-05-24,24,5,May,Q2,2024,Friday,TSM,Taiwan Semiconductor Manufactur,Semiconductors,Technology,"Taiwan, Province of China",TW,TWN,,,SELL
1168,126,227,40,3,71,2024-06-27,27,6,June,Q2,2024,Thursday,ARM,Arm Holdings plc,Semiconductors,Technology,United Kingdom of Great Britain and Northern Ireland,GB,GBR,Northern Europe,Europe,SELL
1169,180,832,41,3,71,2024-09-30,30,9,September,Q3,2024,Monday,DELL,Dell Technologies Inc.,Computer Hardware,Technology,United States of America,US,USA,Northern America,Americas,SELL
1170,18,1852,36,3,69,2024-01-25,25,1,January,Q1,2024,Thursday,MLTX,MoonLake Immunotherapeutics,Biotechnology,Healthcare,Switzerland,CH,CHE,Western Europe,Europe,SELL
1171,151,1980,8,3,69,2024-08-12,12,8,August,Q3,2024,Monday,NIO,NIO Inc.,Auto Manufacturers,Consumer Cyclical,China,CN,CHN,Eastern Asia,Asia,SELL
1172,18,1852,36,3,68,2024-01-25,25,1,January,Q1,2024,Thursday,MLTX,MoonLake Immunotherapeutics,Biotechnology,Healthcare,Switzerland,CH,CHE,Western Europe,Europe,SELL
1173,17,1852,36,3,68,2024-01-24,24,1,January,Q1,2024,Wednesday,MLTX,MoonLake Immunotherapeutics,Biotechnology,Healthcare,Switzerland,CH,CHE,Western Europe,Europe,SELL
1174,28,1852,36,3,67,2024-02-08,8,2,February,Q1,2024,Thursday,MLTX,MoonLake Immunotherapeutics,Biotechnology,Healthcare,Switzerland,CH,CHE,Western Europe,Europe,SELL
1175,25,1852,36,3,67,2024-02-05,5,2,February,Q1,2024,Monday,MLTX,MoonLake Immunotherapeutics,Biotechnology,Healthcare,Switzerland,CH,CHE,Western Europe,Europe,SELL
1176,80,151,41,3,63,2024-04-23,23,4,April,Q2,2024,Tuesday,AMD,"Advanced Micro Devices, Inc.",Semiconductors,Technology,United States of America,US,USA,Northern America,Americas,SELL
1177,22,1852,36,3,63,2024-01-31,31,1,January,Q1,2024,Wednesday,MLTX,MoonLake Immunotherapeutics,Biotechnology,Healthcare,Switzerland,CH,CHE,Western Europe,Europe,SELL
1178,9,151,41,3,62,2024-01-12,12,1,January,Q1,2024,Friday,AMD,"Advanced Micro Devices, Inc.",Semiconductors,Technology,United States of America,US,USA,Northern America,Americas,SELL
1179,25,1958,41,3,62,2024-02-05,5,2,February,Q1,2024,Monday,NEE,"NextEra Energy, Inc.",Utilities - Regulated Electric,Utilities,United States of America,US,USA,Northern America,Americas,SELL
1180,28,725,41,3,62,2024-02-08,8,2,February,Q1,2024,Thursday,CRM,"Salesforce, Inc.",Software - Application,Technology,United States of America,US,USA,Northern America,Americas,SELL
1181,114,227,40,3,62,2024-06-12,12,6,June,Q2,2024,Wednesday,ARM,Arm Holdings plc,Semiconductors,Technology,United Kingdom of Great Britain and Northern Ireland,GB,GBR,Northern Europe,Europe,SELL
1182,208,151,41,3,61,2024-11-15,15,11,November,Q4,2024,Friday,AMD,"Advanced Micro Devices, Inc.",Semiconductors,Technology,United States of America,US,USA,Northern America,Americas,SELL
1183,93,2870,37,3,61,2024-05-13,13,5,May,Q2,2024,Monday,TSM,Taiwan Semiconductor Manufactur,Semiconductors,Technology,"Taiwan, Province of China",TW,TWN,,,SELL
1184,140,832,41,3,60,2024-07-24,24,7,July,Q3,2024,Wednesday,DELL,Dell Technologies Inc.,Computer Hardware,Technology,United States of America,US,USA,Northern America,Americas,SELL
1185,19,725,41,3,60,2024-01-26,26,1,January,Q1,2024,Friday,CRM,"Salesforce, Inc.",Software - Application,Technology,United States of America,US,USA,Northern America,Americas,SELL
1186,167,151,41,3,60,2024-09-06,6,9,September,Q3,2024,Friday,AMD,"Advanced Micro Devices, Inc.",Semiconductors,Technology,United States of America,US,USA,Northern America,Americas,SELL
1187,222,1900,41,3,60,2024-12-12,12,12,December,Q4,2024,Thursday,MSFT,Microsoft Corporation,Software - Infrastructure,Technology,United States of America,US,USA,Northern America,Americas,SELL
1188,113,1196,41,3,60,2024-06-11,11,6,June,Q2,2024,Tuesday,GDDY,GoDaddy Inc.,Software - Infrastructure,Technology,United States of America,US,USA,Northern America,Americas,SELL
1189,198,1258,41,3,60,2024-10-30,30,10,October,Q4,2024,Wednesday,GOOG,Alphabet Inc.,Internet Content & Information,Communication Services,United States of America,US,USA,Northern America,Americas,SELL
1190,223,1444,40,3,58,2024-12-13,13,12,December,Q4,2024,Friday,IGT,International Game Technology,Gambling,Consumer Cyclical,United Kingdom of Great Britain and Northern Ireland,GB,GBR,Northern Europe,Europe,SELL
1191,66,2665,26,3,58,2024-04-03,3,4,April,Q2,2024,Wednesday,SPOT,Spotify Technology S.A.,Internet Content & Information,Communication Services,Luxembourg,LU,LUX,Western Europe,Europe,SELL
1192,9,101,41,3,58,2024-01-12,12,1,January,Q1,2024,Friday,AIZ,"Assurant, Inc.",Insurance - Property & Casualty,Financial Services,United States of America,US,USA,Northern America,Americas,SELL
1193,190,1444,40,3,58,2024-10-17,17,10,October,Q4,2024,Thursday,IGT,International Game Technology,Gambling,Consumer Cyclical,United Kingdom of Great Britain and Northern Ireland,GB,GBR,Northern Europe,Europe,SELL
1194,221,151,41,3,58,2024-12-10,10,12,December,Q4,2024,Tuesday,AMD,"Advanced Micro Devices, Inc.",Semiconductors,Technology,United States of America,US,USA,Northern America,Americas,SELL
1195,120,1980,8,3,58,2024-06-19,19,6,June,Q2,2024,Wednesday,NIO,NIO Inc.,Auto Manufacturers,Consumer Cyclical,China,CN,CHN,Eastern Asia,Asia,SELL
1196,55,227,40,3,58,2024-03-18,18,3,March,Q1,2024,Monday,ARM,Arm Holdings plc,Semiconductors,Technology,United Kingdom of Great Britain and Northern Ireland,GB,GBR,Northern Europe,Europe,SELL
1197,55,227,40,3,58,2024-03-18,18,3,March,Q1,2024,Monday,ARM,Arm Holdings plc,Semiconductors,Technology,United Kingdom of Great Britain and Northern Ireland,GB,GBR,Northern Europe,Europe,SELL
1198,140,1444,40,3,58,2024-07-24,24,7,July,Q3,2024,Wednesday,IGT,International Game Technology,Gambling,Consumer Cyclical,United Kingdom of Great Britain and Northern Ireland,GB,GBR,Northern Europe,Europe,SELL
1199,154,227,40,3,57,2024-08-16,16,8,August,Q3,2024,Friday,ARM,Arm Holdings plc,Semiconductors,Technology,United Kingdom of Great Britain and Northern Ireland,GB,GBR,Northern Europe,Europe,SELL
1200,151,1980,8,3,57,2024-08-12,12,8,August,Q3,2024,Monday,NIO,NIO Inc.,Auto Manufacturers,Consumer Cyclical,China,CN,CHN,Eastern Asia,Asia,SELL
1201,133,1444,40,3,56,2024-07-09,9,7,July,Q3,2024,Tuesday,IGT,International Game Technology,Gambling,Consumer Cyclical,United Kingdom of Great Britain and Northern Ireland,GB,GBR,Northern Europe,Europe,SELL
1202,46,2869,41,3,56,2024-03-05,5,3,March,Q1,2024,Tuesday,TSLA,"Tesla, Inc.",Auto Manufacturers,Consumer Cyclical,United States of America,US,USA,Northern America,Americas,SELL
1203,57,227,40,3,56,2024-03-20,20,3,March,Q1,2024,Wednesday,ARM,Arm Holdings plc,Semiconductors,Technology,United Kingdom of Great Britain and Northern Ireland,GB,GBR,Northern Europe,Europe,SELL
1204,33,1277,36,1,56,2024-02-15,15,2,February,Q1,2024,Thursday,GRMN,Garmin Ltd.,Scientific & Technical Instruments,Technology,Switzerland,CH,CHE,Western Europe,Europe,BUY
1205,5,319,41,1,56,2024-01-08,8,1,January,Q1,2024,Monday,BA,Boeing Company (The),Aerospace & Defense,Industrials,United States of America,US,USA,Northern America,Americas,BUY
1206,227,1900,41,1,56,2024-12-19,19,12,December,Q4,2024,Thursday,MSFT,Microsoft Corporation,Software - Infrastructure,Technology,United States of America,US,USA,Northern America,Americas,BUY
1207,100,770,5,1,56,2024-05-22,22,5,May,Q2,2024,Wednesday,CVE,Cenovus Energy Inc,Oil & Gas Integrated,Energy,Canada,CA,CAN,Northern America,Americas,BUY
1208,70,2665,26,1,56,2024-04-09,9,4,April,Q2,2024,Tuesday,SPOT,Spotify Technology S.A.,Internet Content & Information,Communication Services,Luxembourg,LU,LUX,Western Europe,Europe,BUY
1209,147,2457,40,1,56,2024-08-05,5,8,August,Q3,2024,Monday,ROIV,Roivant Sciences Ltd.,Biotechnology,Healthcare,United Kingdom of Great Britain and Northern Ireland,GB,GBR,Northern Europe,Europe,BUY
1210,20,1092,8,1,56,2024-01-29,29,1,January,Q1,2024,Monday,FINV,FinVolution Group,Credit Services,Financial Services,China,CN,CHN,Eastern Asia,Asia,BUY
1211,75,2665,26,1,55,2024-04-16,16,4,April,Q2,2024,Tuesday,SPOT,Spotify Technology S.A.,Internet Content & Information,Communication Services,Luxembourg,LU,LUX,Western Europe,Europe,BUY
1212,89,2869,41,1,55,2024-05-07,7,5,May,Q2,2024,Tuesday,TSLA,"Tesla, Inc.",Auto Manufacturers,Consumer Cyclical,United States of America,US,USA,Northern America,Americas,BUY
1213,45,1092,8,1,55,2024-03-04,4,3,March,Q1,2024,Monday,FINV,FinVolution Group,Credit Services,Financial Services,China,CN,CHN,Eastern Asia,Asia,BUY
1214,56,1092,8,1,55,2024-03-19,19,3,March,Q1,2024,Tuesday,FINV,FinVolution Group,Credit Services,Financial Services,China,CN,CHN,Eastern Asia,Asia,BUY
1215,22,2275,40,1,55,2024-01-31,31,1,January,Q1,2024,Wednesday,PNR,Pentair plc.,Specialty Industrial Machinery,Industrials,United Kingdom of Great Britain and Northern Ireland,GB,GBR,Northern Europe,Europe,BUY
1216,80,1092,8,1,55,2024-04-23,23,4,April,Q2,2024,Tuesday,FINV,FinVolution Group,Credit Services,Financial Services,China,CN,CHN,Eastern Asia,Asia,BUY
1217,53,1092,8,1,55,2024-03-14,14,3,March,Q1,2024,Thursday,FINV,FinVolution Group,Credit Services,Financial Services,China,CN,CHN,Eastern Asia,Asia,BUY
1218,40,1092,8,1,55,2024-02-26,26,2,February,Q1,2024,Monday,FINV,FinVolution Group,Credit Services,Financial Services,China,CN,CHN,Eastern Asia,Asia,BUY
1219,50,1092,8,1,54,2024-03-11,11,3,March,Q1,2024,Monday,FINV,FinVolution Group,Credit Services,Financial Services,China,CN,CHN,Eastern Asia,Asia,BUY
1220,2,2275,40,1,54,2024-01-03,3,1,January,Q1,2024,Wednesday,PNR,Pentair plc.,Specialty Industrial Machinery,Industrials,United Kingdom of Great Britain and Northern Ireland,GB,GBR,Northern Europe,Europe,BUY
1221,43,1761,41,1,53,2024-02-29,29,2,February,Q1,2024,Thursday,MA,Mastercard Incorporated,Credit Services,Financial Services,United States of America,US,USA,Northern America,Americas,BUY
1222,34,1092,8,1,53,2024-02-16,16,2,February,Q1,2024,Friday,FINV,FinVolution Group,Credit Services,Financial Services,China,CN,CHN,Eastern Asia,Asia,BUY
1223,136,6,41,1,53,2024-07-15,15,7,July,Q3,2024,Monday,AAPL,Apple Inc.,Consumer Electronics,Technology,United States of America,US,USA,Northern America,Americas,BUY
1224,30,1092,8,1,53,2024-02-12,12,2,February,Q1,2024,Monday,FINV,FinVolution Group,Credit Services,Financial Services,China,CN,CHN,Eastern Asia,Asia,BUY
1225,32,1092,8,1,52,2024-02-14,14,2,February,Q1,2024,Wednesday,FINV,FinVolution Group,Credit Services,Financial Services,China,CN,CHN,Eastern Asia,Asia,BUY
1226,189,770,5,1,52,2024-10-16,16,10,October,Q4,2024,Wednesday,CVE,Cenovus Energy Inc,Oil & Gas Integrated,Energy,Canada,CA,CAN,Northern America,Americas,BUY
1227,49,767,16,1,52,2024-03-08,8,3,March,Q1,2024,Friday,CVAC,CureVac N.V.,Biotechnology,Healthcare,Germany,DE,DEU,Western Europe,Europe,BUY
1228,30,1761,41,1,52,2024-02-12,12,2,February,Q1,2024,Monday,MA,Mastercard Incorporated,Credit Services,Financial Services,United States of America,US,USA,Northern America,Americas,BUY
1229,227,2665,26,1,52,2024-12-19,19,12,December,Q4,2024,Thursday,SPOT,Spotify Technology S.A.,Internet Content & Information,Communication Services,Luxembourg,LU,LUX,Western Europe,Europe,BUY
1230,36,1761,41,1,51,2024-02-20,20,2,February,Q1,2024,Tuesday,MA,Mastercard Incorporated,Credit Services,Financial Services,United States of America,US,USA,Northern America,Americas,BUY
1231,227,770,5,1,51,2024-12-19,19,12,December,Q4,2024,Thursday,CVE,Cenovus Energy Inc,Oil & Gas Integrated,Energy,Canada,CA,CAN,Northern America,Americas,BUY
1232,22,1761,41,1,50,2024-01-31,31,1,January,Q1,2024,Wednesday,MA,Mastercard Incorporated,Credit Services,Financial Services,United States of America,US,USA,Northern America,Americas,BUY
1233,164,832,41,1,50,2024-09-03,3,9,September,Q3,2024,Tuesday,DELL,Dell Technologies Inc.,Computer Hardware,Technology,United States of America,US,USA,Northern America,Americas,BUY
1234,86,1761,41,1,50,2024-05-01,1,5,May,Q2,2024,Wednesday,MA,Mastercard Incorporated,Credit Services,Financial Services,United States of America,US,USA,Northern America,Americas,BUY
1235,228,1900,41,1,50,2024-12-20,20,12,December,Q4,2024,Friday,MSFT,Microsoft Corporation,Software - Infrastructure,Technology,United States of America,US,USA,Northern America,Americas,BUY
1236,51,1277,36,1,50,2024-03-12,12,3,March,Q1,2024,Tuesday,GRMN,Garmin Ltd.,Scientific & Technical Instruments,Technology,Switzerland,CH,CHE,Western Europe,Europe,BUY
1237,82,1815,41,1,50,2024-04-25,25,4,April,Q2,2024,Thursday,META,"Meta Platforms, Inc.",Internet Content & Information,Communication Services,United States of America,US,USA,Northern America,Americas,BUY
1238,164,2275,40,1,50,2024-09-03,3,9,September,Q3,2024,Tuesday,PNR,Pentair plc.,Specialty Industrial Machinery,Industrials,United Kingdom of Great Britain and Northern Ireland,GB,GBR,Northern Europe,Europe,BUY
1239,48,1277,36,1,50,2024-03-07,7,3,March,Q1,2024,Thursday,GRMN,Garmin Ltd.,Scientific & Technical Instruments,Technology,Switzerland,CH,CHE,Western Europe,Europe,BUY
1240,8,2275,40,1,49,2024-01-11,11,1,January,Q1,2024,Thursday,PNR,Pentair plc.,Specialty Industrial Machinery,Industrials,United Kingdom of Great Britain and Northern Ireland,GB,GBR,Northern Europe,Europe,BUY
1241,8,2275,40,1,49,2024-01-11,11,1,January,Q1,2024,Thursday,PNR,Pentair plc.,Specialty Industrial Machinery,Industrials,United Kingdom of Great Britain and Northern Ireland,GB,GBR,Northern Europe,Europe,BUY
1242,49,1277,36,1,49,2024-03-08,8,3,March,Q1,2024,Friday,GRMN,Garmin Ltd.,Scientific & Technical Instruments,Technology,Switzerland,CH,CHE,Western Europe,Europe,BUY
1243,206,1980,8,1,49,2024-11-13,13,11,November,Q4,2024,Wednesday,NIO,NIO Inc.,Auto Manufacturers,Consumer Cyclical,China,CN,CHN,Eastern Asia,Asia,BUY
1244,119,6,41,1,48,2024-06-18,18,6,June,Q2,2024,Tuesday,AAPL,Apple Inc.,Consumer Electronics,Technology,United States of America,US,USA,Northern America,Americas,BUY
1245,42,1277,36,1,48,2024-02-28,28,2,February,Q1,2024,Wednesday,GRMN,Garmin Ltd.,Scientific & Technical Instruments,Technology,Switzerland,CH,CHE,Western Europe,Europe,BUY
1246,36,1277,36,1,48,2024-02-20,20,2,February,Q1,2024,Tuesday,GRMN,Garmin Ltd.,Scientific & Technical Instruments,Technology,Switzerland,CH,CHE,Western Europe,Europe,BUY
1247,205,1900,41,1,48,2024-11-12,12,11,November,Q4,2024,Tuesday,MSFT,Microsoft Corporation,Software - Infrastructure,Technology,United States of America,US,USA,Northern America,Americas,BUY
1248,145,2412,41,1,48,2024-08-02,2,8,August,Q3,2024,Friday,RGA,"Reinsurance Group of America, I",Insurance - Reinsurance,Financial Services,United States of America,US,USA,Northern America,Americas,BUY
1249,64,770,5,1,48,2024-04-01,1,4,April,Q2,2024,Monday,CVE,Cenovus Energy Inc,Oil & Gas Integrated,Energy,Canada,CA,CAN,Northern America,Americas,BUY
1250,45,1277,36,1,47,2024-03-04,4,3,March,Q1,2024,Monday,GRMN,Garmin Ltd.,Scientific & Technical Instruments,Technology,Switzerland,CH,CHE,Western Europe,Europe,BUY
1251,104,2412,41,1,47,2024-05-28,28,5,May,Q2,2024,Tuesday,RGA,"Reinsurance Group of America, I",Insurance - Reinsurance,Financial Services,United States of America,US,USA,Northern America,Americas,BUY
1252,54,1900,41,1,47,2024-03-15,15,3,March,Q1,2024,Friday,MSFT,Microsoft Corporation,Software - Infrastructure,Technology,United States of America,US,USA,Northern America,Americas,BUY
1253,70,1277,36,1,47,2024-04-09,9,4,April,Q2,2024,Tuesday,GRMN,Garmin Ltd.,Scientific & Technical Instruments,Technology,Switzerland,CH,CHE,Western Europe,Europe,BUY
1254,68,2665,26,1,46,2024-04-05,5,4,April,Q2,2024,Friday,SPOT,Spotify Technology S.A.,Internet Content & Information,Communication Services,Luxembourg,LU,LUX,Western Europe,Europe,BUY
1255,205,2968,41,1,46,2024-11-12,12,11,November,Q4,2024,Tuesday,V,Visa Inc.,Credit Services,Financial Services,United States of America,US,USA,Northern America,Americas,BUY
1256,200,1900,41,1,46,2024-11-01,1,11,November,Q4,2024,Friday,MSFT,Microsoft Corporation,Software - Infrastructure,Technology,United States of America,US,USA,Northern America,Americas,BUY
1257,90,2412,41,1,46,2024-05-08,8,5,May,Q2,2024,Wednesday,RGA,"Reinsurance Group of America, I",Insurance - Reinsurance,Financial Services,United States of America,US,USA,Northern America,Americas,BUY
1258,108,1900,41,1,46,2024-06-04,4,6,June,Q2,2024,Tuesday,MSFT,Microsoft Corporation,Software - Infrastructure,Technology,United States of America,US,USA,Northern America,Americas,BUY
1259,41,770,5,1,46,2024-02-27,27,2,February,Q1,2024,Tuesday,CVE,Cenovus Energy Inc,Oil & Gas Integrated,Energy,Canada,CA,CAN,Northern America,Americas,BUY
1260,98,1558,41,1,46,2024-05-20,20,5,May,Q2,2024,Monday,JPM,JP Morgan Chase & Co.,Banks - Diversified,Financial Services,United States of America,US,USA,Northern America,Americas,BUY
1261,82,770,5,1,46,2024-04-25,25,4,April,Q2,2024,Thursday,CVE,Cenovus Energy Inc,Oil & Gas Integrated,Energy,Canada,CA,CAN,Northern America,Americas,BUY
1262,191,2870,37,1,46,2024-10-18,18,10,October,Q4,2024,Friday,TSM,Taiwan Semiconductor Manufactur,Semiconductors,Technology,"Taiwan, Province of China",TW,TWN,,,BUY
1263,75,2116,36,1,45,2024-04-16,16,4,April,Q2,2024,Tuesday,ONON,On Holding AG,Footwear & Accessories,Consumer Cyclical,Switzerland,CH,CHE,Western Europe,Europe,BUY
1264,46,1900,41,1,45,2024-03-05,5,3,March,Q1,2024,Tuesday,MSFT,Microsoft Corporation,Software - Infrastructure,Technology,United States of America,US,USA,Northern America,Americas,BUY
1265,145,1558,41,1,45,2024-08-02,2,8,August,Q3,2024,Friday,JPM,JP Morgan Chase & Co.,Banks - Diversified,Financial Services,United States of America,US,USA,Northern America,Americas,BUY
1266,75,770,5,1,45,2024-04-16,16,4,April,Q2,2024,Tuesday,CVE,Cenovus Energy Inc,Oil & Gas Integrated,Energy,Canada,CA,CAN,Northern America,Americas,BUY
1267,220,2870,37,1,45,2024-12-09,9,12,December,Q4,2024,Monday,TSM,Taiwan Semiconductor Manufactur,Semiconductors,Technology,"Taiwan, Province of China",TW,TWN,,,BUY
1268,46,2116,36,1,45,2024-03-05,5,3,March,Q1,2024,Tuesday,ONON,On Holding AG,Footwear & Accessories,Consumer Cyclical,Switzerland,CH,CHE,Western Europe,Europe,BUY
1269,25,2116,36,1,45,2024-02-05,5,2,February,Q1,2024,Monday,ONON,On Holding AG,Footwear & Accessories,Consumer Cyclical,Switzerland,CH,CHE,Western Europe,Europe,BUY
1270,16,1900,41,1,45,2024-01-23,23,1,January,Q1,2024,Tuesday,MSFT,Microsoft Corporation,Software - Infrastructure,Technology,United States of America,US,USA,Northern America,Americas,BUY
1271,67,2665,26,1,45,2024-04-04,4,4,April,Q2,2024,Thursday,SPOT,Spotify Technology S.A.,Internet Content & Information,Communication Services,Luxembourg,LU,LUX,Western Europe,Europe,BUY
1272,228,2870,37,1,45,2024-12-20,20,12,December,Q4,2024,Friday,TSM,Taiwan Semiconductor Manufactur,Semiconductors,Technology,"Taiwan, Province of China",TW,TWN,,,BUY
1273,18,1092,8,1,45,2024-01-25,25,1,January,Q1,2024,Thursday,FINV,FinVolution Group,Credit Services,Financial Services,China,CN,CHN,Eastern Asia,Asia,BUY
1274,13,1900,41,1,45,2024-01-18,18,1,January,Q1,2024,Thursday,MSFT,Microsoft Corporation,Software - Infrastructure,Technology,United States of America,US,USA,Northern America,Americas,BUY
1275,128,177,41,1,45,2024-07-01,1,7,July,Q3,2024,Monday,AMZN,"Amazon.com, Inc.",Internet Retail,Consumer Cyclical,United States of America,US,USA,Northern America,Americas,BUY
1276,17,1092,8,1,45,2024-01-24,24,1,January,Q1,2024,Wednesday,FINV,FinVolution Group,Credit Services,Financial Services,China,CN,CHN,Eastern Asia,Asia,BUY
1277,37,2116,36,1,45,2024-02-21,21,2,February,Q1,2024,Wednesday,ONON,On Holding AG,Footwear & Accessories,Consumer Cyclical,Switzerland,CH,CHE,Western Europe,Europe,BUY
1278,189,2870,37,1,45,2024-10-16,16,10,October,Q4,2024,Wednesday,TSM,Taiwan Semiconductor Manufactur,Semiconductors,Technology,"Taiwan, Province of China",TW,TWN,,,BUY
1279,25,725,41,1,44,2024-02-05,5,2,February,Q1,2024,Monday,CRM,"Salesforce, Inc.",Software - Application,Technology,United States of America,US,USA,Northern America,Americas,BUY
1280,66,2665,26,1,44,2024-04-03,3,4,April,Q2,2024,Wednesday,SPOT,Spotify Technology S.A.,Internet Content & Information,Communication Services,Luxembourg,LU,LUX,Western Europe,Europe,BUY
1281,136,2870,37,1,44,2024-07-15,15,7,July,Q3,2024,Monday,TSM,Taiwan Semiconductor Manufactur,Semiconductors,Technology,"Taiwan, Province of China",TW,TWN,,,BUY
1282,47,2968,41,1,44,2024-03-06,6,3,March,Q1,2024,Wednesday,V,Visa Inc.,Credit Services,Financial Services,United States of America,US,USA,Northern America,Americas,BUY
1283,27,1092,8,1,44,2024-02-07,7,2,February,Q1,2024,Wednesday,FINV,FinVolution Group,Credit Services,Financial Services,China,CN,CHN,Eastern Asia,Asia,BUY
1284,9,1092,8,1,44,2024-01-12,12,1,January,Q1,2024,Friday,FINV,FinVolution Group,Credit Services,Financial Services,China,CN,CHN,Eastern Asia,Asia,BUY
1285,90,177,41,1,43,2024-05-08,8,5,May,Q2,2024,Wednesday,AMZN,"Amazon.com, Inc.",Internet Retail,Consumer Cyclical,United States of America,US,USA,Northern America,Americas,BUY
1286,208,1815,41,1,43,2024-11-15,15,11,November,Q4,2024,Friday,META,"Meta Platforms, Inc.",Internet Content & Information,Communication Services,United States of America,US,USA,Northern America,Americas,BUY
1287,25,1092,8,1,43,2024-02-05,5,2,February,Q1,2024,Monday,FINV,FinVolution Group,Credit Services,Financial Services,China,CN,CHN,Eastern Asia,Asia,BUY
1288,31,1092,8,1,43,2024-02-13,13,2,February,Q1,2024,Tuesday,FINV,FinVolution Group,Credit Services,Financial Services,China,CN,CHN,Eastern Asia,Asia,BUY
1289,8,1092,8,1,43,2024-01-11,11,1,January,Q1,2024,Thursday,FINV,FinVolution Group,Credit Services,Financial Services,China,CN,CHN,Eastern Asia,Asia,BUY
1290,26,3164,8,1,43,2024-02-06,6,2,February,Q1,2024,Tuesday,YMM,Full Truck Alliance Co. Ltd.,Software - Application,Technology,China,CN,CHN,Eastern Asia,Asia,BUY
1291,89,6,41,1,43,2024-05-07,7,5,May,Q2,2024,Tuesday,AAPL,Apple Inc.,Consumer Electronics,Technology,United States of America,US,USA,Northern America,Americas,BUY
1292,4,2762,5,1,42,2024-01-05,5,1,January,Q1,2024,Friday,TCX,Tucows Inc.,Software - Infrastructure,Technology,Canada,CA,CAN,Northern America,Americas,BUY
1293,70,2968,41,1,42,2024-04-09,9,4,April,Q2,2024,Tuesday,V,Visa Inc.,Credit Services,Financial Services,United States of America,US,USA,Northern America,Americas,BUY
1294,8,3164,8,1,42,2024-01-11,11,1,January,Q1,2024,Thursday,YMM,Full Truck Alliance Co. Ltd.,Software - Application,Technology,China,CN,CHN,Eastern Asia,Asia,BUY
1295,17,2968,41,1,42,2024-01-24,24,1,January,Q1,2024,Wednesday,V,Visa Inc.,Credit Services,Financial Services,United States of America,US,USA,Northern America,Americas,BUY
1296,76,177,41,1,42,2024-04-17,17,4,April,Q2,2024,Wednesday,AMZN,"Amazon.com, Inc.",Internet Retail,Consumer Cyclical,United States of America,US,USA,Northern America,Americas,BUY
1297,140,1258,41,1,42,2024-07-24,24,7,July,Q3,2024,Wednesday,GOOG,Alphabet Inc.,Internet Content & Information,Communication Services,United States of America,US,USA,Northern America,Americas,BUY
1298,2,3164,8,1,41,2024-01-03,3,1,January,Q1,2024,Wednesday,YMM,Full Truck Alliance Co. Ltd.,Software - Application,Technology,China,CN,CHN,Eastern Asia,Asia,BUY
1299,89,1258,41,1,41,2024-05-07,7,5,May,Q2,2024,Tuesday,GOOG,Alphabet Inc.,Internet Content & Information,Communication Services,United States of America,US,USA,Northern America,Americas,BUY
1300,115,2870,37,1,41,2024-06-13,13,6,June,Q2,2024,Thursday,TSM,Taiwan Semiconductor Manufactur,Semiconductors,Technology,"Taiwan, Province of China",TW,TWN,,,BUY
1301,183,151,41,1,41,2024-10-08,8,10,October,Q4,2024,Tuesday,AMD,"Advanced Micro Devices, Inc.",Semiconductors,Technology,United States of America,US,USA,Northern America,Americas,BUY
1302,128,2870,37,1,41,2024-07-01,1,7,July,Q3,2024,Monday,TSM,Taiwan Semiconductor Manufactur,Semiconductors,Technology,"Taiwan, Province of China",TW,TWN,,,BUY
1303,4,101,41,1,41,2024-01-05,5,1,January,Q1,2024,Friday,AIZ,"Assurant, Inc.",Insurance - Property & Casualty,Financial Services,United States of America,US,USA,Northern America,Americas,BUY
1304,123,2870,37,1,41,2024-06-24,24,6,June,Q2,2024,Monday,TSM,Taiwan Semiconductor Manufactur,Semiconductors,Technology,"Taiwan, Province of China",TW,TWN,,,BUY
1305,31,151,41,1,40,2024-02-13,13,2,February,Q1,2024,Tuesday,AMD,"Advanced Micro Devices, Inc.",Semiconductors,Technology,United States of America,US,USA,Northern America,Americas,BUY
1306,36,149,36,3,40,2024-02-20,20,2,February,Q1,2024,Tuesday,AMCR,Amcor plc,Packaging & Containers,Consumer Cyclical,Switzerland,CH,CHE,Western Europe,Europe,SELL
1307,6,319,41,3,40,2024-01-09,9,1,January,Q1,2024,Tuesday,BA,Boeing Company (The),Aerospace & Defense,Industrials,United States of America,US,USA,Northern America,Americas,SELL
1308,228,1900,41,3,40,2024-12-20,20,12,December,Q4,2024,Friday,MSFT,Microsoft Corporation,Software - Infrastructure,Technology,United States of America,US,USA,Northern America,Americas,SELL
1309,144,770,5,3,39,2024-08-01,1,8,August,Q3,2024,Thursday,CVE,Cenovus Energy Inc,Oil & Gas Integrated,Energy,Canada,CA,CAN,Northern America,Americas,SELL
1310,74,2665,26,3,39,2024-04-15,15,4,April,Q2,2024,Monday,SPOT,Spotify Technology S.A.,Internet Content & Information,Communication Services,Luxembourg,LU,LUX,Western Europe,Europe,SELL
1311,148,1689,40,3,39,2024-08-07,7,8,August,Q3,2024,Wednesday,LIN,Linde plc,Specialty Chemicals,Basic Materials,United Kingdom of Great Britain and Northern Ireland,GB,GBR,Northern Europe,Europe,SELL
1312,24,3164,8,3,39,2024-02-02,2,2,February,Q1,2024,Friday,YMM,Full Truck Alliance Co. Ltd.,Software - Application,Technology,China,CN,CHN,Eastern Asia,Asia,SELL
1313,26,2544,21,3,39,2024-02-06,6,2,February,Q1,2024,Tuesday,SEDG,"SolarEdge Technologies, Inc.",Solar,Technology,Israel,IL,ISR,Western Asia,Asia,SELL
1314,78,2665,26,3,39,2024-04-19,19,4,April,Q2,2024,Friday,SPOT,Spotify Technology S.A.,Internet Content & Information,Communication Services,Luxembourg,LU,LUX,Western Europe,Europe,SELL
1315,12,1900,41,3,39,2024-01-17,17,1,January,Q1,2024,Wednesday,MSFT,Microsoft Corporation,Software - Infrastructure,Technology,United States of America,US,USA,Northern America,Americas,SELL
1316,100,2869,41,3,39,2024-05-22,22,5,May,Q2,2024,Wednesday,TSLA,"Tesla, Inc.",Auto Manufacturers,Consumer Cyclical,United States of America,US,USA,Northern America,Americas,SELL
1317,49,3164,8,3,39,2024-03-08,8,3,March,Q1,2024,Friday,YMM,Full Truck Alliance Co. Ltd.,Software - Application,Technology,China,CN,CHN,Eastern Asia,Asia,SELL
1318,60,3164,8,3,39,2024-03-25,25,3,March,Q1,2024,Monday,YMM,Full Truck Alliance Co. Ltd.,Software - Application,Technology,China,CN,CHN,Eastern Asia,Asia,SELL
1319,25,1689,40,3,39,2024-02-05,5,2,February,Q1,2024,Monday,LIN,Linde plc,Specialty Chemicals,Basic Materials,United Kingdom of Great Britain and Northern Ireland,GB,GBR,Northern Europe,Europe,SELL
1320,81,1815,41,3,39,2024-04-24,24,4,April,Q2,2024,Wednesday,META,"Meta Platforms, Inc.",Internet Content & Information,Communication Services,United States of America,US,USA,Northern America,Americas,SELL
1321,55,3164,8,3,38,2024-03-18,18,3,March,Q1,2024,Monday,YMM,Full Truck Alliance Co. Ltd.,Software - Application,Technology,China,CN,CHN,Eastern Asia,Asia,SELL
1322,45,3164,8,3,38,2024-03-04,4,3,March,Q1,2024,Monday,YMM,Full Truck Alliance Co. Ltd.,Software - Application,Technology,China,CN,CHN,Eastern Asia,Asia,SELL
1323,51,3164,8,3,38,2024-03-12,12,3,March,Q1,2024,Tuesday,YMM,Full Truck Alliance Co. Ltd.,Software - Application,Technology,China,CN,CHN,Eastern Asia,Asia,SELL
1324,4,1689,40,3,38,2024-01-05,5,1,January,Q1,2024,Friday,LIN,Linde plc,Specialty Chemicals,Basic Materials,United Kingdom of Great Britain and Northern Ireland,GB,GBR,Northern Europe,Europe,SELL
1325,60,1761,41,3,38,2024-03-25,25,3,March,Q1,2024,Monday,MA,Mastercard Incorporated,Credit Services,Financial Services,United States of America,US,USA,Northern America,Americas,SELL
1326,40,3164,8,3,38,2024-02-26,26,2,February,Q1,2024,Monday,YMM,Full Truck Alliance Co. Ltd.,Software - Application,Technology,China,CN,CHN,Eastern Asia,Asia,SELL
1327,31,3164,8,3,37,2024-02-13,13,2,February,Q1,2024,Tuesday,YMM,Full Truck Alliance Co. Ltd.,Software - Application,Technology,China,CN,CHN,Eastern Asia,Asia,SELL
1328,34,3164,8,3,37,2024-02-16,16,2,February,Q1,2024,Friday,YMM,Full Truck Alliance Co. Ltd.,Software - Application,Technology,China,CN,CHN,Eastern Asia,Asia,SELL
1329,201,770,5,3,37,2024-11-04,4,11,November,Q4,2024,Monday,CVE,Cenovus Energy Inc,Oil & Gas Integrated,Energy,Canada,CA,CAN,Northern America,Americas,SELL
1330,50,892,16,3,37,2024-03-11,11,3,March,Q1,2024,Monday,DTRUY,DAIMLER TRUCK HLDG AG,Farm & Heavy Construction Machinery,Industrials,Germany,DE,DEU,Western Europe,Europe,SELL
1331,36,1761,41,3,37,2024-02-20,20,2,February,Q1,2024,Tuesday,MA,Mastercard Incorporated,Credit Services,Financial Services,United States of America,US,USA,Northern America,Americas,SELL
1332,228,2665,26,3,37,2024-12-20,20,12,December,Q4,2024,Friday,SPOT,Spotify Technology S.A.,Internet Content & Information,Communication Services,Luxembourg,LU,LUX,Western Europe,Europe,SELL
1333,43,1761,41,3,37,2024-02-29,29,2,February,Q1,2024,Thursday,MA,Mastercard Incorporated,Credit Services,Financial Services,United States of America,US,USA,Northern America,Americas,SELL
1334,30,1761,41,3,37,2024-02-12,12,2,February,Q1,2024,Monday,MA,Mastercard Incorporated,Credit Services,Financial Services,United States of America,US,USA,Northern America,Americas,SELL
1335,166,832,41,3,37,2024-09-05,5,9,September,Q3,2024,Thursday,DELL,Dell Technologies Inc.,Computer Hardware,Technology,United States of America,US,USA,Northern America,Americas,SELL
1336,94,1761,41,3,37,2024-05-14,14,5,May,Q2,2024,Tuesday,MA,Mastercard Incorporated,Credit Services,Financial Services,United States of America,US,USA,Northern America,Americas,SELL
1337,230,1900,41,3,36,2024-12-27,27,12,December,Q4,2024,Friday,MSFT,Microsoft Corporation,Software - Infrastructure,Technology,United States of America,US,USA,Northern America,Americas,SELL
1338,54,2043,36,3,36,2024-03-15,15,3,March,Q1,2024,Friday,NVCR,NovoCure Limited,Medical Devices,Healthcare,Switzerland,CH,CHE,Western Europe,Europe,SELL
1339,90,1815,41,3,36,2024-05-08,8,5,May,Q2,2024,Wednesday,META,"Meta Platforms, Inc.",Internet Content & Information,Communication Services,United States of America,US,USA,Northern America,Americas,SELL
1340,170,1689,40,3,36,2024-09-16,16,9,September,Q3,2024,Monday,LIN,Linde plc,Specialty Chemicals,Basic Materials,United Kingdom of Great Britain and Northern Ireland,GB,GBR,Northern Europe,Europe,SELL
1341,49,2043,36,3,36,2024-03-08,8,3,March,Q1,2024,Friday,NVCR,NovoCure Limited,Medical Devices,Healthcare,Switzerland,CH,CHE,Western Europe,Europe,SELL
1342,8,1444,40,3,36,2024-01-11,11,1,January,Q1,2024,Thursday,IGT,International Game Technology,Gambling,Consumer Cyclical,United Kingdom of Great Britain and Northern Ireland,GB,GBR,Northern Europe,Europe,SELL
1343,9,1444,40,3,35,2024-01-12,12,1,January,Q1,2024,Friday,IGT,International Game Technology,Gambling,Consumer Cyclical,United Kingdom of Great Britain and Northern Ireland,GB,GBR,Northern Europe,Europe,SELL
1344,50,2043,36,3,35,2024-03-11,11,3,March,Q1,2024,Monday,NVCR,NovoCure Limited,Medical Devices,Healthcare,Switzerland,CH,CHE,Western Europe,Europe,SELL
1345,228,1980,8,3,35,2024-12-20,20,12,December,Q4,2024,Friday,NIO,NIO Inc.,Auto Manufacturers,Consumer Cyclical,China,CN,CHN,Eastern Asia,Asia,SELL
1346,134,6,41,3,35,2024-07-11,11,7,July,Q3,2024,Thursday,AAPL,Apple Inc.,Consumer Electronics,Technology,United States of America,US,USA,Northern America,Americas,SELL
1347,43,2043,36,3,35,2024-02-29,29,2,February,Q1,2024,Thursday,NVCR,NovoCure Limited,Medical Devices,Healthcare,Switzerland,CH,CHE,Western Europe,Europe,SELL
1348,37,2043,36,3,35,2024-02-21,21,2,February,Q1,2024,Wednesday,NVCR,NovoCure Limited,Medical Devices,Healthcare,Switzerland,CH,CHE,Western Europe,Europe,SELL
1349,211,1900,41,3,35,2024-11-20,20,11,November,Q4,2024,Wednesday,MSFT,Microsoft Corporation,Software - Infrastructure,Technology,United States of America,US,USA,Northern America,Americas,SELL
1350,174,2412,41,3,35,2024-09-20,20,9,September,Q3,2024,Friday,RGA,"Reinsurance Group of America, I",Insurance - Reinsurance,Financial Services,United States of America,US,USA,Northern America,Americas,SELL
1351,28,805,41,3,35,2024-02-08,8,2,February,Q1,2024,Thursday,DAL,"Delta Air Lines, Inc.",Airlines,Industrials,United States of America,US,USA,Northern America,Americas,SELL
1352,36,1958,41,3,35,2024-02-20,20,2,February,Q1,2024,Tuesday,NEE,"NextEra Energy, Inc.",Utilities - Regulated Electric,Utilities,United States of America,US,USA,Northern America,Americas,SELL
1353,75,770,5,3,35,2024-04-16,16,4,April,Q2,2024,Tuesday,CVE,Cenovus Energy Inc,Oil & Gas Integrated,Energy,Canada,CA,CAN,Northern America,Americas,SELL
1354,46,2043,36,3,35,2024-03-05,5,3,March,Q1,2024,Tuesday,NVCR,NovoCure Limited,Medical Devices,Healthcare,Switzerland,CH,CHE,Western Europe,Europe,SELL
1355,143,2412,41,3,34,2024-07-31,31,7,July,Q3,2024,Wednesday,RGA,"Reinsurance Group of America, I",Insurance - Reinsurance,Financial Services,United States of America,US,USA,Northern America,Americas,SELL
1356,60,1900,41,3,34,2024-03-25,25,3,March,Q1,2024,Monday,MSFT,Microsoft Corporation,Software - Infrastructure,Technology,United States of America,US,USA,Northern America,Americas,SELL
1357,74,2043,36,3,34,2024-04-15,15,4,April,Q2,2024,Monday,NVCR,NovoCure Limited,Medical Devices,Healthcare,Switzerland,CH,CHE,Western Europe,Europe,SELL
1358,70,2665,26,3,34,2024-04-09,9,4,April,Q2,2024,Tuesday,SPOT,Spotify Technology S.A.,Internet Content & Information,Communication Services,Luxembourg,LU,LUX,Western Europe,Europe,SELL
1359,204,1900,41,3,34,2024-11-08,8,11,November,Q4,2024,Friday,MSFT,Microsoft Corporation,Software - Infrastructure,Technology,United States of America,US,USA,Northern America,Americas,SELL
1360,98,2412,41,3,34,2024-05-20,20,5,May,Q2,2024,Monday,RGA,"Reinsurance Group of America, I",Insurance - Reinsurance,Financial Services,United States of America,US,USA,Northern America,Americas,SELL
1361,116,1900,41,3,34,2024-06-14,14,6,June,Q2,2024,Friday,MSFT,Microsoft Corporation,Software - Infrastructure,Technology,United States of America,US,USA,Northern America,Americas,SELL
1362,64,770,5,3,34,2024-04-01,1,4,April,Q2,2024,Monday,CVE,Cenovus Energy Inc,Oil & Gas Integrated,Energy,Canada,CA,CAN,Northern America,Americas,SELL
1363,143,1558,41,3,34,2024-07-31,31,7,July,Q3,2024,Wednesday,JPM,JP Morgan Chase & Co.,Banks - Diversified,Financial Services,United States of America,US,USA,Northern America,Americas,SELL
1364,98,770,5,3,34,2024-05-20,20,5,May,Q2,2024,Monday,CVE,Cenovus Energy Inc,Oil & Gas Integrated,Energy,Canada,CA,CAN,Northern America,Americas,SELL
1365,196,2870,37,3,33,2024-10-28,28,10,October,Q4,2024,Monday,TSM,Taiwan Semiconductor Manufactur,Semiconductors,Technology,"Taiwan, Province of China",TW,TWN,,,SELL
1366,76,2043,36,3,33,2024-04-17,17,4,April,Q2,2024,Wednesday,NVCR,NovoCure Limited,Medical Devices,Healthcare,Switzerland,CH,CHE,Western Europe,Europe,SELL
1367,54,1900,41,3,33,2024-03-15,15,3,March,Q1,2024,Friday,MSFT,Microsoft Corporation,Software - Infrastructure,Technology,United States of America,US,USA,Northern America,Americas,SELL
1368,148,1558,41,3,33,2024-08-07,7,8,August,Q3,2024,Wednesday,JPM,JP Morgan Chase & Co.,Banks - Diversified,Financial Services,United States of America,US,USA,Northern America,Americas,SELL
1369,78,770,5,3,33,2024-04-19,19,4,April,Q2,2024,Friday,CVE,Cenovus Energy Inc,Oil & Gas Integrated,Energy,Canada,CA,CAN,Northern America,Americas,SELL
1370,221,2870,37,3,33,2024-12-10,10,12,December,Q4,2024,Tuesday,TSM,Taiwan Semiconductor Manufactur,Semiconductors,Technology,"Taiwan, Province of China",TW,TWN,,,SELL
1371,47,2043,36,3,33,2024-03-06,6,3,March,Q1,2024,Wednesday,NVCR,NovoCure Limited,Medical Devices,Healthcare,Switzerland,CH,CHE,Western Europe,Europe,SELL
1372,26,2043,36,3,33,2024-02-06,6,2,February,Q1,2024,Tuesday,NVCR,NovoCure Limited,Medical Devices,Healthcare,Switzerland,CH,CHE,Western Europe,Europe,SELL
1373,22,1900,41,3,33,2024-01-31,31,1,January,Q1,2024,Wednesday,MSFT,Microsoft Corporation,Software - Infrastructure,Technology,United States of America,US,USA,Northern America,Americas,SELL
1374,67,2665,26,3,32,2024-04-04,4,4,April,Q2,2024,Thursday,SPOT,Spotify Technology S.A.,Internet Content & Information,Communication Services,Luxembourg,LU,LUX,Western Europe,Europe,SELL
1375,20,3164,8,3,32,2024-01-29,29,1,January,Q1,2024,Monday,YMM,Full Truck Alliance Co. Ltd.,Software - Application,Technology,China,CN,CHN,Eastern Asia,Asia,SELL
1376,40,770,5,3,32,2024-02-26,26,2,February,Q1,2024,Monday,CVE,Cenovus Energy Inc,Oil & Gas Integrated,Energy,Canada,CA,CAN,Northern America,Americas,SELL
1377,15,1900,41,3,32,2024-01-22,22,1,January,Q1,2024,Monday,MSFT,Microsoft Corporation,Software - Infrastructure,Technology,United States of America,US,USA,Northern America,Americas,SELL
1378,200,177,41,3,31,2024-11-01,1,11,November,Q4,2024,Friday,AMZN,"Amazon.com, Inc.",Internet Retail,Consumer Cyclical,United States of America,US,USA,Northern America,Americas,SELL
1379,18,3164,8,3,31,2024-01-25,25,1,January,Q1,2024,Thursday,YMM,Full Truck Alliance Co. Ltd.,Software - Application,Technology,China,CN,CHN,Eastern Asia,Asia,SELL
1380,38,2043,36,3,30,2024-02-22,22,2,February,Q1,2024,Thursday,NVCR,NovoCure Limited,Medical Devices,Healthcare,Switzerland,CH,CHE,Western Europe,Europe,SELL
1381,190,2870,37,3,30,2024-10-17,17,10,October,Q4,2024,Thursday,TSM,Taiwan Semiconductor Manufactur,Semiconductors,Technology,"Taiwan, Province of China",TW,TWN,,,SELL
1382,26,725,41,3,30,2024-02-06,6,2,February,Q1,2024,Tuesday,CRM,"Salesforce, Inc.",Software - Application,Technology,United States of America,US,USA,Northern America,Americas,SELL
1383,66,2665,26,3,30,2024-04-03,3,4,April,Q2,2024,Wednesday,SPOT,Spotify Technology S.A.,Internet Content & Information,Communication Services,Luxembourg,LU,LUX,Western Europe,Europe,SELL
1384,140,2870,37,3,30,2024-07-24,24,7,July,Q3,2024,Wednesday,TSM,Taiwan Semiconductor Manufactur,Semiconductors,Technology,"Taiwan, Province of China",TW,TWN,,,SELL
1385,59,2968,41,3,30,2024-03-22,22,3,March,Q1,2024,Friday,V,Visa Inc.,Credit Services,Financial Services,United States of America,US,USA,Northern America,Americas,SELL
1386,30,3164,8,3,30,2024-02-12,12,2,February,Q1,2024,Monday,YMM,Full Truck Alliance Co. Ltd.,Software - Application,Technology,China,CN,CHN,Eastern Asia,Asia,SELL
1387,11,3164,8,3,30,2024-01-16,16,1,January,Q1,2024,Tuesday,YMM,Full Truck Alliance Co. Ltd.,Software - Application,Technology,China,CN,CHN,Eastern Asia,Asia,SELL
1388,127,177,41,3,30,2024-06-28,28,6,June,Q2,2024,Friday,AMZN,"Amazon.com, Inc.",Internet Retail,Consumer Cyclical,United States of America,US,USA,Northern America,Americas,SELL
1389,218,1815,41,3,30,2024-12-05,5,12,December,Q4,2024,Thursday,META,"Meta Platforms, Inc.",Internet Content & Information,Communication Services,United States of America,US,USA,Northern America,Americas,SELL
1390,26,3164,8,3,29,2024-02-06,6,2,February,Q1,2024,Tuesday,YMM,Full Truck Alliance Co. Ltd.,Software - Application,Technology,China,CN,CHN,Eastern Asia,Asia,SELL
1391,32,3164,8,3,29,2024-02-14,14,2,February,Q1,2024,Wednesday,YMM,Full Truck Alliance Co. Ltd.,Software - Application,Technology,China,CN,CHN,Eastern Asia,Asia,SELL
1392,8,3164,8,3,29,2024-01-11,11,1,January,Q1,2024,Thursday,YMM,Full Truck Alliance Co. Ltd.,Software - Application,Technology,China,CN,CHN,Eastern Asia,Asia,SELL
1393,27,3164,8,3,29,2024-02-07,7,2,February,Q1,2024,Wednesday,YMM,Full Truck Alliance Co. Ltd.,Software - Application,Technology,China,CN,CHN,Eastern Asia,Asia,SELL
1394,100,6,41,3,29,2024-05-22,22,5,May,Q2,2024,Wednesday,AAPL,Apple Inc.,Consumer Electronics,Technology,United States of America,US,USA,Northern America,Americas,SELL
1395,20,2762,5,3,29,2024-01-29,29,1,January,Q1,2024,Monday,TCX,Tucows Inc.,Software - Infrastructure,Technology,Canada,CA,CAN,Northern America,Americas,SELL
1396,81,2968,41,3,28,2024-04-24,24,4,April,Q2,2024,Wednesday,V,Visa Inc.,Credit Services,Financial Services,United States of America,US,USA,Northern America,Americas,SELL
1397,9,3164,8,3,28,2024-01-12,12,1,January,Q1,2024,Friday,YMM,Full Truck Alliance Co. Ltd.,Software - Application,Technology,China,CN,CHN,Eastern Asia,Asia,SELL
1398,28,2968,41,3,28,2024-02-08,8,2,February,Q1,2024,Thursday,V,Visa Inc.,Credit Services,Financial Services,United States of America,US,USA,Northern America,Americas,SELL
1399,86,177,41,3,28,2024-05-01,1,5,May,Q2,2024,Wednesday,AMZN,"Amazon.com, Inc.",Internet Retail,Consumer Cyclical,United States of America,US,USA,Northern America,Americas,SELL
1400,2,2762,5,3,28,2024-01-03,3,1,January,Q1,2024,Wednesday,TCX,Tucows Inc.,Software - Infrastructure,Technology,Canada,CA,CAN,Northern America,Americas,SELL
1401,3,2762,5,3,28,2024-01-04,4,1,January,Q1,2024,Thursday,TCX,Tucows Inc.,Software - Infrastructure,Technology,Canada,CA,CAN,Northern America,Americas,SELL
1402,198,1258,41,3,28,2024-10-30,30,10,October,Q4,2024,Wednesday,GOOG,Alphabet Inc.,Internet Content & Information,Communication Services,United States of America,US,USA,Northern America,Americas,SELL
1403,4,3164,8,3,28,2024-01-05,5,1,January,Q1,2024,Friday,YMM,Full Truck Alliance Co. Ltd.,Software - Application,Technology,China,CN,CHN,Eastern Asia,Asia,SELL
1404,98,1258,41,3,27,2024-05-20,20,5,May,Q2,2024,Monday,GOOG,Alphabet Inc.,Internet Content & Information,Communication Services,United States of America,US,USA,Northern America,Americas,SELL
1405,119,2870,37,3,27,2024-06-18,18,6,June,Q2,2024,Tuesday,TSM,Taiwan Semiconductor Manufactur,Semiconductors,Technology,"Taiwan, Province of China",TW,TWN,,,SELL
1406,185,151,41,3,27,2024-10-10,10,10,October,Q4,2024,Thursday,AMD,"Advanced Micro Devices, Inc.",Semiconductors,Technology,United States of America,US,USA,Northern America,Americas,SELL
1407,134,2870,37,3,27,2024-07-11,11,7,July,Q3,2024,Thursday,TSM,Taiwan Semiconductor Manufactur,Semiconductors,Technology,"Taiwan, Province of China",TW,TWN,,,SELL
1408,6,101,41,3,27,2024-01-09,9,1,January,Q1,2024,Tuesday,AIZ,"Assurant, Inc.",Insurance - Property & Casualty,Financial Services,United States of America,US,USA,Northern America,Americas,SELL
1409,127,2870,37,3,27,2024-06-28,28,6,June,Q2,2024,Friday,TSM,Taiwan Semiconductor Manufactur,Semiconductors,Technology,"Taiwan, Province of China",TW,TWN,,,SELL
1410,31,151,41,3,27,2024-02-13,13,2,February,Q1,2024,Tuesday,AMD,"Advanced Micro Devices, Inc.",Semiconductors,Technology,United States of America,US,USA,Northern America,Americas,SELL
1411,30,246,29,1,27,2024-02-12,12,2,February,Q1,2024,Monday,ASML,ASML Holding N.V. - New York Re,Semiconductor Equipment & Materials,Technology,"Netherlands, Kingdom of the",NL,NLD,Western Europe,Europe,BUY
1412,37,2457,40,1,27,2024-02-21,21,2,February,Q1,2024,Wednesday,ROIV,Roivant Sciences Ltd.,Biotechnology,Healthcare,United Kingdom of Great Britain and Northern Ireland,GB,GBR,Northern Europe,Europe,BUY
1413,145,1815,41,1,27,2024-08-02,2,8,August,Q3,2024,Friday,META,"Meta Platforms, Inc.",Internet Content & Information,Communication Services,United States of America,US,USA,Northern America,Americas,BUY
1414,38,1359,8,1,27,2024-02-22,22,2,February,Q1,2024,Thursday,HNGZY,HANGZHOU TIGERMED CONSULTING CO,Diagnostics & Research,Healthcare,China,CN,CHN,Eastern Asia,Asia,BUY
1415,189,246,29,1,27,2024-10-16,16,10,October,Q4,2024,Wednesday,ASML,ASML Holding N.V. - New York Re,Semiconductor Equipment & Materials,Technology,"Netherlands, Kingdom of the",NL,NLD,Western Europe,Europe,BUY
1416,33,2607,5,1,27,2024-02-15,15,2,February,Q1,2024,Thursday,SLF,Sun Life Financial Inc.,Insurance - Diversified,Financial Services,Canada,CA,CAN,Northern America,Americas,BUY
1417,46,2457,40,1,27,2024-03-05,5,3,March,Q1,2024,Tuesday,ROIV,Roivant Sciences Ltd.,Biotechnology,Healthcare,United Kingdom of Great Britain and Northern Ireland,GB,GBR,Northern Europe,Europe,BUY
1418,185,1900,41,1,27,2024-10-10,10,10,October,Q4,2024,Thursday,MSFT,Microsoft Corporation,Software - Infrastructure,Technology,United States of America,US,USA,Northern America,Americas,BUY
1419,42,1359,8,1,26,2024-02-28,28,2,February,Q1,2024,Wednesday,HNGZY,HANGZHOU TIGERMED CONSULTING CO,Diagnostics & Research,Healthcare,China,CN,CHN,Eastern Asia,Asia,BUY
1420,70,767,16,1,26,2024-04-09,9,4,April,Q2,2024,Tuesday,CVAC,CureVac N.V.,Biotechnology,Healthcare,Germany,DE,DEU,Western Europe,Europe,BUY
1421,55,414,41,1,26,2024-03-18,18,3,March,Q1,2024,Monday,BLK,"BlackRock, Inc.",Asset Management,Financial Services,United States of America,US,USA,Northern America,Americas,BUY
1422,13,414,41,1,26,2024-01-18,18,1,January,Q1,2024,Thursday,BLK,"BlackRock, Inc.",Asset Management,Financial Services,United States of America,US,USA,Northern America,Americas,BUY
1423,199,177,41,1,26,2024-10-31,31,10,October,Q4,2024,Thursday,AMZN,"Amazon.com, Inc.",Internet Retail,Consumer Cyclical,United States of America,US,USA,Northern America,Americas,BUY
1424,37,1359,8,1,26,2024-02-21,21,2,February,Q1,2024,Wednesday,HNGZY,HANGZHOU TIGERMED CONSULTING CO,Diagnostics & Research,Healthcare,China,CN,CHN,Eastern Asia,Asia,BUY
1425,47,1277,36,1,26,2024-03-06,6,3,March,Q1,2024,Wednesday,GRMN,Garmin Ltd.,Scientific & Technical Instruments,Technology,Switzerland,CH,CHE,Western Europe,Europe,BUY
1426,84,449,4,1,26,2024-04-29,29,4,April,Q2,2024,Monday,BRFS,BRF S.A.,Packaged Foods,Consumer Defensive,Brazil,BR,BRA,Latin America and the Caribbean,Americas,BUY
1427,38,2457,40,1,26,2024-02-22,22,2,February,Q1,2024,Thursday,ROIV,Roivant Sciences Ltd.,Biotechnology,Healthcare,United Kingdom of Great Britain and Northern Ireland,GB,GBR,Northern Europe,Europe,BUY
1428,164,2665,26,1,26,2024-09-03,3,9,September,Q3,2024,Tuesday,SPOT,Spotify Technology S.A.,Internet Content & Information,Communication Services,Luxembourg,LU,LUX,Western Europe,Europe,BUY
1429,104,2169,41,1,26,2024-05-28,28,5,May,Q2,2024,Tuesday,PANW,"Palo Alto Networks, Inc.",Software - Infrastructure,Technology,United States of America,US,USA,Northern America,Americas,BUY
1430,47,767,16,1,26,2024-03-06,6,3,March,Q1,2024,Wednesday,CVAC,CureVac N.V.,Biotechnology,Healthcare,Germany,DE,DEU,Western Europe,Europe,BUY
1431,100,2665,26,1,26,2024-05-22,22,5,May,Q2,2024,Wednesday,SPOT,Spotify Technology S.A.,Internet Content & Information,Communication Services,Luxembourg,LU,LUX,Western Europe,Europe,BUY
1432,50,767,16,1,26,2024-03-11,11,3,March,Q1,2024,Monday,CVAC,CureVac N.V.,Biotechnology,Healthcare,Germany,DE,DEU,Western Europe,Europe,BUY
1433,68,1900,41,1,26,2024-04-05,5,4,April,Q2,2024,Friday,MSFT,Microsoft Corporation,Software - Infrastructure,Technology,United States of America,US,USA,Northern America,Americas,BUY
1434,9,2457,40,1,26,2024-01-12,12,1,January,Q1,2024,Friday,ROIV,Roivant Sciences Ltd.,Biotechnology,Healthcare,United Kingdom of Great Britain and Northern Ireland,GB,GBR,Northern Europe,Europe,BUY
1435,29,1359,8,1,25,2024-02-09,9,2,February,Q1,2024,Friday,HNGZY,HANGZHOU TIGERMED CONSULTING CO,Diagnostics & Research,Healthcare,China,CN,CHN,Eastern Asia,Asia,BUY
1436,183,1761,41,1,25,2024-10-08,8,10,October,Q4,2024,Tuesday,MA,Mastercard Incorporated,Credit Services,Financial Services,United States of America,US,USA,Northern America,Americas,BUY
1437,55,1359,8,1,25,2024-03-18,18,3,March,Q1,2024,Monday,HNGZY,HANGZHOU TIGERMED CONSULTING CO,Diagnostics & Research,Healthcare,China,CN,CHN,Eastern Asia,Asia,BUY
1438,50,2607,5,1,25,2024-03-11,11,3,March,Q1,2024,Monday,SLF,Sun Life Financial Inc.,Insurance - Diversified,Financial Services,Canada,CA,CAN,Northern America,Americas,BUY
1439,46,2607,5,1,25,2024-03-05,5,3,March,Q1,2024,Tuesday,SLF,Sun Life Financial Inc.,Insurance - Diversified,Financial Services,Canada,CA,CAN,Northern America,Americas,BUY
1440,220,2665,26,1,25,2024-12-09,9,12,December,Q4,2024,Monday,SPOT,Spotify Technology S.A.,Internet Content & Information,Communication Services,Luxembourg,LU,LUX,Western Europe,Europe,BUY
1441,75,2607,5,1,25,2024-04-16,16,4,April,Q2,2024,Tuesday,SLF,Sun Life Financial Inc.,Insurance - Diversified,Financial Services,Canada,CA,CAN,Northern America,Americas,BUY
1442,60,2457,40,1,25,2024-03-25,25,3,March,Q1,2024,Monday,ROIV,Roivant Sciences Ltd.,Biotechnology,Healthcare,United Kingdom of Great Britain and Northern Ireland,GB,GBR,Northern Europe,Europe,BUY
1443,55,2607,5,1,25,2024-03-18,18,3,March,Q1,2024,Monday,SLF,Sun Life Financial Inc.,Insurance - Diversified,Financial Services,Canada,CA,CAN,Northern America,Americas,BUY
1444,43,2607,5,1,25,2024-02-29,29,2,February,Q1,2024,Thursday,SLF,Sun Life Financial Inc.,Insurance - Diversified,Financial Services,Canada,CA,CAN,Northern America,Americas,BUY
1445,91,1815,41,1,25,2024-05-09,9,5,May,Q2,2024,Thursday,META,"Meta Platforms, Inc.",Internet Content & Information,Communication Services,United States of America,US,USA,Northern America,Americas,BUY
1446,33,1359,8,1,25,2024-02-15,15,2,February,Q1,2024,Thursday,HNGZY,HANGZHOU TIGERMED CONSULTING CO,Diagnostics & Research,Healthcare,China,CN,CHN,Eastern Asia,Asia,BUY
1447,35,2607,5,1,25,2024-02-19,19,2,February,Q1,2024,Monday,SLF,Sun Life Financial Inc.,Insurance - Diversified,Financial Services,Canada,CA,CAN,Northern America,Americas,BUY
1448,33,1359,8,1,25,2024-02-15,15,2,February,Q1,2024,Thursday,HNGZY,HANGZHOU TIGERMED CONSULTING CO,Diagnostics & Research,Healthcare,China,CN,CHN,Eastern Asia,Asia,BUY
1449,189,246,29,1,24,2024-10-16,16,10,October,Q4,2024,Wednesday,ASML,ASML Holding N.V. - New York Re,Semiconductor Equipment & Materials,Technology,"Netherlands, Kingdom of the",NL,NLD,Western Europe,Europe,BUY
1450,98,1761,41,1,24,2024-05-20,20,5,May,Q2,2024,Monday,MA,Mastercard Incorporated,Credit Services,Financial Services,United States of America,US,USA,Northern America,Americas,BUY
1451,59,2457,40,1,24,2024-03-22,22,3,March,Q1,2024,Friday,ROIV,Roivant Sciences Ltd.,Biotechnology,Healthcare,United Kingdom of Great Britain and Northern Ireland,GB,GBR,Northern Europe,Europe,BUY
1452,48,2457,40,1,24,2024-03-07,7,3,March,Q1,2024,Thursday,ROIV,Roivant Sciences Ltd.,Biotechnology,Healthcare,United Kingdom of Great Britain and Northern Ireland,GB,GBR,Northern Europe,Europe,BUY
1453,36,2607,5,1,24,2024-02-20,20,2,February,Q1,2024,Tuesday,SLF,Sun Life Financial Inc.,Insurance - Diversified,Financial Services,Canada,CA,CAN,Northern America,Americas,BUY
1454,128,1900,41,1,24,2024-07-01,1,7,July,Q3,2024,Monday,MSFT,Microsoft Corporation,Software - Infrastructure,Technology,United States of America,US,USA,Northern America,Americas,BUY
1455,64,2457,40,1,24,2024-04-01,1,4,April,Q2,2024,Monday,ROIV,Roivant Sciences Ltd.,Biotechnology,Healthcare,United Kingdom of Great Britain and Northern Ireland,GB,GBR,Northern Europe,Europe,BUY
1456,51,2457,40,1,24,2024-03-12,12,3,March,Q1,2024,Tuesday,ROIV,Roivant Sciences Ltd.,Biotechnology,Healthcare,United Kingdom of Great Britain and Northern Ireland,GB,GBR,Northern Europe,Europe,BUY
1457,210,1258,41,1,24,2024-11-19,19,11,November,Q4,2024,Tuesday,GOOG,Alphabet Inc.,Internet Content & Information,Communication Services,United States of America,US,USA,Northern America,Americas,BUY
1458,44,1359,8,1,24,2024-03-01,1,3,March,Q1,2024,Friday,HNGZY,HANGZHOU TIGERMED CONSULTING CO,Diagnostics & Research,Healthcare,China,CN,CHN,Eastern Asia,Asia,BUY
1459,52,2457,40,1,24,2024-03-13,13,3,March,Q1,2024,Wednesday,ROIV,Roivant Sciences Ltd.,Biotechnology,Healthcare,United Kingdom of Great Britain and Northern Ireland,GB,GBR,Northern Europe,Europe,BUY
1460,65,2457,40,1,24,2024-04-02,2,4,April,Q2,2024,Tuesday,ROIV,Roivant Sciences Ltd.,Biotechnology,Healthcare,United Kingdom of Great Britain and Northern Ireland,GB,GBR,Northern Europe,Europe,BUY
1461,154,770,5,1,24,2024-08-16,16,8,August,Q3,2024,Friday,CVE,Cenovus Energy Inc,Oil & Gas Integrated,Energy,Canada,CA,CAN,Northern America,Americas,BUY
1462,40,1359,8,1,24,2024-02-26,26,2,February,Q1,2024,Monday,HNGZY,HANGZHOU TIGERMED CONSULTING CO,Diagnostics & Research,Healthcare,China,CN,CHN,Eastern Asia,Asia,BUY
1463,32,1359,8,1,24,2024-02-14,14,2,February,Q1,2024,Wednesday,HNGZY,HANGZHOU TIGERMED CONSULTING CO,Diagnostics & Research,Healthcare,China,CN,CHN,Eastern Asia,Asia,BUY
1464,49,2457,40,1,24,2024-03-08,8,3,March,Q1,2024,Friday,ROIV,Roivant Sciences Ltd.,Biotechnology,Healthcare,United Kingdom of Great Britain and Northern Ireland,GB,GBR,Northern Europe,Europe,BUY
1465,53,2457,40,1,24,2024-03-14,14,3,March,Q1,2024,Thursday,ROIV,Roivant Sciences Ltd.,Biotechnology,Healthcare,United Kingdom of Great Britain and Northern Ireland,GB,GBR,Northern Europe,Europe,BUY
1466,179,1697,41,1,24,2024-09-27,27,9,September,Q3,2024,Friday,LLY,Eli Lilly and Company,Drug Manufacturers - General,Healthcare,United States of America,US,USA,Northern America,Americas,BUY
1467,54,2457,40,1,24,2024-03-15,15,3,March,Q1,2024,Friday,ROIV,Roivant Sciences Ltd.,Biotechnology,Healthcare,United Kingdom of Great Britain and Northern Ireland,GB,GBR,Northern Europe,Europe,BUY
1468,127,2127,5,1,24,2024-06-28,28,6,June,Q2,2024,Friday,OR,Osisko Gold Royalties Ltd,Gold,Basic Materials,Canada,CA,CAN,Northern America,Americas,BUY
1469,56,2457,40,1,23,2024-03-19,19,3,March,Q1,2024,Tuesday,ROIV,Roivant Sciences Ltd.,Biotechnology,Healthcare,United Kingdom of Great Britain and Northern Ireland,GB,GBR,Northern Europe,Europe,BUY
1470,53,2457,40,1,23,2024-03-14,14,3,March,Q1,2024,Thursday,ROIV,Roivant Sciences Ltd.,Biotechnology,Healthcare,United Kingdom of Great Britain and Northern Ireland,GB,GBR,Northern Europe,Europe,BUY
1471,19,246,29,1,23,2024-01-26,26,1,January,Q1,2024,Friday,ASML,ASML Holding N.V. - New York Re,Semiconductor Equipment & Materials,Technology,"Netherlands, Kingdom of the",NL,NLD,Western Europe,Europe,BUY
1472,50,2002,40,1,23,2024-03-11,11,3,March,Q1,2024,Monday,NOMD,Nomad Foods Limited,Packaged Foods,Consumer Defensive,United Kingdom of Great Britain and Northern Ireland,GB,GBR,Northern Europe,Europe,BUY
1473,39,1359,8,1,23,2024-02-23,23,2,February,Q1,2024,Friday,HNGZY,HANGZHOU TIGERMED CONSULTING CO,Diagnostics & Research,Healthcare,China,CN,CHN,Eastern Asia,Asia,BUY
1474,39,1359,8,1,23,2024-02-23,23,2,February,Q1,2024,Friday,HNGZY,HANGZHOU TIGERMED CONSULTING CO,Diagnostics & Research,Healthcare,China,CN,CHN,Eastern Asia,Asia,BUY
1475,45,2002,40,1,23,2024-03-04,4,3,March,Q1,2024,Monday,NOMD,Nomad Foods Limited,Packaged Foods,Consumer Defensive,United Kingdom of Great Britain and Northern Ireland,GB,GBR,Northern Europe,Europe,BUY
1476,86,2002,40,1,23,2024-05-01,1,5,May,Q2,2024,Wednesday,NOMD,Nomad Foods Limited,Packaged Foods,Consumer Defensive,United Kingdom of Great Britain and Northern Ireland,GB,GBR,Northern Europe,Europe,BUY
1477,154,1900,41,1,23,2024-08-16,16,8,August,Q3,2024,Friday,MSFT,Microsoft Corporation,Software - Infrastructure,Technology,United States of America,US,USA,Northern America,Americas,BUY
1478,50,414,41,1,23,2024-03-11,11,3,March,Q1,2024,Monday,BLK,"BlackRock, Inc.",Asset Management,Financial Services,United States of America,US,USA,Northern America,Americas,BUY
1479,46,414,41,1,23,2024-03-05,5,3,March,Q1,2024,Tuesday,BLK,"BlackRock, Inc.",Asset Management,Financial Services,United States of America,US,USA,Northern America,Americas,BUY
1480,39,2002,40,1,23,2024-02-23,23,2,February,Q1,2024,Friday,NOMD,Nomad Foods Limited,Packaged Foods,Consumer Defensive,United Kingdom of Great Britain and Northern Ireland,GB,GBR,Northern Europe,Europe,BUY
1481,38,1359,8,1,23,2024-02-22,22,2,February,Q1,2024,Thursday,HNGZY,HANGZHOU TIGERMED CONSULTING CO,Diagnostics & Research,Healthcare,China,CN,CHN,Eastern Asia,Asia,BUY
1482,31,1900,41,1,23,2024-02-13,13,2,February,Q1,2024,Tuesday,MSFT,Microsoft Corporation,Software - Infrastructure,Technology,United States of America,US,USA,Northern America,Americas,BUY
1483,34,1359,8,1,23,2024-02-16,16,2,February,Q1,2024,Friday,HNGZY,HANGZHOU TIGERMED CONSULTING CO,Diagnostics & Research,Healthcare,China,CN,CHN,Eastern Asia,Asia,BUY
1484,41,414,41,1,23,2024-02-27,27,2,February,Q1,2024,Tuesday,BLK,"BlackRock, Inc.",Asset Management,Financial Services,United States of America,US,USA,Northern America,Americas,BUY
1485,30,1359,8,1,23,2024-02-12,12,2,February,Q1,2024,Monday,HNGZY,HANGZHOU TIGERMED CONSULTING CO,Diagnostics & Research,Healthcare,China,CN,CHN,Eastern Asia,Asia,BUY
1486,41,414,41,1,23,2024-02-27,27,2,February,Q1,2024,Tuesday,BLK,"BlackRock, Inc.",Asset Management,Financial Services,United States of America,US,USA,Northern America,Americas,BUY
1487,85,1900,41,1,23,2024-04-30,30,4,April,Q2,2024,Tuesday,MSFT,Microsoft Corporation,Software - Infrastructure,Technology,United States of America,US,USA,Northern America,Americas,BUY
1488,39,2002,40,1,23,2024-02-23,23,2,February,Q1,2024,Friday,NOMD,Nomad Foods Limited,Packaged Foods,Consumer Defensive,United Kingdom of Great Britain and Northern Ireland,GB,GBR,Northern Europe,Europe,BUY
1489,36,414,41,1,22,2024-02-20,20,2,February,Q1,2024,Tuesday,BLK,"BlackRock, Inc.",Asset Management,Financial Services,United States of America,US,USA,Northern America,Americas,BUY
1490,82,1900,41,1,22,2024-04-25,25,4,April,Q2,2024,Thursday,MSFT,Microsoft Corporation,Software - Infrastructure,Technology,United States of America,US,USA,Northern America,Americas,BUY
1491,16,414,41,1,233,2024-01-23,23,1,January,Q1,2024,Tuesday,BLK,"BlackRock, Inc.",Asset Management,Financial Services,United States of America,US,USA,Northern America,Americas,BUY
1492,76,767,16,1,222,2024-04-17,17,4,April,Q2,2024,Wednesday,CVAC,CureVac N.V.,Biotechnology,Healthcare,Germany,DE,DEU,Western Europe,Europe,BUY
1493,31,414,41,1,222,2024-02-13,13,2,February,Q1,2024,Tuesday,BLK,"BlackRock, Inc.",Asset Management,Financial Services,United States of America,US,USA,Northern America,Americas,BUY
1494,80,1359,8,1,222,2024-04-23,23,4,April,Q2,2024,Tuesday,HNGZY,HANGZHOU TIGERMED CONSULTING CO,Diagnostics & Research,Healthcare,China,CN,CHN,Eastern Asia,Asia,BUY
1495,30,1359,8,1,221,2024-02-12,12,2,February,Q1,2024,Monday,HNGZY,HANGZHOU TIGERMED CONSULTING CO,Diagnostics & Research,Healthcare,China,CN,CHN,Eastern Asia,Asia,BUY
1496,75,767,16,1,221,2024-04-16,16,4,April,Q2,2024,Tuesday,CVAC,CureVac N.V.,Biotechnology,Healthcare,Germany,DE,DEU,Western Europe,Europe,BUY
1497,78,2002,40,1,217,2024-04-19,19,4,April,Q2,2024,Friday,NOMD,Nomad Foods Limited,Packaged Foods,Consumer Defensive,United Kingdom of Great Britain and Northern Ireland,GB,GBR,Northern Europe,Europe,BUY
1498,52,1697,41,1,217,2024-03-13,13,3,March,Q1,2024,Wednesday,LLY,Eli Lilly and Company,Drug Manufacturers - General,Healthcare,United States of America,US,USA,Northern America,Americas,BUY
1499,208,1697,41,1,215,2024-11-15,15,11,November,Q4,2024,Friday,LLY,Eli Lilly and Company,Drug Manufacturers - General,Healthcare,United States of America,US,USA,Northern America,Americas,BUY
1500,37,1359,8,1,215,2024-02-21,21,2,February,Q1,2024,Wednesday,HNGZY,HANGZHOU TIGERMED CONSULTING CO,Diagnostics & Research,Healthcare,China,CN,CHN,Eastern Asia,Asia,BUY
1501,189,2665,26,1,214,2024-10-16,16,10,October,Q4,2024,Wednesday,SPOT,Spotify Technology S.A.,Internet Content & Information,Communication Services,Luxembourg,LU,LUX,Western Europe,Europe,BUY
1502,76,1900,41,1,214,2024-04-17,17,4,April,Q2,2024,Wednesday,MSFT,Microsoft Corporation,Software - Infrastructure,Technology,United States of America,US,USA,Northern America,Americas,BUY
1503,50,1697,41,1,202,2024-03-11,11,3,March,Q1,2024,Monday,LLY,Eli Lilly and Company,Drug Manufacturers - General,Healthcare,United States of America,US,USA,Northern America,Americas,BUY
1504,28,246,29,1,202,2024-02-08,8,2,February,Q1,2024,Thursday,ASML,ASML Holding N.V. - New York Re,Semiconductor Equipment & Materials,Technology,"Netherlands, Kingdom of the",NL,NLD,Western Europe,Europe,BUY
1505,79,1697,41,1,199,2024-04-22,22,4,April,Q2,2024,Monday,LLY,Eli Lilly and Company,Drug Manufacturers - General,Healthcare,United States of America,US,USA,Northern America,Americas,BUY
1506,34,2002,40,1,199,2024-02-16,16,2,February,Q1,2024,Friday,NOMD,Nomad Foods Limited,Packaged Foods,Consumer Defensive,United Kingdom of Great Britain and Northern Ireland,GB,GBR,Northern Europe,Europe,BUY
1507,32,2607,5,1,198,2024-02-14,14,2,February,Q1,2024,Wednesday,SLF,Sun Life Financial Inc.,Insurance - Diversified,Financial Services,Canada,CA,CAN,Northern America,Americas,BUY
1508,36,1359,8,1,198,2024-02-20,20,2,February,Q1,2024,Tuesday,HNGZY,HANGZHOU TIGERMED CONSULTING CO,Diagnostics & Research,Healthcare,China,CN,CHN,Eastern Asia,Asia,BUY
1509,32,2002,40,1,198,2024-02-14,14,2,February,Q1,2024,Wednesday,NOMD,Nomad Foods Limited,Packaged Foods,Consumer Defensive,United Kingdom of Great Britain and Northern Ireland,GB,GBR,Northern Europe,Europe,BUY
1510,8,2762,5,1,198,2024-01-11,11,1,January,Q1,2024,Thursday,TCX,Tucows Inc.,Software - Infrastructure,Technology,Canada,CA,CAN,Northern America,Americas,BUY
1511,227,2607,5,1,195,2024-12-19,19,12,December,Q4,2024,Thursday,SLF,Sun Life Financial Inc.,Insurance - Diversified,Financial Services,Canada,CA,CAN,Northern America,Americas,BUY
1512,78,1359,8,1,195,2024-04-19,19,4,April,Q2,2024,Friday,HNGZY,HANGZHOU TIGERMED CONSULTING CO,Diagnostics & Research,Healthcare,China,CN,CHN,Eastern Asia,Asia,BUY
1513,6,246,29,1,190,2024-01-09,9,1,January,Q1,2024,Tuesday,ASML,ASML Holding N.V. - New York Re,Semiconductor Equipment & Materials,Technology,"Netherlands, Kingdom of the",NL,NLD,Western Europe,Europe,BUY
1514,31,2002,40,1,185,2024-02-13,13,2,February,Q1,2024,Tuesday,NOMD,Nomad Foods Limited,Packaged Foods,Consumer Defensive,United Kingdom of Great Britain and Northern Ireland,GB,GBR,Northern Europe,Europe,BUY
1515,154,1815,41,1,185,2024-08-16,16,8,August,Q3,2024,Friday,META,"Meta Platforms, Inc.",Internet Content & Information,Communication Services,United States of America,US,USA,Northern America,Americas,BUY
1516,2,246,29,1,185,2024-01-03,3,1,January,Q1,2024,Wednesday,ASML,ASML Holding N.V. - New York Re,Semiconductor Equipment & Materials,Technology,"Netherlands, Kingdom of the",NL,NLD,Western Europe,Europe,BUY
1517,230,1277,36,1,177,2024-12-27,27,12,December,Q4,2024,Friday,GRMN,Garmin Ltd.,Scientific & Technical Instruments,Technology,Switzerland,CH,CHE,Western Europe,Europe,BUY
1518,218,1761,41,1,177,2024-12-05,5,12,December,Q4,2024,Thursday,MA,Mastercard Incorporated,Credit Services,Financial Services,United States of America,US,USA,Northern America,Americas,BUY
1519,67,1092,8,1,155,2024-04-04,4,4,April,Q2,2024,Thursday,FINV,FinVolution Group,Credit Services,Financial Services,China,CN,CHN,Eastern Asia,Asia,BUY
1520,36,2002,40,1,155,2024-02-20,20,2,February,Q1,2024,Tuesday,NOMD,Nomad Foods Limited,Packaged Foods,Consumer Defensive,United Kingdom of Great Britain and Northern Ireland,GB,GBR,Northern Europe,Europe,BUY
1521,68,1092,8,1,147,2024-04-05,5,4,April,Q2,2024,Friday,FINV,FinVolution Group,Credit Services,Financial Services,China,CN,CHN,Eastern Asia,Asia,BUY
1522,138,2870,37,1,147,2024-07-17,17,7,July,Q3,2024,Wednesday,TSM,Taiwan Semiconductor Manufactur,Semiconductors,Technology,"Taiwan, Province of China",TW,TWN,,,BUY
1523,98,1277,36,1,146,2024-05-20,20,5,May,Q2,2024,Monday,GRMN,Garmin Ltd.,Scientific & Technical Instruments,Technology,Switzerland,CH,CHE,Western Europe,Europe,BUY
1524,21,246,29,1,146,2024-01-30,30,1,January,Q1,2024,Tuesday,ASML,ASML Holding N.V. - New York Re,Semiconductor Equipment & Materials,Technology,"Netherlands, Kingdom of the",NL,NLD,Western Europe,Europe,BUY
1525,57,767,16,1,144,2024-03-20,20,3,March,Q1,2024,Wednesday,CVAC,CureVac N.V.,Biotechnology,Healthcare,Germany,DE,DEU,Western Europe,Europe,BUY
1526,70,1092,8,1,144,2024-04-09,9,4,April,Q2,2024,Tuesday,FINV,FinVolution Group,Credit Services,Financial Services,China,CN,CHN,Eastern Asia,Asia,BUY
1527,75,1092,8,1,136,2024-04-16,16,4,April,Q2,2024,Tuesday,FINV,FinVolution Group,Credit Services,Financial Services,China,CN,CHN,Eastern Asia,Asia,BUY
1528,132,2169,41,1,136,2024-07-08,8,7,July,Q3,2024,Monday,PANW,"Palo Alto Networks, Inc.",Software - Infrastructure,Technology,United States of America,US,USA,Northern America,Americas,BUY
1529,208,246,29,1,135,2024-11-15,15,11,November,Q4,2024,Friday,ASML,ASML Holding N.V. - New York Re,Semiconductor Equipment & Materials,Technology,"Netherlands, Kingdom of the",NL,NLD,Western Europe,Europe,BUY
1530,140,227,40,1,135,2024-07-24,24,7,July,Q3,2024,Wednesday,ARM,Arm Holdings plc,Semiconductors,Technology,United Kingdom of Great Britain and Northern Ireland,GB,GBR,Northern Europe,Europe,BUY
1531,145,2665,26,1,135,2024-08-02,2,8,August,Q3,2024,Friday,SPOT,Spotify Technology S.A.,Internet Content & Information,Communication Services,Luxembourg,LU,LUX,Western Europe,Europe,BUY
1532,31,1359,8,1,135,2024-02-13,13,2,February,Q1,2024,Tuesday,HNGZY,HANGZHOU TIGERMED CONSULTING CO,Diagnostics & Research,Healthcare,China,CN,CHN,Eastern Asia,Asia,BUY
1533,31,1359,8,1,133,2024-02-13,13,2,February,Q1,2024,Tuesday,HNGZY,HANGZHOU TIGERMED CONSULTING CO,Diagnostics & Research,Healthcare,China,CN,CHN,Eastern Asia,Asia,BUY
1534,70,1761,41,1,133,2024-04-09,9,4,April,Q2,2024,Tuesday,MA,Mastercard Incorporated,Credit Services,Financial Services,United States of America,US,USA,Northern America,Americas,BUY
1535,89,1277,36,1,132,2024-05-07,7,5,May,Q2,2024,Tuesday,GRMN,Garmin Ltd.,Scientific & Technical Instruments,Technology,Switzerland,CH,CHE,Western Europe,Europe,BUY
1536,80,2665,26,1,132,2024-04-23,23,4,April,Q2,2024,Tuesday,SPOT,Spotify Technology S.A.,Internet Content & Information,Communication Services,Luxembourg,LU,LUX,Western Europe,Europe,BUY
1537,17,2002,40,1,129,2024-01-24,24,1,January,Q1,2024,Wednesday,NOMD,Nomad Foods Limited,Packaged Foods,Consumer Defensive,United Kingdom of Great Britain and Northern Ireland,GB,GBR,Northern Europe,Europe,BUY
1538,64,557,41,1,129,2024-04-01,1,4,April,Q2,2024,Monday,CDNS,"Cadence Design Systems, Inc.",Software - Application,Technology,United States of America,US,USA,Northern America,Americas,BUY
1539,218,557,41,1,129,2024-12-05,5,12,December,Q4,2024,Thursday,CDNS,"Cadence Design Systems, Inc.",Software - Application,Technology,United States of America,US,USA,Northern America,Americas,BUY
1540,104,2665,26,1,129,2024-05-28,28,5,May,Q2,2024,Tuesday,SPOT,Spotify Technology S.A.,Internet Content & Information,Communication Services,Luxembourg,LU,LUX,Western Europe,Europe,BUY
1541,45,767,16,1,128,2024-03-04,4,3,March,Q1,2024,Monday,CVAC,CureVac N.V.,Biotechnology,Healthcare,Germany,DE,DEU,Western Europe,Europe,BUY
1542,119,2665,26,1,128,2024-06-18,18,6,June,Q2,2024,Tuesday,SPOT,Spotify Technology S.A.,Internet Content & Information,Communication Services,Luxembourg,LU,LUX,Western Europe,Europe,BUY
1543,23,414,41,1,125,2024-02-01,1,2,February,Q1,2024,Thursday,BLK,"BlackRock, Inc.",Asset Management,Financial Services,United States of America,US,USA,Northern America,Americas,BUY
1544,18,2002,40,1,123,2024-01-25,25,1,January,Q1,2024,Thursday,NOMD,Nomad Foods Limited,Packaged Foods,Consumer Defensive,United Kingdom of Great Britain and Northern Ireland,GB,GBR,Northern Europe,Europe,BUY
1545,17,2002,40,1,123,2024-01-24,24,1,January,Q1,2024,Wednesday,NOMD,Nomad Foods Limited,Packaged Foods,Consumer Defensive,United Kingdom of Great Britain and Northern Ireland,GB,GBR,Northern Europe,Europe,BUY
1546,218,1815,41,1,122,2024-12-05,5,12,December,Q4,2024,Thursday,META,"Meta Platforms, Inc.",Internet Content & Information,Communication Services,United States of America,US,USA,Northern America,Americas,BUY
1547,115,2665,26,1,122,2024-06-13,13,6,June,Q2,2024,Thursday,SPOT,Spotify Technology S.A.,Internet Content & Information,Communication Services,Luxembourg,LU,LUX,Western Europe,Europe,BUY
1548,100,2169,41,1,115,2024-05-22,22,5,May,Q2,2024,Wednesday,PANW,"Palo Alto Networks, Inc.",Software - Infrastructure,Technology,United States of America,US,USA,Northern America,Americas,BUY
1549,2,97,41,1,115,2024-01-03,3,1,January,Q1,2024,Wednesday,AIR,AAR Corp.,Aerospace & Defense,Industrials,United States of America,US,USA,Northern America,Americas,BUY
1550,41,767,16,1,107,2024-02-27,27,2,February,Q1,2024,Tuesday,CVAC,CureVac N.V.,Biotechnology,Healthcare,Germany,DE,DEU,Western Europe,Europe,BUY
1551,227,1815,41,1,107,2024-12-19,19,12,December,Q4,2024,Thursday,META,"Meta Platforms, Inc.",Internet Content & Information,Communication Services,United States of America,US,USA,Northern America,Americas,BUY
1552,85,1277,36,1,103,2024-04-30,30,4,April,Q2,2024,Tuesday,GRMN,Garmin Ltd.,Scientific & Technical Instruments,Technology,Switzerland,CH,CHE,Western Europe,Europe,BUY
1553,15,2002,40,1,101,2024-01-22,22,1,January,Q1,2024,Monday,NOMD,Nomad Foods Limited,Packaged Foods,Consumer Defensive,United Kingdom of Great Britain and Northern Ireland,GB,GBR,Northern Europe,Europe,BUY
1554,229,1815,41,1,101,2024-12-23,23,12,December,Q4,2024,Monday,META,"Meta Platforms, Inc.",Internet Content & Information,Communication Services,United States of America,US,USA,Northern America,Americas,BUY
1555,68,2127,5,1,101,2024-04-05,5,4,April,Q2,2024,Friday,OR,Osisko Gold Royalties Ltd,Gold,Basic Materials,Canada,CA,CAN,Northern America,Americas,BUY
1556,16,2002,40,1,101,2024-01-23,23,1,January,Q1,2024,Tuesday,NOMD,Nomad Foods Limited,Packaged Foods,Consumer Defensive,United Kingdom of Great Britain and Northern Ireland,GB,GBR,Northern Europe,Europe,BUY
1557,138,557,41,1,96,2024-07-17,17,7,July,Q3,2024,Wednesday,CDNS,"Cadence Design Systems, Inc.",Software - Application,Technology,United States of America,US,USA,Northern America,Americas,BUY
1558,76,557,41,1,96,2024-04-17,17,4,April,Q2,2024,Wednesday,CDNS,"Cadence Design Systems, Inc.",Software - Application,Technology,United States of America,US,USA,Northern America,Americas,BUY
1559,76,1277,36,1,93,2024-04-17,17,4,April,Q2,2024,Wednesday,GRMN,Garmin Ltd.,Scientific & Technical Instruments,Technology,Switzerland,CH,CHE,Western Europe,Europe,BUY
1560,205,1815,41,1,93,2024-11-12,12,11,November,Q4,2024,Tuesday,META,"Meta Platforms, Inc.",Internet Content & Information,Communication Services,United States of America,US,USA,Northern America,Americas,BUY
1561,140,151,41,1,93,2024-07-24,24,7,July,Q3,2024,Wednesday,AMD,"Advanced Micro Devices, Inc.",Semiconductors,Technology,United States of America,US,USA,Northern America,Americas,BUY
1562,17,1761,41,1,92,2024-01-24,24,1,January,Q1,2024,Wednesday,MA,Mastercard Incorporated,Credit Services,Financial Services,United States of America,US,USA,Northern America,Americas,BUY
1563,38,767,16,1,92,2024-02-22,22,2,February,Q1,2024,Thursday,CVAC,CureVac N.V.,Biotechnology,Healthcare,Germany,DE,DEU,Western Europe,Europe,BUY
1564,30,2002,40,1,92,2024-02-12,12,2,February,Q1,2024,Monday,NOMD,Nomad Foods Limited,Packaged Foods,Consumer Defensive,United Kingdom of Great Britain and Northern Ireland,GB,GBR,Northern Europe,Europe,BUY
1565,31,2002,40,1,91,2024-02-13,13,2,February,Q1,2024,Tuesday,NOMD,Nomad Foods Limited,Packaged Foods,Consumer Defensive,United Kingdom of Great Britain and Northern Ireland,GB,GBR,Northern Europe,Europe,BUY
1566,13,2002,40,1,91,2024-01-18,18,1,January,Q1,2024,Thursday,NOMD,Nomad Foods Limited,Packaged Foods,Consumer Defensive,United Kingdom of Great Britain and Northern Ireland,GB,GBR,Northern Europe,Europe,BUY
1567,195,2968,41,1,91,2024-10-24,24,10,October,Q4,2024,Thursday,V,Visa Inc.,Credit Services,Financial Services,United States of America,US,USA,Northern America,Americas,BUY
1568,70,767,16,1,91,2024-04-09,9,4,April,Q2,2024,Tuesday,CVAC,CureVac N.V.,Biotechnology,Healthcare,Germany,DE,DEU,Western Europe,Europe,BUY
1569,61,767,16,1,91,2024-03-26,26,3,March,Q1,2024,Tuesday,CVAC,CureVac N.V.,Biotechnology,Healthcare,Germany,DE,DEU,Western Europe,Europe,BUY
1570,189,2968,41,1,91,2024-10-16,16,10,October,Q4,2024,Wednesday,V,Visa Inc.,Credit Services,Financial Services,United States of America,US,USA,Northern America,Americas,BUY
1571,27,2002,40,1,87,2024-02-07,7,2,February,Q1,2024,Wednesday,NOMD,Nomad Foods Limited,Packaged Foods,Consumer Defensive,United Kingdom of Great Britain and Northern Ireland,GB,GBR,Northern Europe,Europe,BUY
1572,151,1359,8,1,87,2024-08-12,12,8,August,Q3,2024,Monday,HNGZY,HANGZHOU TIGERMED CONSULTING CO,Diagnostics & Research,Healthcare,China,CN,CHN,Eastern Asia,Asia,BUY
1573,29,2968,41,1,84,2024-02-09,9,2,February,Q1,2024,Friday,V,Visa Inc.,Credit Services,Financial Services,United States of America,US,USA,Northern America,Americas,BUY
1574,99,2968,41,1,84,2024-05-21,21,5,May,Q2,2024,Tuesday,V,Visa Inc.,Credit Services,Financial Services,United States of America,US,USA,Northern America,Americas,BUY
1575,89,2968,41,1,84,2024-05-07,7,5,May,Q2,2024,Tuesday,V,Visa Inc.,Credit Services,Financial Services,United States of America,US,USA,Northern America,Americas,BUY
1576,154,527,36,1,84,2024-08-16,16,8,August,Q3,2024,Friday,CB,Chubb Limited,Insurance - Property & Casualty,Financial Services,Switzerland,CH,CHE,Western Europe,Europe,BUY
1577,25,2002,40,1,83,2024-02-05,5,2,February,Q1,2024,Monday,NOMD,Nomad Foods Limited,Packaged Foods,Consumer Defensive,United Kingdom of Great Britain and Northern Ireland,GB,GBR,Northern Europe,Europe,BUY
1578,177,2968,41,1,83,2024-09-25,25,9,September,Q3,2024,Wednesday,V,Visa Inc.,Credit Services,Financial Services,United States of America,US,USA,Northern America,Americas,BUY
1579,26,2275,40,1,82,2024-02-06,6,2,February,Q1,2024,Tuesday,PNR,Pentair plc.,Specialty Industrial Machinery,Industrials,United Kingdom of Great Britain and Northern Ireland,GB,GBR,Northern Europe,Europe,BUY
1580,164,1277,36,1,82,2024-09-03,3,9,September,Q3,2024,Tuesday,GRMN,Garmin Ltd.,Scientific & Technical Instruments,Technology,Switzerland,CH,CHE,Western Europe,Europe,BUY
1581,148,1359,8,1,82,2024-08-07,7,8,August,Q3,2024,Wednesday,HNGZY,HANGZHOU TIGERMED CONSULTING CO,Diagnostics & Research,Healthcare,China,CN,CHN,Eastern Asia,Asia,BUY
1582,207,1761,41,1,81,2024-11-14,14,11,November,Q4,2024,Thursday,MA,Mastercard Incorporated,Credit Services,Financial Services,United States of America,US,USA,Northern America,Americas,BUY
1583,61,1092,8,1,81,2024-03-26,26,3,March,Q1,2024,Tuesday,FINV,FinVolution Group,Credit Services,Financial Services,China,CN,CHN,Eastern Asia,Asia,BUY
1584,140,2968,41,1,80,2024-07-24,24,7,July,Q3,2024,Wednesday,V,Visa Inc.,Credit Services,Financial Services,United States of America,US,USA,Northern America,Americas,BUY
1585,5,2275,40,1,80,2024-01-08,8,1,January,Q1,2024,Monday,PNR,Pentair plc.,Specialty Industrial Machinery,Industrials,United Kingdom of Great Britain and Northern Ireland,GB,GBR,Northern Europe,Europe,BUY
1586,49,1092,8,1,75,2024-03-08,8,3,March,Q1,2024,Friday,FINV,FinVolution Group,Credit Services,Financial Services,China,CN,CHN,Eastern Asia,Asia,BUY
1587,51,1092,8,1,75,2024-03-12,12,3,March,Q1,2024,Tuesday,FINV,FinVolution Group,Credit Services,Financial Services,China,CN,CHN,Eastern Asia,Asia,BUY
1588,7,852,41,2,74,2024-01-10,10,1,January,Q1,2024,Wednesday,DIS,Walt Disney Company (The),Entertainment,Communication Services,United States of America,US,USA,Northern America,Americas,DIVIDENT
1589,7,852,41,2,74,2024-01-10,10,1,January,Q1,2024,Wednesday,DIS,Walt Disney Company (The),Entertainment,Communication Services,United States of America,US,USA,Northern America,Americas,DIVIDENT
1590,7,852,41,2,73,2024-01-10,10,1,January,Q1,2024,Wednesday,DIS,Walt Disney Company (The),Entertainment,Communication Services,United States of America,US,USA,Northern America,Americas,DIVIDENT
1591,7,852,41,2,73,2024-01-10,10,1,January,Q1,2024,Wednesday,DIS,Walt Disney Company (The),Entertainment,Communication Services,United States of America,US,USA,Northern America,Americas,DIVIDENT
1592,7,852,41,2,71,2024-01-10,10,1,January,Q1,2024,Wednesday,DIS,Walt Disney Company (The),Entertainment,Communication Services,United States of America,US,USA,Northern America,Americas,DIVIDENT
1593,7,852,41,2,71,2024-01-10,10,1,January,Q1,2024,Wednesday,DIS,Walt Disney Company (The),Entertainment,Communication Services,United States of America,US,USA,Northern America,Americas,DIVIDENT
1594,7,852,41,2,69,2024-01-10,10,1,January,Q1,2024,Wednesday,DIS,Walt Disney Company (The),Entertainment,Communication Services,United States of America,US,USA,Northern America,Americas,DIVIDENT
1595,7,852,41,2,69,2024-01-10,10,1,January,Q1,2024,Wednesday,DIS,Walt Disney Company (The),Entertainment,Communication Services,United States of America,US,USA,Northern America,Americas,DIVIDENT
1596,7,852,41,2,68,2024-01-10,10,1,January,Q1,2024,Wednesday,DIS,Walt Disney Company (The),Entertainment,Communication Services,United States of America,US,USA,Northern America,Americas,DIVIDENT
1597,7,852,41,2,68,2024-01-10,10,1,January,Q1,2024,Wednesday,DIS,Walt Disney Company (The),Entertainment,Communication Services,United States of America,US,USA,Northern America,Americas,DIVIDENT
1598,7,852,41,2,67,2024-01-10,10,1,January,Q1,2024,Wednesday,DIS,Walt Disney Company (The),Entertainment,Communication Services,United States of America,US,USA,Northern America,Americas,DIVIDENT
1599,7,852,41,2,67,2024-01-10,10,1,January,Q1,2024,Wednesday,DIS,Walt Disney Company (The),Entertainment,Communication Services,United States of America,US,USA,Northern America,Americas,DIVIDENT
1600,7,852,41,2,63,2024-01-10,10,1,January,Q1,2024,Wednesday,DIS,Walt Disney Company (The),Entertainment,Communication Services,United States of America,US,USA,Northern America,Americas,DIVIDENT
1601,7,852,41,2,63,2024-01-10,10,1,January,Q1,2024,Wednesday,DIS,Walt Disney Company (The),Entertainment,Communication Services,United States of America,US,USA,Northern America,Americas,DIVIDENT
1602,7,852,41,2,62,2024-01-10,10,1,January,Q1,2024,Wednesday,DIS,Walt Disney Company (The),Entertainment,Communication Services,United States of America,US,USA,Northern America,Americas,DIVIDENT
1603,7,852,41,2,62,2024-01-10,10,1,January,Q1,2024,Wednesday,DIS,Walt Disney Company (The),Entertainment,Communication Services,United States of America,US,USA,Northern America,Americas,DIVIDENT
1604,7,852,41,2,62,2024-01-10,10,1,January,Q1,2024,Wednesday,DIS,Walt Disney Company (The),Entertainment,Communication Services,United States of America,US,USA,Northern America,Americas,DIVIDENT
1605,7,852,41,2,62,2024-01-10,10,1,January,Q1,2024,Wednesday,DIS,Walt Disney Company (The),Entertainment,Communication Services,United States of America,US,USA,Northern America,Americas,DIVIDENT
1606,7,852,41,2,61,2024-01-10,10,1,January,Q1,2024,Wednesday,DIS,Walt Disney Company (The),Entertainment,Communication Services,United States of America,US,USA,Northern America,Americas,DIVIDENT
1607,7,852,41,2,61,2024-01-10,10,1,January,Q1,2024,Wednesday,DIS,Walt Disney Company (The),Entertainment,Communication Services,United States of America,US,USA,Northern America,Americas,DIVIDENT
1608,7,852,41,2,60,2024-01-10,10,1,January,Q1,2024,Wednesday,DIS,Walt Disney Company (The),Entertainment,Communication Services,United States of America,US,USA,Northern America,Americas,DIVIDENT
1609,7,852,41,2,60,2024-01-10,10,1,January,Q1,2024,Wednesday,DIS,Walt Disney Company (The),Entertainment,Communication Services,United States of America,US,USA,Northern America,Americas,DIVIDENT
1610,7,852,41,2,60,2024-01-10,10,1,January,Q1,2024,Wednesday,DIS,Walt Disney Company (The),Entertainment,Communication Services,United States of America,US,USA,Northern America,Americas,DIVIDENT
1611,17,737,41,2,60,2024-01-24,24,1,January,Q1,2024,Wednesday,CSCO,"Cisco Systems, Inc.",Communication Equipment,Technology,United States of America,US,USA,Northern America,Americas,DIVIDENT
1612,32,246,29,2,60,2024-02-14,14,2,February,Q1,2024,Wednesday,ASML,ASML Holding N.V. - New York Re,Semiconductor Equipment & Materials,Technology,"Netherlands, Kingdom of the",NL,NLD,Western Europe,Europe,DIVIDENT
1613,44,2968,41,2,60,2024-03-01,1,3,March,Q1,2024,Friday,V,Visa Inc.,Credit Services,Financial Services,United States of America,US,USA,Northern America,Americas,DIVIDENT
1614,53,1900,41,2,58,2024-03-14,14,3,March,Q1,2024,Thursday,MSFT,Microsoft Corporation,Software - Infrastructure,Technology,United States of America,US,USA,Northern America,Americas,DIVIDENT
1615,53,1900,41,2,58,2024-03-14,14,3,March,Q1,2024,Thursday,MSFT,Microsoft Corporation,Software - Infrastructure,Technology,United States of America,US,USA,Northern America,Americas,DIVIDENT
1616,59,414,41,2,58,2024-03-22,22,3,March,Q1,2024,Friday,BLK,"BlackRock, Inc.",Asset Management,Financial Services,United States of America,US,USA,Northern America,Americas,DIVIDENT
1617,61,3164,8,2,58,2024-03-26,26,3,March,Q1,2024,Tuesday,YMM,Full Truck Alliance Co. Ltd.,Software - Application,Technology,China,CN,CHN,Eastern Asia,Asia,DIVIDENT
1618,63,401,41,2,58,2024-03-28,28,3,March,Q1,2024,Thursday,BKNG,Booking Holdings Inc. Common St,Travel Services,Consumer Cyclical,United States of America,US,USA,Northern America,Americas,DIVIDENT
1619,72,2870,37,2,58,2024-04-11,11,4,April,Q2,2024,Thursday,TSM,Taiwan Semiconductor Manufactur,Semiconductors,Technology,"Taiwan, Province of China",TW,TWN,,,DIVIDENT
1620,85,1558,41,2,58,2024-04-30,30,4,April,Q2,2024,Tuesday,JPM,JP Morgan Chase & Co.,Banks - Diversified,Financial Services,United States of America,US,USA,Northern America,Americas,DIVIDENT
1621,89,1452,5,2,58,2024-05-07,7,5,May,Q2,2024,Tuesday,IMAX,Imax Corporation,Entertainment,Communication Services,Canada,CA,CAN,Northern America,Americas,DIVIDENT
1622,89,1452,5,2,57,2024-05-07,7,5,May,Q2,2024,Tuesday,IMAX,Imax Corporation,Entertainment,Communication Services,Canada,CA,CAN,Northern America,Americas,DIVIDENT
1623,96,6,41,2,57,2024-05-16,16,5,May,Q2,2024,Thursday,AAPL,Apple Inc.,Consumer Electronics,Technology,United States of America,US,USA,Northern America,Americas,DIVIDENT
1624,104,2412,41,2,56,2024-05-28,28,5,May,Q2,2024,Tuesday,RGA,"Reinsurance Group of America, I",Insurance - Reinsurance,Financial Services,United States of America,US,USA,Northern America,Americas,DIVIDENT
1625,107,2968,41,2,56,2024-06-03,3,6,June,Q2,2024,Monday,V,Visa Inc.,Credit Services,Financial Services,United States of America,US,USA,Northern America,Americas,DIVIDENT
1626,115,1900,41,2,56,2024-06-13,13,6,June,Q2,2024,Thursday,MSFT,Microsoft Corporation,Software - Infrastructure,Technology,United States of America,US,USA,Northern America,Americas,DIVIDENT
1627,116,1804,20,2,56,2024-06-14,14,6,June,Q2,2024,Friday,MDT,Medtronic plc.,Medical Devices,Healthcare,Ireland,IE,IRL,Northern Europe,Europe,DIVIDENT
1628,117,2874,20,2,56,2024-06-15,15,6,June,Q2,2024,Saturday,TT,Trane Technologies plc,Building Products & Equipment,Industrials,Ireland,IE,IRL,Northern Europe,Europe,DIVIDENT
1629,121,1240,41,2,56,2024-06-20,20,6,June,Q2,2024,Thursday,GM,General Motors Company,Auto Manufacturers,Consumer Cyclical,United States of America,US,USA,Northern America,Americas,DIVIDENT
1630,121,1240,41,2,56,2024-06-20,20,6,June,Q2,2024,Thursday,GM,General Motors Company,Auto Manufacturers,Consumer Cyclical,United States of America,US,USA,Northern America,Americas,DIVIDENT
1631,121,1258,41,2,56,2024-06-20,20,6,June,Q2,2024,Thursday,GOOG,Alphabet Inc.,Internet Content & Information,Communication Services,United States of America,US,USA,Northern America,Americas,DIVIDENT
1632,122,1804,20,2,55,2024-06-21,21,6,June,Q2,2024,Friday,MDT,Medtronic plc.,Medical Devices,Healthcare,Ireland,IE,IRL,Northern Europe,Europe,DIVIDENT
1633,123,414,41,2,55,2024-06-24,24,6,June,Q2,2024,Monday,BLK,"BlackRock, Inc.",Asset Management,Financial Services,United States of America,US,USA,Northern America,Americas,DIVIDENT
1634,123,414,41,2,55,2024-06-24,24,6,June,Q2,2024,Monday,BLK,"BlackRock, Inc.",Asset Management,Financial Services,United States of America,US,USA,Northern America,Americas,DIVIDENT
1635,125,1815,41,2,55,2024-06-26,26,6,June,Q2,2024,Wednesday,META,"Meta Platforms, Inc.",Internet Content & Information,Communication Services,United States of America,US,USA,Northern America,Americas,DIVIDENT
1636,126,1804,20,2,55,2024-06-27,27,6,June,Q2,2024,Thursday,MDT,Medtronic plc.,Medical Devices,Healthcare,Ireland,IE,IRL,Northern Europe,Europe,DIVIDENT
1637,126,1804,20,2,55,2024-06-27,27,6,June,Q2,2024,Thursday,MDT,Medtronic plc.,Medical Devices,Healthcare,Ireland,IE,IRL,Northern Europe,Europe,DIVIDENT
1638,127,1605,40,2,55,2024-06-28,28,6,June,Q2,2024,Friday,KNSA,"Kiniksa Pharmaceuticals, Ltd.",Drug Manufacturers - Specialty & Generic,Healthcare,United Kingdom of Great Britain and Northern Ireland,GB,GBR,Northern Europe,Europe,DIVIDENT
1639,132,2775,20,2,54,2024-07-08,8,7,July,Q3,2024,Monday,TEL,TE Connectivity plc,Electronic Components,Technology,Ireland,IE,IRL,Northern Europe,Europe,DIVIDENT
1640,141,852,41,2,54,2024-07-25,25,7,July,Q3,2024,Thursday,DIS,Walt Disney Company (The),Entertainment,Communication Services,United States of America,US,USA,Northern America,Americas,DIVIDENT
1641,143,1558,41,2,53,2024-07-31,31,7,July,Q3,2024,Wednesday,JPM,JP Morgan Chase & Co.,Banks - Diversified,Financial Services,United States of America,US,USA,Northern America,Americas,DIVIDENT
1642,145,832,41,2,53,2024-08-02,2,8,August,Q3,2024,Friday,DELL,Dell Technologies Inc.,Computer Hardware,Technology,United States of America,US,USA,Northern America,Americas,DIVIDENT
1643,148,1452,5,2,53,2024-08-07,7,8,August,Q3,2024,Wednesday,IMAX,Imax Corporation,Entertainment,Communication Services,Canada,CA,CAN,Northern America,Americas,DIVIDENT
1644,150,1761,41,2,52,2024-08-09,9,8,August,Q3,2024,Friday,MA,Mastercard Incorporated,Credit Services,Financial Services,United States of America,US,USA,Northern America,Americas,DIVIDENT
1645,153,6,41,2,52,2024-08-15,15,8,August,Q3,2024,Thursday,AAPL,Apple Inc.,Consumer Electronics,Technology,United States of America,US,USA,Northern America,Americas,DIVIDENT
1646,159,2412,41,2,51,2024-08-27,27,8,August,Q3,2024,Tuesday,RGA,"Reinsurance Group of America, I",Insurance - Reinsurance,Financial Services,United States of America,US,USA,Northern America,Americas,DIVIDENT
1647,163,1482,41,2,51,2024-09-01,1,9,September,Q3,2024,Sunday,INTC,Intel Corporation,Semiconductors,Technology,United States of America,US,USA,Northern America,Americas,DIVIDENT
1648,164,2968,41,2,50,2024-09-03,3,9,September,Q3,2024,Tuesday,V,Visa Inc.,Credit Services,Financial Services,United States of America,US,USA,Northern America,Americas,DIVIDENT
1649,164,2968,41,2,50,2024-09-03,3,9,September,Q3,2024,Tuesday,V,Visa Inc.,Credit Services,Financial Services,United States of America,US,USA,Northern America,Americas,DIVIDENT
1650,165,1286,17,2,50,2024-09-04,4,9,September,Q3,2024,Wednesday,GSL,Global Ship Lease Inc New,Marine Shipping,Industrials,Greece,GR,GRC,Southern Europe,Europe,DIVIDENT
1651,165,1286,17,2,50,2024-09-04,4,9,September,Q3,2024,Wednesday,GSL,Global Ship Lease Inc New,Marine Shipping,Industrials,Greece,GR,GRC,Southern Europe,Europe,DIVIDENT
1652,168,1900,41,2,50,2024-09-12,12,9,September,Q3,2024,Thursday,MSFT,Microsoft Corporation,Software - Infrastructure,Technology,United States of America,US,USA,Northern America,Americas,DIVIDENT
1653,169,1804,20,2,50,2024-09-13,13,9,September,Q3,2024,Friday,MDT,Medtronic plc.,Medical Devices,Healthcare,Ireland,IE,IRL,Northern Europe,Europe,DIVIDENT
1654,169,1804,20,2,50,2024-09-13,13,9,September,Q3,2024,Friday,MDT,Medtronic plc.,Medical Devices,Healthcare,Ireland,IE,IRL,Northern Europe,Europe,DIVIDENT
1655,169,1804,20,2,50,2024-09-13,13,9,September,Q3,2024,Friday,MDT,Medtronic plc.,Medical Devices,Healthcare,Ireland,IE,IRL,Northern Europe,Europe,DIVIDENT
1656,169,1804,20,2,49,2024-09-13,13,9,September,Q3,2024,Friday,MDT,Medtronic plc.,Medical Devices,Healthcare,Ireland,IE,IRL,Northern Europe,Europe,DIVIDENT
1657,169,2874,20,2,49,2024-09-13,13,9,September,Q3,2024,Friday,TT,Trane Technologies plc,Building Products & Equipment,Industrials,Ireland,IE,IRL,Northern Europe,Europe,DIVIDENT
1658,170,1258,41,2,49,2024-09-16,16,9,September,Q3,2024,Monday,GOOG,Alphabet Inc.,Internet Content & Information,Communication Services,United States of America,US,USA,Northern America,Americas,DIVIDENT
1659,170,1258,41,2,49,2024-09-16,16,9,September,Q3,2024,Monday,GOOG,Alphabet Inc.,Internet Content & Information,Communication Services,United States of America,US,USA,Northern America,Americas,DIVIDENT
1660,175,414,41,2,48,2024-09-23,23,9,September,Q3,2024,Monday,BLK,"BlackRock, Inc.",Asset Management,Financial Services,United States of America,US,USA,Northern America,Americas,DIVIDENT
1661,178,1815,41,2,48,2024-09-26,26,9,September,Q3,2024,Thursday,META,"Meta Platforms, Inc.",Internet Content & Information,Communication Services,United States of America,US,USA,Northern America,Americas,DIVIDENT
1662,179,1002,20,2,48,2024-09-27,27,9,September,Q3,2024,Friday,ETN,"Eaton Corporation, PLC",Specialty Industrial Machinery,Industrials,Ireland,IE,IRL,Northern Europe,Europe,DIVIDENT
1663,179,1002,20,2,48,2024-09-27,27,9,September,Q3,2024,Friday,ETN,"Eaton Corporation, PLC",Specialty Industrial Machinery,Industrials,Ireland,IE,IRL,Northern Europe,Europe,DIVIDENT
1664,179,1002,20,2,48,2024-09-27,27,9,September,Q3,2024,Friday,ETN,"Eaton Corporation, PLC",Specialty Industrial Machinery,Industrials,Ireland,IE,IRL,Northern Europe,Europe,DIVIDENT
1665,181,1605,40,2,48,2024-10-03,3,10,October,Q4,2024,Thursday,KNSA,"Kiniksa Pharmaceuticals, Ltd.",Drug Manufacturers - Specialty & Generic,Healthcare,United Kingdom of Great Britain and Northern Ireland,GB,GBR,Northern Europe,Europe,DIVIDENT
1666,181,1605,40,2,47,2024-10-03,3,10,October,Q4,2024,Thursday,KNSA,"Kiniksa Pharmaceuticals, Ltd.",Drug Manufacturers - Specialty & Generic,Healthcare,United Kingdom of Great Britain and Northern Ireland,GB,GBR,Northern Europe,Europe,DIVIDENT
1667,182,527,36,2,47,2024-10-04,4,10,October,Q4,2024,Friday,CB,Chubb Limited,Insurance - Property & Casualty,Financial Services,Switzerland,CH,CHE,Western Europe,Europe,DIVIDENT
1668,186,2870,37,2,47,2024-10-11,11,10,October,Q4,2024,Friday,TSM,Taiwan Semiconductor Manufactur,Semiconductors,Technology,"Taiwan, Province of China",TW,TWN,,,DIVIDENT
1669,186,2870,37,2,47,2024-10-11,11,10,October,Q4,2024,Friday,TSM,Taiwan Semiconductor Manufactur,Semiconductors,Technology,"Taiwan, Province of China",TW,TWN,,,DIVIDENT
1670,191,1455,41,2,46,2024-10-18,18,10,October,Q4,2024,Friday,IMMR,Immersion Corporation,Software - Application,Technology,United States of America,US,USA,Northern America,Americas,DIVIDENT
1671,204,1761,41,2,46,2024-11-08,8,11,November,Q4,2024,Friday,MA,Mastercard Incorporated,Credit Services,Financial Services,United States of America,US,USA,Northern America,Americas,DIVIDENT
1672,207,6,41,2,46,2024-11-14,14,11,November,Q4,2024,Thursday,AAPL,Apple Inc.,Consumer Electronics,Technology,United States of America,US,USA,Northern America,Americas,DIVIDENT
1673,217,1286,17,2,46,2024-12-04,4,12,December,Q4,2024,Wednesday,GSL,Global Ship Lease Inc New,Marine Shipping,Industrials,Greece,GR,GRC,Southern Europe,Europe,DIVIDENT
1674,223,1002,20,2,46,2024-12-13,13,12,December,Q4,2024,Friday,ETN,"Eaton Corporation, PLC",Specialty Industrial Machinery,Industrials,Ireland,IE,IRL,Northern Europe,Europe,DIVIDENT
1675,223,1002,20,2,46,2024-12-13,13,12,December,Q4,2024,Friday,ETN,"Eaton Corporation, PLC",Specialty Industrial Machinery,Industrials,Ireland,IE,IRL,Northern Europe,Europe,DIVIDENT
1676,223,1002,20,2,46,2024-12-13,13,12,December,Q4,2024,Friday,ETN,"Eaton Corporation, PLC",Specialty Industrial Machinery,Industrials,Ireland,IE,IRL,Northern Europe,Europe,DIVIDENT
1677,223,1002,20,2,45,2024-12-13,13,12,December,Q4,2024,Friday,ETN,"Eaton Corporation, PLC",Specialty Industrial Machinery,Industrials,Ireland,IE,IRL,Northern Europe,Europe,DIVIDENT
1678,224,2775,20,2,45,2024-12-16,16,12,December,Q4,2024,Monday,TEL,TE Connectivity plc,Electronic Components,Technology,Ireland,IE,IRL,Northern Europe,Europe,DIVIDENT
1679,224,1258,41,2,45,2024-12-16,16,12,December,Q4,2024,Monday,GOOG,Alphabet Inc.,Internet Content & Information,Communication Services,United States of America,US,USA,Northern America,Americas,DIVIDENT
1680,229,414,41,2,45,2024-12-23,23,12,December,Q4,2024,Monday,BLK,"BlackRock, Inc.",Asset Management,Financial Services,United States of America,US,USA,Northern America,Americas,DIVIDENT
1681,230,1002,20,2,45,2024-12-27,27,12,December,Q4,2024,Friday,ETN,"Eaton Corporation, PLC",Specialty Industrial Machinery,Industrials,Ireland,IE,IRL,Northern Europe,Europe,DIVIDENT
1682,230,1002,20,2,45,2024-12-27,27,12,December,Q4,2024,Friday,ETN,"Eaton Corporation, PLC",Specialty Industrial Machinery,Industrials,Ireland,IE,IRL,Northern Europe,Europe,DIVIDENT
1683,230,1815,41,2,45,2024-12-27,27,12,December,Q4,2024,Friday,META,"Meta Platforms, Inc.",Internet Content & Information,Communication Services,United States of America,US,USA,Northern America,Americas,DIVIDENT
1684,154,1258,41,3,45,2024-08-16,16,8,August,Q3,2024,Friday,GOOG,Alphabet Inc.,Internet Content & Information,Communication Services,United States of America,US,USA,Northern America,Americas,SELL
1685,148,449,4,3,45,2024-08-07,7,8,August,Q3,2024,Wednesday,BRFS,BRF S.A.,Packaged Foods,Consumer Defensive,Brazil,BR,BRA,Latin America and the Caribbean,Americas,SELL
1686,31,246,29,3,45,2024-02-13,13,2,February,Q1,2024,Tuesday,ASML,ASML Holding N.V. - New York Re,Semiconductor Equipment & Materials,Technology,"Netherlands, Kingdom of the",NL,NLD,Western Europe,Europe,SELL
1687,38,1605,40,3,45,2024-02-22,22,2,February,Q1,2024,Thursday,KNSA,"Kiniksa Pharmaceuticals, Ltd.",Drug Manufacturers - Specialty & Generic,Healthcare,United Kingdom of Great Britain and Northern Ireland,GB,GBR,Northern Europe,Europe,SELL
1688,56,874,20,3,45,2024-03-19,19,3,March,Q1,2024,Tuesday,DOLE,Dole plc,Farm Products,Consumer Defensive,Ireland,IE,IRL,Northern Europe,Europe,SELL
1689,148,1815,41,3,44,2024-08-07,7,8,August,Q3,2024,Wednesday,META,"Meta Platforms, Inc.",Internet Content & Information,Communication Services,United States of America,US,USA,Northern America,Americas,SELL
1690,38,934,8,3,44,2024-02-22,22,2,February,Q1,2024,Thursday,EH,EHang Holdings Limited,Aerospace & Defense,Industrials,China,CN,CHN,Eastern Asia,Asia,SELL
1691,189,246,29,3,44,2024-10-16,16,10,October,Q4,2024,Wednesday,ASML,ASML Holding N.V. - New York Re,Semiconductor Equipment & Materials,Technology,"Netherlands, Kingdom of the",NL,NLD,Western Europe,Europe,SELL
1692,35,1452,5,3,44,2024-02-19,19,2,February,Q1,2024,Monday,IMAX,Imax Corporation,Entertainment,Communication Services,Canada,CA,CAN,Northern America,Americas,SELL
1693,47,1605,40,3,44,2024-03-06,6,3,March,Q1,2024,Wednesday,KNSA,"Kiniksa Pharmaceuticals, Ltd.",Drug Manufacturers - Specialty & Generic,Healthcare,United Kingdom of Great Britain and Northern Ireland,GB,GBR,Northern Europe,Europe,SELL
1694,199,1900,41,3,44,2024-10-31,31,10,October,Q4,2024,Thursday,MSFT,Microsoft Corporation,Software - Infrastructure,Technology,United States of America,US,USA,Northern America,Americas,SELL
1695,43,934,8,3,43,2024-02-29,29,2,February,Q1,2024,Thursday,EH,EHang Holdings Limited,Aerospace & Defense,Industrials,China,CN,CHN,Eastern Asia,Asia,SELL
1696,70,2625,16,3,43,2024-04-09,9,4,April,Q2,2024,Tuesday,SMNEY,Siemens Energy AG,Specialty Industrial Machinery,Industrials,Germany,DE,DEU,Western Europe,Europe,SELL
1697,59,414,41,3,43,2024-03-22,22,3,March,Q1,2024,Friday,BLK,"BlackRock, Inc.",Asset Management,Financial Services,United States of America,US,USA,Northern America,Americas,SELL
1698,15,414,41,3,43,2024-01-22,22,1,January,Q1,2024,Monday,BLK,"BlackRock, Inc.",Asset Management,Financial Services,United States of America,US,USA,Northern America,Americas,SELL
1699,201,177,41,3,43,2024-11-04,4,11,November,Q4,2024,Monday,AMZN,"Amazon.com, Inc.",Internet Retail,Consumer Cyclical,United States of America,US,USA,Northern America,Americas,SELL
1700,38,934,8,3,43,2024-02-22,22,2,February,Q1,2024,Thursday,EH,EHang Holdings Limited,Aerospace & Defense,Industrials,China,CN,CHN,Eastern Asia,Asia,SELL
1701,47,149,36,3,43,2024-03-06,6,3,March,Q1,2024,Wednesday,AMCR,Amcor plc,Packaging & Containers,Consumer Cyclical,Switzerland,CH,CHE,Western Europe,Europe,SELL
1702,87,449,4,3,42,2024-05-02,2,5,May,Q2,2024,Thursday,BRFS,BRF S.A.,Packaged Foods,Consumer Defensive,Brazil,BR,BRA,Latin America and the Caribbean,Americas,SELL
1703,38,1605,40,3,42,2024-02-22,22,2,February,Q1,2024,Thursday,KNSA,"Kiniksa Pharmaceuticals, Ltd.",Drug Manufacturers - Specialty & Generic,Healthcare,United Kingdom of Great Britain and Northern Ireland,GB,GBR,Northern Europe,Europe,SELL
1704,169,2665,26,3,42,2024-09-13,13,9,September,Q3,2024,Friday,SPOT,Spotify Technology S.A.,Internet Content & Information,Communication Services,Luxembourg,LU,LUX,Western Europe,Europe,SELL
1705,127,2169,41,3,42,2024-06-28,28,6,June,Q2,2024,Friday,PANW,"Palo Alto Networks, Inc.",Software - Infrastructure,Technology,United States of America,US,USA,Northern America,Americas,SELL
1706,49,2625,16,3,42,2024-03-08,8,3,March,Q1,2024,Friday,SMNEY,Siemens Energy AG,Specialty Industrial Machinery,Industrials,Germany,DE,DEU,Western Europe,Europe,SELL
1707,102,2665,26,3,41,2024-05-24,24,5,May,Q2,2024,Friday,SPOT,Spotify Technology S.A.,Internet Content & Information,Communication Services,Luxembourg,LU,LUX,Western Europe,Europe,SELL
1708,57,2625,16,3,41,2024-03-20,20,3,March,Q1,2024,Wednesday,SMNEY,Siemens Energy AG,Specialty Industrial Machinery,Industrials,Germany,DE,DEU,Western Europe,Europe,SELL
1709,76,1900,41,3,41,2024-04-17,17,4,April,Q2,2024,Wednesday,MSFT,Microsoft Corporation,Software - Infrastructure,Technology,United States of America,US,USA,Northern America,Americas,SELL
1710,11,1605,40,3,41,2024-01-16,16,1,January,Q1,2024,Tuesday,KNSA,"Kiniksa Pharmaceuticals, Ltd.",Drug Manufacturers - Specialty & Generic,Healthcare,United Kingdom of Great Britain and Northern Ireland,GB,GBR,Northern Europe,Europe,SELL
1711,30,934,8,3,41,2024-02-12,12,2,February,Q1,2024,Monday,EH,EHang Holdings Limited,Aerospace & Defense,Industrials,China,CN,CHN,Eastern Asia,Asia,SELL
1712,193,1761,41,3,41,2024-10-22,22,10,October,Q4,2024,Tuesday,MA,Mastercard Incorporated,Credit Services,Financial Services,United States of America,US,USA,Northern America,Americas,SELL
1713,56,934,8,3,41,2024-03-19,19,3,March,Q1,2024,Tuesday,EH,EHang Holdings Limited,Aerospace & Defense,Industrials,China,CN,CHN,Eastern Asia,Asia,SELL
1714,54,1452,5,3,41,2024-03-15,15,3,March,Q1,2024,Friday,IMAX,Imax Corporation,Entertainment,Communication Services,Canada,CA,CAN,Northern America,Americas,SELL
1715,49,3055,8,3,40,2024-03-08,8,3,March,Q1,2024,Friday,WB,Weibo Corporation,Internet Content & Information,Communication Services,China,CN,CHN,Eastern Asia,Asia,SELL
1716,221,2665,26,3,40,2024-12-10,10,12,December,Q4,2024,Tuesday,SPOT,Spotify Technology S.A.,Internet Content & Information,Communication Services,Luxembourg,LU,LUX,Western Europe,Europe,SELL
1717,111,3055,8,3,40,2024-06-07,7,6,June,Q2,2024,Friday,WB,Weibo Corporation,Internet Content & Information,Communication Services,China,CN,CHN,Eastern Asia,Asia,SELL
1718,62,1689,40,3,40,2024-03-27,27,3,March,Q1,2024,Wednesday,LIN,Linde plc,Specialty Chemicals,Basic Materials,United Kingdom of Great Britain and Northern Ireland,GB,GBR,Northern Europe,Europe,SELL
1719,59,3055,8,3,39,2024-03-22,22,3,March,Q1,2024,Friday,WB,Weibo Corporation,Internet Content & Information,Communication Services,China,CN,CHN,Eastern Asia,Asia,SELL
1720,46,3055,8,3,39,2024-03-05,5,3,March,Q1,2024,Tuesday,WB,Weibo Corporation,Internet Content & Information,Communication Services,China,CN,CHN,Eastern Asia,Asia,SELL
1721,110,1815,41,3,39,2024-06-06,6,6,June,Q2,2024,Thursday,META,"Meta Platforms, Inc.",Internet Content & Information,Communication Services,United States of America,US,USA,Northern America,Americas,SELL
1722,33,934,8,3,39,2024-02-15,15,2,February,Q1,2024,Thursday,EH,EHang Holdings Limited,Aerospace & Defense,Industrials,China,CN,CHN,Eastern Asia,Asia,SELL
1723,36,3055,8,3,39,2024-02-20,20,2,February,Q1,2024,Tuesday,WB,Weibo Corporation,Internet Content & Information,Communication Services,China,CN,CHN,Eastern Asia,Asia,SELL
1724,33,934,8,3,39,2024-02-15,15,2,February,Q1,2024,Thursday,EH,EHang Holdings Limited,Aerospace & Defense,Industrials,China,CN,CHN,Eastern Asia,Asia,SELL
1725,192,246,29,3,39,2024-10-21,21,10,October,Q4,2024,Monday,ASML,ASML Holding N.V. - New York Re,Semiconductor Equipment & Materials,Technology,"Netherlands, Kingdom of the",NL,NLD,Western Europe,Europe,SELL
1726,172,1761,41,3,39,2024-09-18,18,9,September,Q3,2024,Wednesday,MA,Mastercard Incorporated,Credit Services,Financial Services,United States of America,US,USA,Northern America,Americas,SELL
1727,59,1689,40,3,39,2024-03-22,22,3,March,Q1,2024,Friday,LIN,Linde plc,Specialty Chemicals,Basic Materials,United Kingdom of Great Britain and Northern Ireland,GB,GBR,Northern Europe,Europe,SELL
1728,49,1689,40,3,39,2024-03-08,8,3,March,Q1,2024,Friday,LIN,Linde plc,Specialty Chemicals,Basic Materials,United Kingdom of Great Britain and Northern Ireland,GB,GBR,Northern Europe,Europe,SELL
1729,39,3055,8,3,39,2024-02-23,23,2,February,Q1,2024,Friday,WB,Weibo Corporation,Internet Content & Information,Communication Services,China,CN,CHN,Eastern Asia,Asia,SELL
1730,199,1900,41,3,39,2024-10-31,31,10,October,Q4,2024,Thursday,MSFT,Microsoft Corporation,Software - Infrastructure,Technology,United States of America,US,USA,Northern America,Americas,SELL
1731,65,1605,40,3,38,2024-04-02,2,4,April,Q2,2024,Tuesday,KNSA,"Kiniksa Pharmaceuticals, Ltd.",Drug Manufacturers - Specialty & Generic,Healthcare,United Kingdom of Great Britain and Northern Ireland,GB,GBR,Northern Europe,Europe,SELL
1732,51,1605,40,3,38,2024-03-12,12,3,March,Q1,2024,Tuesday,KNSA,"Kiniksa Pharmaceuticals, Ltd.",Drug Manufacturers - Specialty & Generic,Healthcare,United Kingdom of Great Britain and Northern Ireland,GB,GBR,Northern Europe,Europe,SELL
1733,44,934,8,3,38,2024-03-01,1,3,March,Q1,2024,Friday,EH,EHang Holdings Limited,Aerospace & Defense,Industrials,China,CN,CHN,Eastern Asia,Asia,SELL
1734,52,1605,40,3,38,2024-03-13,13,3,March,Q1,2024,Wednesday,KNSA,"Kiniksa Pharmaceuticals, Ltd.",Drug Manufacturers - Specialty & Generic,Healthcare,United Kingdom of Great Britain and Northern Ireland,GB,GBR,Northern Europe,Europe,SELL
1735,67,1605,40,3,38,2024-04-04,4,4,April,Q2,2024,Thursday,KNSA,"Kiniksa Pharmaceuticals, Ltd.",Drug Manufacturers - Specialty & Generic,Healthcare,United Kingdom of Great Britain and Northern Ireland,GB,GBR,Northern Europe,Europe,SELL
1736,174,770,5,3,38,2024-09-20,20,9,September,Q3,2024,Friday,CVE,Cenovus Energy Inc,Oil & Gas Integrated,Energy,Canada,CA,CAN,Northern America,Americas,SELL
1737,40,934,8,3,37,2024-02-26,26,2,February,Q1,2024,Monday,EH,EHang Holdings Limited,Aerospace & Defense,Industrials,China,CN,CHN,Eastern Asia,Asia,SELL
1738,33,934,8,3,37,2024-02-15,15,2,February,Q1,2024,Thursday,EH,EHang Holdings Limited,Aerospace & Defense,Industrials,China,CN,CHN,Eastern Asia,Asia,SELL
1739,50,1605,40,3,37,2024-03-11,11,3,March,Q1,2024,Monday,KNSA,"Kiniksa Pharmaceuticals, Ltd.",Drug Manufacturers - Specialty & Generic,Healthcare,United Kingdom of Great Britain and Northern Ireland,GB,GBR,Northern Europe,Europe,SELL
1740,53,1605,40,3,37,2024-03-14,14,3,March,Q1,2024,Thursday,KNSA,"Kiniksa Pharmaceuticals, Ltd.",Drug Manufacturers - Specialty & Generic,Healthcare,United Kingdom of Great Britain and Northern Ireland,GB,GBR,Northern Europe,Europe,SELL
1741,183,1697,41,3,37,2024-10-08,8,10,October,Q4,2024,Tuesday,LLY,Eli Lilly and Company,Drug Manufacturers - General,Healthcare,United States of America,US,USA,Northern America,Americas,SELL
1742,55,1605,40,3,37,2024-03-18,18,3,March,Q1,2024,Monday,KNSA,"Kiniksa Pharmaceuticals, Ltd.",Drug Manufacturers - Specialty & Generic,Healthcare,United Kingdom of Great Britain and Northern Ireland,GB,GBR,Northern Europe,Europe,SELL
1743,58,1605,40,3,37,2024-03-21,21,3,March,Q1,2024,Thursday,KNSA,"Kiniksa Pharmaceuticals, Ltd.",Drug Manufacturers - Specialty & Generic,Healthcare,United Kingdom of Great Britain and Northern Ireland,GB,GBR,Northern Europe,Europe,SELL
1744,54,1605,40,3,37,2024-03-15,15,3,March,Q1,2024,Friday,KNSA,"Kiniksa Pharmaceuticals, Ltd.",Drug Manufacturers - Specialty & Generic,Healthcare,United Kingdom of Great Britain and Northern Ireland,GB,GBR,Northern Europe,Europe,SELL
1745,21,246,29,3,37,2024-01-30,30,1,January,Q1,2024,Tuesday,ASML,ASML Holding N.V. - New York Re,Semiconductor Equipment & Materials,Technology,"Netherlands, Kingdom of the",NL,NLD,Western Europe,Europe,SELL
1746,51,1605,40,3,37,2024-03-12,12,3,March,Q1,2024,Tuesday,KNSA,"Kiniksa Pharmaceuticals, Ltd.",Drug Manufacturers - Specialty & Generic,Healthcare,United Kingdom of Great Britain and Northern Ireland,GB,GBR,Northern Europe,Europe,SELL
1747,39,934,8,3,36,2024-02-23,23,2,February,Q1,2024,Friday,EH,EHang Holdings Limited,Aerospace & Defense,Industrials,China,CN,CHN,Eastern Asia,Asia,SELL
1748,40,934,8,3,36,2024-02-26,26,2,February,Q1,2024,Monday,EH,EHang Holdings Limited,Aerospace & Defense,Industrials,China,CN,CHN,Eastern Asia,Asia,SELL
1749,45,1689,40,3,36,2024-03-04,4,3,March,Q1,2024,Monday,LIN,Linde plc,Specialty Chemicals,Basic Materials,United Kingdom of Great Britain and Northern Ireland,GB,GBR,Northern Europe,Europe,SELL
1750,89,1689,40,3,36,2024-05-07,7,5,May,Q2,2024,Tuesday,LIN,Linde plc,Specialty Chemicals,Basic Materials,United Kingdom of Great Britain and Northern Ireland,GB,GBR,Northern Europe,Europe,SELL
1751,165,1900,41,3,36,2024-09-04,4,9,September,Q3,2024,Wednesday,MSFT,Microsoft Corporation,Software - Infrastructure,Technology,United States of America,US,USA,Northern America,Americas,SELL
1752,54,414,41,3,36,2024-03-15,15,3,March,Q1,2024,Friday,BLK,"BlackRock, Inc.",Asset Management,Financial Services,United States of America,US,USA,Northern America,Americas,SELL
1753,50,414,41,3,35,2024-03-11,11,3,March,Q1,2024,Monday,BLK,"BlackRock, Inc.",Asset Management,Financial Services,United States of America,US,USA,Northern America,Americas,SELL
1754,39,1689,40,3,35,2024-02-23,23,2,February,Q1,2024,Friday,LIN,Linde plc,Specialty Chemicals,Basic Materials,United Kingdom of Great Britain and Northern Ireland,GB,GBR,Northern Europe,Europe,SELL
1755,38,934,8,3,35,2024-02-22,22,2,February,Q1,2024,Thursday,EH,EHang Holdings Limited,Aerospace & Defense,Industrials,China,CN,CHN,Eastern Asia,Asia,SELL
1756,32,1900,41,3,35,2024-02-14,14,2,February,Q1,2024,Wednesday,MSFT,Microsoft Corporation,Software - Infrastructure,Technology,United States of America,US,USA,Northern America,Americas,SELL
1757,36,934,8,3,35,2024-02-20,20,2,February,Q1,2024,Tuesday,EH,EHang Holdings Limited,Aerospace & Defense,Industrials,China,CN,CHN,Eastern Asia,Asia,SELL
1758,41,414,41,3,35,2024-02-27,27,2,February,Q1,2024,Tuesday,BLK,"BlackRock, Inc.",Asset Management,Financial Services,United States of America,US,USA,Northern America,Americas,SELL
1759,30,934,8,3,35,2024-02-12,12,2,February,Q1,2024,Monday,EH,EHang Holdings Limited,Aerospace & Defense,Industrials,China,CN,CHN,Eastern Asia,Asia,SELL
1760,46,414,41,3,35,2024-03-05,5,3,March,Q1,2024,Tuesday,BLK,"BlackRock, Inc.",Asset Management,Financial Services,United States of America,US,USA,Northern America,Americas,SELL
1761,89,1900,41,3,35,2024-05-07,7,5,May,Q2,2024,Tuesday,MSFT,Microsoft Corporation,Software - Infrastructure,Technology,United States of America,US,USA,Northern America,Americas,SELL
1762,41,655,40,3,35,2024-02-27,27,2,February,Q1,2024,Tuesday,CNH,CNH Industrial N.V.,Farm & Heavy Construction Machinery,Industrials,United Kingdom of Great Britain and Northern Ireland,GB,GBR,Northern Europe,Europe,SELL
1763,40,414,41,3,35,2024-02-26,26,2,February,Q1,2024,Monday,BLK,"BlackRock, Inc.",Asset Management,Financial Services,United States of America,US,USA,Northern America,Americas,SELL
1764,83,1900,41,3,35,2024-04-26,26,4,April,Q2,2024,Friday,MSFT,Microsoft Corporation,Software - Infrastructure,Technology,United States of America,US,USA,Northern America,Americas,SELL
1765,23,414,41,3,34,2024-02-01,1,2,February,Q1,2024,Thursday,BLK,"BlackRock, Inc.",Asset Management,Financial Services,United States of America,US,USA,Northern America,Americas,SELL
1766,77,2625,16,3,34,2024-04-18,18,4,April,Q2,2024,Thursday,SMNEY,Siemens Energy AG,Specialty Industrial Machinery,Industrials,Germany,DE,DEU,Western Europe,Europe,SELL
1767,32,2762,5,3,34,2024-02-14,14,2,February,Q1,2024,Wednesday,TCX,Tucows Inc.,Software - Infrastructure,Technology,Canada,CA,CAN,Northern America,Americas,SELL
1768,36,414,41,3,34,2024-02-20,20,2,February,Q1,2024,Tuesday,BLK,"BlackRock, Inc.",Asset Management,Financial Services,United States of America,US,USA,Northern America,Americas,SELL
1769,81,934,8,3,34,2024-04-24,24,4,April,Q2,2024,Wednesday,EH,EHang Holdings Limited,Aerospace & Defense,Industrials,China,CN,CHN,Eastern Asia,Asia,SELL
1770,31,934,8,3,34,2024-02-13,13,2,February,Q1,2024,Tuesday,EH,EHang Holdings Limited,Aerospace & Defense,Industrials,China,CN,CHN,Eastern Asia,Asia,SELL
1771,76,2625,16,3,34,2024-04-17,17,4,April,Q2,2024,Wednesday,SMNEY,Siemens Energy AG,Specialty Industrial Machinery,Industrials,Germany,DE,DEU,Western Europe,Europe,SELL
1772,79,1605,40,3,34,2024-04-22,22,4,April,Q2,2024,Monday,KNSA,"Kiniksa Pharmaceuticals, Ltd.",Drug Manufacturers - Specialty & Generic,Healthcare,United Kingdom of Great Britain and Northern Ireland,GB,GBR,Northern Europe,Europe,SELL
1773,56,1697,41,3,34,2024-03-19,19,3,March,Q1,2024,Tuesday,LLY,Eli Lilly and Company,Drug Manufacturers - General,Healthcare,United States of America,US,USA,Northern America,Americas,SELL
1774,209,1697,41,3,34,2024-11-18,18,11,November,Q4,2024,Monday,LLY,Eli Lilly and Company,Drug Manufacturers - General,Healthcare,United States of America,US,USA,Northern America,Americas,SELL
1775,37,934,8,3,33,2024-02-21,21,2,February,Q1,2024,Wednesday,EH,EHang Holdings Limited,Aerospace & Defense,Industrials,China,CN,CHN,Eastern Asia,Asia,SELL
1776,198,2665,26,3,33,2024-10-30,30,10,October,Q4,2024,Wednesday,SPOT,Spotify Technology S.A.,Internet Content & Information,Communication Services,Luxembourg,LU,LUX,Western Europe,Europe,SELL
1777,104,1900,41,3,33,2024-05-28,28,5,May,Q2,2024,Tuesday,MSFT,Microsoft Corporation,Software - Infrastructure,Technology,United States of America,US,USA,Northern America,Americas,SELL
1778,36,1958,41,3,33,2024-02-20,20,2,February,Q1,2024,Tuesday,NEE,"NextEra Energy, Inc.",Utilities - Regulated Electric,Utilities,United States of America,US,USA,Northern America,Americas,SELL
1779,52,1697,41,3,33,2024-03-13,13,3,March,Q1,2024,Wednesday,LLY,Eli Lilly and Company,Drug Manufacturers - General,Healthcare,United States of America,US,USA,Northern America,Americas,SELL
1780,30,246,29,3,33,2024-02-12,12,2,February,Q1,2024,Monday,ASML,ASML Holding N.V. - New York Re,Semiconductor Equipment & Materials,Technology,"Netherlands, Kingdom of the",NL,NLD,Western Europe,Europe,SELL
1781,81,1697,41,3,33,2024-04-24,24,4,April,Q2,2024,Wednesday,LLY,Eli Lilly and Company,Drug Manufacturers - General,Healthcare,United States of America,US,USA,Northern America,Americas,SELL
1782,36,1605,40,3,33,2024-02-20,20,2,February,Q1,2024,Tuesday,KNSA,"Kiniksa Pharmaceuticals, Ltd.",Drug Manufacturers - Specialty & Generic,Healthcare,United Kingdom of Great Britain and Northern Ireland,GB,GBR,Northern Europe,Europe,SELL
1783,33,3055,8,3,33,2024-02-15,15,2,February,Q1,2024,Thursday,WB,Weibo Corporation,Internet Content & Information,Communication Services,China,CN,CHN,Eastern Asia,Asia,SELL
1784,37,934,8,3,33,2024-02-21,21,2,February,Q1,2024,Wednesday,EH,EHang Holdings Limited,Aerospace & Defense,Industrials,China,CN,CHN,Eastern Asia,Asia,SELL
1785,34,1605,40,3,32,2024-02-16,16,2,February,Q1,2024,Friday,KNSA,"Kiniksa Pharmaceuticals, Ltd.",Drug Manufacturers - Specialty & Generic,Healthcare,United Kingdom of Great Britain and Northern Ireland,GB,GBR,Northern Europe,Europe,SELL
1786,20,2762,5,3,32,2024-01-29,29,1,January,Q1,2024,Monday,TCX,Tucows Inc.,Software - Infrastructure,Technology,Canada,CA,CAN,Northern America,Americas,SELL
1787,228,3055,8,3,32,2024-12-20,20,12,December,Q4,2024,Friday,WB,Weibo Corporation,Internet Content & Information,Communication Services,China,CN,CHN,Eastern Asia,Asia,SELL
1788,80,934,8,3,32,2024-04-23,23,4,April,Q2,2024,Tuesday,EH,EHang Holdings Limited,Aerospace & Defense,Industrials,China,CN,CHN,Eastern Asia,Asia,SELL
1789,19,246,29,3,31,2024-01-26,26,1,January,Q1,2024,Friday,ASML,ASML Holding N.V. - New York Re,Semiconductor Equipment & Materials,Technology,"Netherlands, Kingdom of the",NL,NLD,Western Europe,Europe,SELL
1790,31,655,40,3,31,2024-02-13,13,2,February,Q1,2024,Tuesday,CNH,CNH Industrial N.V.,Farm & Heavy Construction Machinery,Industrials,United Kingdom of Great Britain and Northern Ireland,GB,GBR,Northern Europe,Europe,SELL
1791,176,1815,41,3,30,2024-09-24,24,9,September,Q3,2024,Tuesday,META,"Meta Platforms, Inc.",Internet Content & Information,Communication Services,United States of America,US,USA,Northern America,Americas,SELL
1792,6,246,29,3,30,2024-01-09,9,1,January,Q1,2024,Tuesday,ASML,ASML Holding N.V. - New York Re,Semiconductor Equipment & Materials,Technology,"Netherlands, Kingdom of the",NL,NLD,Western Europe,Europe,SELL
1793,67,3164,8,3,30,2024-04-04,4,4,April,Q2,2024,Thursday,YMM,Full Truck Alliance Co. Ltd.,Software - Application,Technology,China,CN,CHN,Eastern Asia,Asia,SELL
1794,37,655,40,3,30,2024-02-21,21,2,February,Q1,2024,Wednesday,CNH,CNH Industrial N.V.,Farm & Heavy Construction Machinery,Industrials,United Kingdom of Great Britain and Northern Ireland,GB,GBR,Northern Europe,Europe,SELL
1795,70,3164,8,3,30,2024-04-09,9,4,April,Q2,2024,Tuesday,YMM,Full Truck Alliance Co. Ltd.,Software - Application,Technology,China,CN,CHN,Eastern Asia,Asia,SELL
1796,173,2870,37,3,30,2024-09-19,19,9,September,Q3,2024,Thursday,TSM,Taiwan Semiconductor Manufactur,Semiconductors,Technology,"Taiwan, Province of China",TW,TWN,,,SELL
1797,102,149,36,3,30,2024-05-24,24,5,May,Q2,2024,Friday,AMCR,Amcor plc,Packaging & Containers,Consumer Cyclical,Switzerland,CH,CHE,Western Europe,Europe,SELL
1798,28,246,29,3,30,2024-02-08,8,2,February,Q1,2024,Thursday,ASML,ASML Holding N.V. - New York Re,Semiconductor Equipment & Materials,Technology,"Netherlands, Kingdom of the",NL,NLD,Western Europe,Europe,SELL
1799,58,892,16,3,30,2024-03-21,21,3,March,Q1,2024,Thursday,DTRUY,DAIMLER TRUCK HLDG AG,Farm & Heavy Construction Machinery,Industrials,Germany,DE,DEU,Western Europe,Europe,SELL
1800,74,3164,8,3,30,2024-04-15,15,4,April,Q2,2024,Monday,YMM,Full Truck Alliance Co. Ltd.,Software - Application,Technology,China,CN,CHN,Eastern Asia,Asia,SELL
1801,78,3164,8,3,30,2024-04-19,19,4,April,Q2,2024,Friday,YMM,Full Truck Alliance Co. Ltd.,Software - Application,Technology,China,CN,CHN,Eastern Asia,Asia,SELL
1802,169,2169,41,3,29,2024-09-13,13,9,September,Q3,2024,Friday,PANW,"Palo Alto Networks, Inc.",Software - Infrastructure,Technology,United States of America,US,USA,Northern America,Americas,SELL
1803,218,246,29,3,29,2024-12-05,5,12,December,Q4,2024,Thursday,ASML,ASML Holding N.V. - New York Re,Semiconductor Equipment & Materials,Technology,"Netherlands, Kingdom of the",NL,NLD,Western Europe,Europe,SELL
1804,170,227,40,3,29,2024-09-16,16,9,September,Q3,2024,Monday,ARM,Arm Holdings plc,Semiconductors,Technology,United Kingdom of Great Britain and Northern Ireland,GB,GBR,Northern Europe,Europe,SELL
1805,164,2665,26,3,29,2024-09-03,3,9,September,Q3,2024,Tuesday,SPOT,Spotify Technology S.A.,Internet Content & Information,Communication Services,Luxembourg,LU,LUX,Western Europe,Europe,SELL
1806,31,934,8,3,29,2024-02-13,13,2,February,Q1,2024,Tuesday,EH,EHang Holdings Limited,Aerospace & Defense,Industrials,China,CN,CHN,Eastern Asia,Asia,SELL
1807,32,934,8,3,29,2024-02-14,14,2,February,Q1,2024,Wednesday,EH,EHang Holdings Limited,Aerospace & Defense,Industrials,China,CN,CHN,Eastern Asia,Asia,SELL
1808,77,1761,41,3,28,2024-04-18,18,4,April,Q2,2024,Thursday,MA,Mastercard Incorporated,Credit Services,Financial Services,United States of America,US,USA,Northern America,Americas,SELL
1809,92,149,36,3,28,2024-05-10,10,5,May,Q2,2024,Friday,AMCR,Amcor plc,Packaging & Containers,Consumer Cyclical,Switzerland,CH,CHE,Western Europe,Europe,SELL
1810,80,2665,26,3,28,2024-04-23,23,4,April,Q2,2024,Tuesday,SPOT,Spotify Technology S.A.,Internet Content & Information,Communication Services,Luxembourg,LU,LUX,Western Europe,Europe,SELL
1811,17,655,40,3,28,2024-01-24,24,1,January,Q1,2024,Wednesday,CNH,CNH Industrial N.V.,Farm & Heavy Construction Machinery,Industrials,United Kingdom of Great Britain and Northern Ireland,GB,GBR,Northern Europe,Europe,SELL
1812,74,557,41,3,28,2024-04-15,15,4,April,Q2,2024,Monday,CDNS,"Cadence Design Systems, Inc.",Software - Application,Technology,United States of America,US,USA,Northern America,Americas,SELL
1813,228,557,41,3,28,2024-12-20,20,12,December,Q4,2024,Friday,CDNS,"Cadence Design Systems, Inc.",Software - Application,Technology,United States of America,US,USA,Northern America,Americas,SELL
1814,109,2665,26,3,28,2024-06-05,5,6,June,Q2,2024,Wednesday,SPOT,Spotify Technology S.A.,Internet Content & Information,Communication Services,Luxembourg,LU,LUX,Western Europe,Europe,SELL
1815,47,892,16,3,28,2024-03-06,6,3,March,Q1,2024,Wednesday,DTRUY,DAIMLER TRUCK HLDG AG,Farm & Heavy Construction Machinery,Industrials,Germany,DE,DEU,Western Europe,Europe,SELL
1816,140,2665,26,3,28,2024-07-24,24,7,July,Q3,2024,Wednesday,SPOT,Spotify Technology S.A.,Internet Content & Information,Communication Services,Luxembourg,LU,LUX,Western Europe,Europe,SELL
1817,31,414,41,3,27,2024-02-13,13,2,February,Q1,2024,Tuesday,BLK,"BlackRock, Inc.",Asset Management,Financial Services,United States of America,US,USA,Northern America,Americas,SELL
1818,22,655,40,3,27,2024-01-31,31,1,January,Q1,2024,Wednesday,CNH,CNH Industrial N.V.,Farm & Heavy Construction Machinery,Industrials,United Kingdom of Great Britain and Northern Ireland,GB,GBR,Northern Europe,Europe,SELL
1819,18,655,40,3,27,2024-01-25,25,1,January,Q1,2024,Thursday,CNH,CNH Industrial N.V.,Farm & Heavy Construction Machinery,Industrials,United Kingdom of Great Britain and Northern Ireland,GB,GBR,Northern Europe,Europe,SELL
1820,226,1815,41,3,27,2024-12-18,18,12,December,Q4,2024,Wednesday,META,"Meta Platforms, Inc.",Internet Content & Information,Communication Services,United States of America,US,USA,Northern America,Americas,SELL
1821,118,2665,26,3,27,2024-06-17,17,6,June,Q2,2024,Monday,SPOT,Spotify Technology S.A.,Internet Content & Information,Communication Services,Luxembourg,LU,LUX,Western Europe,Europe,SELL
1822,104,2169,41,3,27,2024-05-28,28,5,May,Q2,2024,Tuesday,PANW,"Palo Alto Networks, Inc.",Software - Infrastructure,Technology,United States of America,US,USA,Northern America,Americas,SELL
1823,11,97,41,3,27,2024-01-16,16,1,January,Q1,2024,Tuesday,AIR,AAR Corp.,Aerospace & Defense,Industrials,United States of America,US,USA,Northern America,Americas,SELL
1824,45,892,16,3,27,2024-03-04,4,3,March,Q1,2024,Monday,DTRUY,DAIMLER TRUCK HLDG AG,Farm & Heavy Construction Machinery,Industrials,Germany,DE,DEU,Western Europe,Europe,SELL
1825,228,1815,41,3,27,2024-12-20,20,12,December,Q4,2024,Friday,META,"Meta Platforms, Inc.",Internet Content & Information,Communication Services,United States of America,US,USA,Northern America,Americas,SELL
1826,87,2043,36,3,27,2024-05-02,2,5,May,Q2,2024,Thursday,NVCR,NovoCure Limited,Medical Devices,Healthcare,Switzerland,CH,CHE,Western Europe,Europe,SELL
1827,16,655,40,3,27,2024-01-23,23,1,January,Q1,2024,Tuesday,CNH,CNH Industrial N.V.,Farm & Heavy Construction Machinery,Industrials,United Kingdom of Great Britain and Northern Ireland,GB,GBR,Northern Europe,Europe,SELL
1828,76,2127,5,3,27,2024-04-17,17,4,April,Q2,2024,Wednesday,OR,Osisko Gold Royalties Ltd,Gold,Basic Materials,Canada,CA,CAN,Northern America,Americas,SELL
1829,17,655,40,3,27,2024-01-24,24,1,January,Q1,2024,Wednesday,CNH,CNH Industrial N.V.,Farm & Heavy Construction Machinery,Industrials,United Kingdom of Great Britain and Northern Ireland,GB,GBR,Northern Europe,Europe,SELL
1830,9,697,31,3,27,2024-01-12,12,1,January,Q1,2024,Friday,CPA,"Copa Holdings, S.A.",Airlines,Industrials,Panama,PA,PAN,Latin America and the Caribbean,Americas,SELL
1831,198,557,41,3,27,2024-10-30,30,10,October,Q4,2024,Wednesday,CDNS,"Cadence Design Systems, Inc.",Software - Application,Technology,United States of America,US,USA,Northern America,Americas,SELL
1832,115,557,41,3,26,2024-06-13,13,6,June,Q2,2024,Thursday,CDNS,"Cadence Design Systems, Inc.",Software - Application,Technology,United States of America,US,USA,Northern America,Americas,SELL
1833,80,2043,36,3,26,2024-04-23,23,4,April,Q2,2024,Tuesday,NVCR,NovoCure Limited,Medical Devices,Healthcare,Switzerland,CH,CHE,Western Europe,Europe,SELL
1834,208,1815,41,3,26,2024-11-15,15,11,November,Q4,2024,Friday,META,"Meta Platforms, Inc.",Internet Content & Information,Communication Services,United States of America,US,USA,Northern America,Americas,SELL
1835,160,151,41,3,26,2024-08-28,28,8,August,Q3,2024,Wednesday,AMD,"Advanced Micro Devices, Inc.",Semiconductors,Technology,United States of America,US,USA,Northern America,Americas,SELL
1836,22,1761,41,3,26,2024-01-31,31,1,January,Q1,2024,Wednesday,MA,Mastercard Incorporated,Credit Services,Financial Services,United States of America,US,USA,Northern America,Americas,SELL
1837,41,892,16,3,26,2024-02-27,27,2,February,Q1,2024,Tuesday,DTRUY,DAIMLER TRUCK HLDG AG,Farm & Heavy Construction Machinery,Industrials,Germany,DE,DEU,Western Europe,Europe,SELL
1838,30,655,40,3,26,2024-02-12,12,2,February,Q1,2024,Monday,CNH,CNH Industrial N.V.,Farm & Heavy Construction Machinery,Industrials,United Kingdom of Great Britain and Northern Ireland,GB,GBR,Northern Europe,Europe,SELL
1839,32,655,40,3,26,2024-02-14,14,2,February,Q1,2024,Wednesday,CNH,CNH Industrial N.V.,Farm & Heavy Construction Machinery,Industrials,United Kingdom of Great Britain and Northern Ireland,GB,GBR,Northern Europe,Europe,SELL
1840,13,1689,40,3,26,2024-01-18,18,1,January,Q1,2024,Thursday,LIN,Linde plc,Specialty Chemicals,Basic Materials,United Kingdom of Great Britain and Northern Ireland,GB,GBR,Northern Europe,Europe,SELL
1841,198,2968,41,3,26,2024-10-30,30,10,October,Q4,2024,Wednesday,V,Visa Inc.,Credit Services,Financial Services,United States of America,US,USA,Northern America,Americas,SELL
1842,75,892,16,3,26,2024-04-16,16,4,April,Q2,2024,Tuesday,DTRUY,DAIMLER TRUCK HLDG AG,Farm & Heavy Construction Machinery,Industrials,Germany,DE,DEU,Western Europe,Europe,SELL
1843,67,892,16,3,26,2024-04-04,4,4,April,Q2,2024,Thursday,DTRUY,DAIMLER TRUCK HLDG AG,Farm & Heavy Construction Machinery,Industrials,Germany,DE,DEU,Western Europe,Europe,SELL
1844,193,2968,41,3,26,2024-10-22,22,10,October,Q4,2024,Tuesday,V,Visa Inc.,Credit Services,Financial Services,United States of America,US,USA,Northern America,Americas,SELL
1845,30,1689,40,3,26,2024-02-12,12,2,February,Q1,2024,Monday,LIN,Linde plc,Specialty Chemicals,Basic Materials,United Kingdom of Great Britain and Northern Ireland,GB,GBR,Northern Europe,Europe,SELL
1846,151,934,8,3,26,2024-08-12,12,8,August,Q3,2024,Monday,EH,EHang Holdings Limited,Aerospace & Defense,Industrials,China,CN,CHN,Eastern Asia,Asia,SELL
1847,45,2968,41,3,25,2024-03-04,4,3,March,Q1,2024,Monday,V,Visa Inc.,Credit Services,Financial Services,United States of America,US,USA,Northern America,Americas,SELL
1848,154,2968,41,3,25,2024-08-16,16,8,August,Q3,2024,Friday,V,Visa Inc.,Credit Services,Financial Services,United States of America,US,USA,Northern America,Americas,SELL
1849,99,2968,41,3,25,2024-05-21,21,5,May,Q2,2024,Tuesday,V,Visa Inc.,Credit Services,Financial Services,United States of America,US,USA,Northern America,Americas,SELL
1850,176,527,36,3,25,2024-09-24,24,9,September,Q3,2024,Tuesday,CB,Chubb Limited,Insurance - Property & Casualty,Financial Services,Switzerland,CH,CHE,Western Europe,Europe,SELL
1851,25,1689,40,3,25,2024-02-05,5,2,February,Q1,2024,Monday,LIN,Linde plc,Specialty Chemicals,Basic Materials,United Kingdom of Great Britain and Northern Ireland,GB,GBR,Northern Europe,Europe,SELL
1852,188,2968,41,3,25,2024-10-15,15,10,October,Q4,2024,Tuesday,V,Visa Inc.,Credit Services,Financial Services,United States of America,US,USA,Northern America,Americas,SELL
1853,27,1689,40,3,25,2024-02-07,7,2,February,Q1,2024,Wednesday,LIN,Linde plc,Specialty Chemicals,Basic Materials,United Kingdom of Great Britain and Northern Ireland,GB,GBR,Northern Europe,Europe,SELL
1854,173,2043,36,3,233,2024-09-19,19,9,September,Q3,2024,Thursday,NVCR,NovoCure Limited,Medical Devices,Healthcare,Switzerland,CH,CHE,Western Europe,Europe,SELL
1855,151,934,8,3,222,2024-08-12,12,8,August,Q3,2024,Monday,EH,EHang Holdings Limited,Aerospace & Defense,Industrials,China,CN,CHN,Eastern Asia,Asia,SELL
1856,216,1761,41,3,222,2024-12-03,3,12,December,Q4,2024,Tuesday,MA,Mastercard Incorporated,Credit Services,Financial Services,United States of America,US,USA,Northern America,Americas,SELL
1857,2,697,31,3,222,2024-01-03,3,1,January,Q1,2024,Wednesday,CPA,"Copa Holdings, S.A.",Airlines,Industrials,Panama,PA,PAN,Latin America and the Caribbean,Americas,SELL
1858,64,3164,8,3,221,2024-04-01,1,4,April,Q2,2024,Monday,YMM,Full Truck Alliance Co. Ltd.,Software - Application,Technology,China,CN,CHN,Eastern Asia,Asia,SELL
1859,155,2968,41,3,221,2024-08-19,19,8,August,Q3,2024,Monday,V,Visa Inc.,Credit Services,Financial Services,United States of America,US,USA,Northern America,Americas,SELL
1860,8,1689,40,3,217,2024-01-11,11,1,January,Q1,2024,Thursday,LIN,Linde plc,Specialty Chemicals,Basic Materials,United Kingdom of Great Britain and Northern Ireland,GB,GBR,Northern Europe,Europe,SELL
1861,50,3164,8,3,217,2024-03-11,11,3,March,Q1,2024,Monday,YMM,Full Truck Alliance Co. Ltd.,Software - Application,Technology,China,CN,CHN,Eastern Asia,Asia,SELL
1862,53,3164,8,3,215,2024-03-14,14,3,March,Q1,2024,Thursday,YMM,Full Truck Alliance Co. Ltd.,Software - Application,Technology,China,CN,CHN,Eastern Asia,Asia,SELL
1863,40,401,41,1,215,2024-02-26,26,2,February,Q1,2024,Monday,BKNG,Booking Holdings Inc. Common St,Travel Services,Consumer Cyclical,United States of America,US,USA,Northern America,Americas,BUY
1864,22,401,41,1,214,2024-01-31,31,1,January,Q1,2024,Wednesday,BKNG,Booking Holdings Inc. Common St,Travel Services,Consumer Cyclical,United States of America,US,USA,Northern America,Americas,BUY
1865,17,401,41,1,214,2024-01-24,24,1,January,Q1,2024,Wednesday,BKNG,Booking Holdings Inc. Common St,Travel Services,Consumer Cyclical,United States of America,US,USA,Northern America,Americas,BUY
1866,30,401,41,1,202,2024-02-12,12,2,February,Q1,2024,Monday,BKNG,Booking Holdings Inc. Common St,Travel Services,Consumer Cyclical,United States of America,US,USA,Northern America,Americas,BUY
1867,76,2607,5,1,202,2024-04-17,17,4,April,Q2,2024,Wednesday,SLF,Sun Life Financial Inc.,Insurance - Diversified,Financial Services,Canada,CA,CAN,Northern America,Americas,BUY
1868,39,401,41,1,199,2024-02-23,23,2,February,Q1,2024,Friday,BKNG,Booking Holdings Inc. Common St,Travel Services,Consumer Cyclical,United States of America,US,USA,Northern America,Americas,BUY
1869,87,2607,5,1,199,2024-05-02,2,5,May,Q2,2024,Thursday,SLF,Sun Life Financial Inc.,Insurance - Diversified,Financial Services,Canada,CA,CAN,Northern America,Americas,BUY
1870,78,3183,8,1,198,2024-04-19,19,4,April,Q2,2024,Friday,ZK,ZEEKR Intelligent Technology Ho,Auto Manufacturers,Consumer Cyclical,China,CN,CHN,Eastern Asia,Asia,BUY
1871,145,2607,5,1,198,2024-08-02,2,8,August,Q3,2024,Friday,SLF,Sun Life Financial Inc.,Insurance - Diversified,Financial Services,Canada,CA,CAN,Northern America,Americas,BUY
1872,64,1697,41,1,198,2024-04-01,1,4,April,Q2,2024,Monday,LLY,Eli Lilly and Company,Drug Manufacturers - General,Healthcare,United States of America,US,USA,Northern America,Americas,BUY
1873,105,655,40,1,198,2024-05-29,29,5,May,Q2,2024,Wednesday,CNH,CNH Industrial N.V.,Farm & Heavy Construction Machinery,Industrials,United Kingdom of Great Britain and Northern Ireland,GB,GBR,Northern Europe,Europe,BUY
1874,115,246,29,1,195,2024-06-13,13,6,June,Q2,2024,Thursday,ASML,ASML Holding N.V. - New York Re,Semiconductor Equipment & Materials,Technology,"Netherlands, Kingdom of the",NL,NLD,Western Europe,Europe,BUY
1875,125,246,29,1,195,2024-06-26,26,6,June,Q2,2024,Wednesday,ASML,ASML Holding N.V. - New York Re,Semiconductor Equipment & Materials,Technology,"Netherlands, Kingdom of the",NL,NLD,Western Europe,Europe,BUY
1876,195,414,41,1,190,2024-10-24,24,10,October,Q4,2024,Thursday,BLK,"BlackRock, Inc.",Asset Management,Financial Services,United States of America,US,USA,Northern America,Americas,BUY
1877,76,3183,8,1,185,2024-04-17,17,4,April,Q2,2024,Wednesday,ZK,ZEEKR Intelligent Technology Ho,Auto Manufacturers,Consumer Cyclical,China,CN,CHN,Eastern Asia,Asia,BUY
1878,99,655,40,1,185,2024-05-21,21,5,May,Q2,2024,Tuesday,CNH,CNH Industrial N.V.,Farm & Heavy Construction Machinery,Industrials,United Kingdom of Great Britain and Northern Ireland,GB,GBR,Northern Europe,Europe,BUY
1879,183,414,41,1,185,2024-10-08,8,10,October,Q4,2024,Tuesday,BLK,"BlackRock, Inc.",Asset Management,Financial Services,United States of America,US,USA,Northern America,Americas,BUY
1880,54,246,29,1,177,2024-03-15,15,3,March,Q1,2024,Friday,ASML,ASML Holding N.V. - New York Re,Semiconductor Equipment & Materials,Technology,"Netherlands, Kingdom of the",NL,NLD,Western Europe,Europe,BUY
1881,56,3183,8,1,177,2024-03-19,19,3,March,Q1,2024,Tuesday,ZK,ZEEKR Intelligent Technology Ho,Auto Manufacturers,Consumer Cyclical,China,CN,CHN,Eastern Asia,Asia,BUY
1882,128,1697,41,1,155,2024-07-01,1,7,July,Q3,2024,Monday,LLY,Eli Lilly and Company,Drug Manufacturers - General,Healthcare,United States of America,US,USA,Northern America,Americas,BUY
1883,90,655,40,1,155,2024-05-08,8,5,May,Q2,2024,Wednesday,CNH,CNH Industrial N.V.,Farm & Heavy Construction Machinery,Industrials,United Kingdom of Great Britain and Northern Ireland,GB,GBR,Northern Europe,Europe,BUY
1884,189,1697,41,1,147,2024-10-16,16,10,October,Q4,2024,Wednesday,LLY,Eli Lilly and Company,Drug Manufacturers - General,Healthcare,United States of America,US,USA,Northern America,Americas,BUY
1885,76,246,29,1,147,2024-04-17,17,4,April,Q2,2024,Wednesday,ASML,ASML Holding N.V. - New York Re,Semiconductor Equipment & Materials,Technology,"Netherlands, Kingdom of the",NL,NLD,Western Europe,Europe,BUY
1886,89,1689,40,1,146,2024-05-07,7,5,May,Q2,2024,Tuesday,LIN,Linde plc,Specialty Chemicals,Basic Materials,United Kingdom of Great Britain and Northern Ireland,GB,GBR,Northern Europe,Europe,BUY
1887,98,3183,8,1,146,2024-05-20,20,5,May,Q2,2024,Monday,ZK,ZEEKR Intelligent Technology Ho,Auto Manufacturers,Consumer Cyclical,China,CN,CHN,Eastern Asia,Asia,BUY
1888,55,1689,40,1,144,2024-03-18,18,3,March,Q1,2024,Monday,LIN,Linde plc,Specialty Chemicals,Basic Materials,United Kingdom of Great Britain and Northern Ireland,GB,GBR,Northern Europe,Europe,BUY
1889,79,2607,5,1,144,2024-04-22,22,4,April,Q2,2024,Monday,SLF,Sun Life Financial Inc.,Insurance - Diversified,Financial Services,Canada,CA,CAN,Northern America,Americas,BUY
1890,104,3183,8,1,136,2024-05-28,28,5,May,Q2,2024,Tuesday,ZK,ZEEKR Intelligent Technology Ho,Auto Manufacturers,Consumer Cyclical,China,CN,CHN,Eastern Asia,Asia,BUY
1891,115,1697,41,1,136,2024-06-13,13,6,June,Q2,2024,Thursday,LLY,Eli Lilly and Company,Drug Manufacturers - General,Healthcare,United States of America,US,USA,Northern America,Americas,BUY
1892,154,414,41,1,135,2024-08-16,16,8,August,Q3,2024,Friday,BLK,"BlackRock, Inc.",Asset Management,Financial Services,United States of America,US,USA,Northern America,Americas,BUY
1893,164,246,29,1,135,2024-09-03,3,9,September,Q3,2024,Tuesday,ASML,ASML Holding N.V. - New York Re,Semiconductor Equipment & Materials,Technology,"Netherlands, Kingdom of the",NL,NLD,Western Europe,Europe,BUY
1894,198,1697,41,1,135,2024-10-30,30,10,October,Q4,2024,Wednesday,LLY,Eli Lilly and Company,Drug Manufacturers - General,Healthcare,United States of America,US,USA,Northern America,Americas,BUY
1895,76,1605,40,1,135,2024-04-17,17,4,April,Q2,2024,Wednesday,KNSA,"Kiniksa Pharmaceuticals, Ltd.",Drug Manufacturers - Specialty & Generic,Healthcare,United Kingdom of Great Britain and Northern Ireland,GB,GBR,Northern Europe,Europe,BUY
1896,123,3183,8,1,133,2024-06-24,24,6,June,Q2,2024,Monday,ZK,ZEEKR Intelligent Technology Ho,Auto Manufacturers,Consumer Cyclical,China,CN,CHN,Eastern Asia,Asia,BUY
1897,138,3183,8,1,133,2024-07-17,17,7,July,Q3,2024,Wednesday,ZK,ZEEKR Intelligent Technology Ho,Auto Manufacturers,Consumer Cyclical,China,CN,CHN,Eastern Asia,Asia,BUY
1898,218,1697,41,1,132,2024-12-05,5,12,December,Q4,2024,Thursday,LLY,Eli Lilly and Company,Drug Manufacturers - General,Healthcare,United States of America,US,USA,Northern America,Americas,BUY
1899,100,484,27,1,132,2024-05-22,22,5,May,Q2,2024,Wednesday,BWMX,"Betterware de Mexico, S.A.P.I. ",Specialty Retail,Consumer Cyclical,Mexico,MX,MEX,Latin America and the Caribbean,Americas,BUY
1900,98,414,41,1,129,2024-05-20,20,5,May,Q2,2024,Monday,BLK,"BlackRock, Inc.",Asset Management,Financial Services,United States of America,US,USA,Northern America,Americas,BUY
1901,145,2607,5,1,129,2024-08-02,2,8,August,Q3,2024,Friday,SLF,Sun Life Financial Inc.,Insurance - Diversified,Financial Services,Canada,CA,CAN,Northern America,Americas,BUY
1902,92,3183,8,1,129,2024-05-10,10,5,May,Q2,2024,Friday,ZK,ZEEKR Intelligent Technology Ho,Auto Manufacturers,Consumer Cyclical,China,CN,CHN,Eastern Asia,Asia,BUY
1903,100,1697,41,1,129,2024-05-22,22,5,May,Q2,2024,Wednesday,LLY,Eli Lilly and Company,Drug Manufacturers - General,Healthcare,United States of America,US,USA,Northern America,Americas,BUY
1904,91,3183,8,1,128,2024-05-09,9,5,May,Q2,2024,Thursday,ZK,ZEEKR Intelligent Technology Ho,Auto Manufacturers,Consumer Cyclical,China,CN,CHN,Eastern Asia,Asia,BUY
1905,167,3183,8,1,128,2024-09-06,6,9,September,Q3,2024,Friday,ZK,ZEEKR Intelligent Technology Ho,Auto Manufacturers,Consumer Cyclical,China,CN,CHN,Eastern Asia,Asia,BUY
1906,34,1697,41,1,125,2024-02-16,16,2,February,Q1,2024,Friday,LLY,Eli Lilly and Company,Drug Manufacturers - General,Healthcare,United States of America,US,USA,Northern America,Americas,BUY
1907,104,414,41,1,123,2024-05-28,28,5,May,Q2,2024,Tuesday,BLK,"BlackRock, Inc.",Asset Management,Financial Services,United States of America,US,USA,Northern America,Americas,BUY
1908,111,3183,8,1,123,2024-06-07,7,6,June,Q2,2024,Friday,ZK,ZEEKR Intelligent Technology Ho,Auto Manufacturers,Consumer Cyclical,China,CN,CHN,Eastern Asia,Asia,BUY
1909,140,3183,8,1,122,2024-07-24,24,7,July,Q3,2024,Wednesday,ZK,ZEEKR Intelligent Technology Ho,Auto Manufacturers,Consumer Cyclical,China,CN,CHN,Eastern Asia,Asia,BUY
1910,36,1697,41,1,122,2024-02-20,20,2,February,Q1,2024,Tuesday,LLY,Eli Lilly and Company,Drug Manufacturers - General,Healthcare,United States of America,US,USA,Northern America,Americas,BUY
1911,86,3183,8,1,115,2024-05-01,1,5,May,Q2,2024,Wednesday,ZK,ZEEKR Intelligent Technology Ho,Auto Manufacturers,Consumer Cyclical,China,CN,CHN,Eastern Asia,Asia,BUY
1912,29,3183,8,1,115,2024-02-09,9,2,February,Q1,2024,Friday,ZK,ZEEKR Intelligent Technology Ho,Auto Manufacturers,Consumer Cyclical,China,CN,CHN,Eastern Asia,Asia,BUY
1913,49,246,29,1,107,2024-03-08,8,3,March,Q1,2024,Friday,ASML,ASML Holding N.V. - New York Re,Semiconductor Equipment & Materials,Technology,"Netherlands, Kingdom of the",NL,NLD,Western Europe,Europe,BUY
1914,140,3183,8,1,107,2024-07-24,24,7,July,Q3,2024,Wednesday,ZK,ZEEKR Intelligent Technology Ho,Auto Manufacturers,Consumer Cyclical,China,CN,CHN,Eastern Asia,Asia,BUY
1915,140,3183,8,1,103,2024-07-24,24,7,July,Q3,2024,Wednesday,ZK,ZEEKR Intelligent Technology Ho,Auto Manufacturers,Consumer Cyclical,China,CN,CHN,Eastern Asia,Asia,BUY
1916,67,246,29,1,101,2024-04-04,4,4,April,Q2,2024,Thursday,ASML,ASML Holding N.V. - New York Re,Semiconductor Equipment & Materials,Technology,"Netherlands, Kingdom of the",NL,NLD,Western Europe,Europe,BUY
1917,138,1452,5,1,101,2024-07-17,17,7,July,Q3,2024,Wednesday,IMAX,Imax Corporation,Entertainment,Communication Services,Canada,CA,CAN,Northern America,Americas,BUY
1918,220,2625,16,1,101,2024-12-09,9,12,December,Q4,2024,Monday,SMNEY,Siemens Energy AG,Specialty Industrial Machinery,Industrials,Germany,DE,DEU,Western Europe,Europe,BUY
1919,70,1452,5,1,101,2024-04-09,9,4,April,Q2,2024,Tuesday,IMAX,Imax Corporation,Entertainment,Communication Services,Canada,CA,CAN,Northern America,Americas,BUY
1920,221,2625,16,1,96,2024-12-10,10,12,December,Q4,2024,Tuesday,SMNEY,Siemens Energy AG,Specialty Industrial Machinery,Industrials,Germany,DE,DEU,Western Europe,Europe,BUY
1921,40,1452,5,1,96,2024-02-26,26,2,February,Q1,2024,Monday,IMAX,Imax Corporation,Entertainment,Communication Services,Canada,CA,CAN,Northern America,Americas,BUY
1922,154,1697,41,1,93,2024-08-16,16,8,August,Q3,2024,Friday,LLY,Eli Lilly and Company,Drug Manufacturers - General,Healthcare,United States of America,US,USA,Northern America,Americas,BUY
1923,145,3183,8,1,93,2024-08-02,2,8,August,Q3,2024,Friday,ZK,ZEEKR Intelligent Technology Ho,Auto Manufacturers,Consumer Cyclical,China,CN,CHN,Eastern Asia,Asia,BUY
1924,73,3183,8,1,93,2024-04-12,12,4,April,Q2,2024,Friday,ZK,ZEEKR Intelligent Technology Ho,Auto Manufacturers,Consumer Cyclical,China,CN,CHN,Eastern Asia,Asia,BUY
1925,183,1815,41,1,92,2024-10-08,8,10,October,Q4,2024,Tuesday,META,"Meta Platforms, Inc.",Internet Content & Information,Communication Services,United States of America,US,USA,Northern America,Americas,BUY
1926,73,1605,40,1,92,2024-04-12,12,4,April,Q2,2024,Friday,KNSA,"Kiniksa Pharmaceuticals, Ltd.",Drug Manufacturers - Specialty & Generic,Healthcare,United Kingdom of Great Britain and Northern Ireland,GB,GBR,Northern Europe,Europe,BUY
1927,70,3183,8,1,92,2024-04-09,9,4,April,Q2,2024,Tuesday,ZK,ZEEKR Intelligent Technology Ho,Auto Manufacturers,Consumer Cyclical,China,CN,CHN,Eastern Asia,Asia,BUY
1928,52,3183,8,1,91,2024-03-13,13,3,March,Q1,2024,Wednesday,ZK,ZEEKR Intelligent Technology Ho,Auto Manufacturers,Consumer Cyclical,China,CN,CHN,Eastern Asia,Asia,BUY
1929,68,1605,40,1,91,2024-04-05,5,4,April,Q2,2024,Friday,KNSA,"Kiniksa Pharmaceuticals, Ltd.",Drug Manufacturers - Specialty & Generic,Healthcare,United Kingdom of Great Britain and Northern Ireland,GB,GBR,Northern Europe,Europe,BUY
1930,68,484,27,1,91,2024-04-05,5,4,April,Q2,2024,Friday,BWMX,"Betterware de Mexico, S.A.P.I. ",Specialty Retail,Consumer Cyclical,Mexico,MX,MEX,Latin America and the Caribbean,Americas,BUY
1931,47,3183,8,1,91,2024-03-06,6,3,March,Q1,2024,Wednesday,ZK,ZEEKR Intelligent Technology Ho,Auto Manufacturers,Consumer Cyclical,China,CN,CHN,Eastern Asia,Asia,BUY
1932,51,3183,8,1,91,2024-03-12,12,3,March,Q1,2024,Tuesday,ZK,ZEEKR Intelligent Technology Ho,Auto Manufacturers,Consumer Cyclical,China,CN,CHN,Eastern Asia,Asia,BUY
1933,41,3183,8,1,91,2024-02-27,27,2,February,Q1,2024,Tuesday,ZK,ZEEKR Intelligent Technology Ho,Auto Manufacturers,Consumer Cyclical,China,CN,CHN,Eastern Asia,Asia,BUY
1934,53,934,8,1,87,2024-03-14,14,3,March,Q1,2024,Thursday,EH,EHang Holdings Limited,Aerospace & Defense,Industrials,China,CN,CHN,Eastern Asia,Asia,BUY
1935,49,934,8,1,87,2024-03-08,8,3,March,Q1,2024,Friday,EH,EHang Holdings Limited,Aerospace & Defense,Industrials,China,CN,CHN,Eastern Asia,Asia,BUY
1936,89,2625,16,1,84,2024-05-07,7,5,May,Q2,2024,Tuesday,SMNEY,Siemens Energy AG,Specialty Industrial Machinery,Industrials,Germany,DE,DEU,Western Europe,Europe,BUY
1937,48,934,8,1,84,2024-03-07,7,3,March,Q1,2024,Thursday,EH,EHang Holdings Limited,Aerospace & Defense,Industrials,China,CN,CHN,Eastern Asia,Asia,BUY
1938,199,1815,41,1,84,2024-10-31,31,10,October,Q4,2024,Thursday,META,"Meta Platforms, Inc.",Internet Content & Information,Communication Services,United States of America,US,USA,Northern America,Americas,BUY
1939,53,934,8,1,84,2024-03-14,14,3,March,Q1,2024,Thursday,EH,EHang Holdings Limited,Aerospace & Defense,Industrials,China,CN,CHN,Eastern Asia,Asia,BUY
1940,83,1605,40,1,83,2024-04-26,26,4,April,Q2,2024,Friday,KNSA,"Kiniksa Pharmaceuticals, Ltd.",Drug Manufacturers - Specialty & Generic,Healthcare,United Kingdom of Great Britain and Northern Ireland,GB,GBR,Northern Europe,Europe,BUY
1941,70,1605,40,1,83,2024-04-09,9,4,April,Q2,2024,Tuesday,KNSA,"Kiniksa Pharmaceuticals, Ltd.",Drug Manufacturers - Specialty & Generic,Healthcare,United Kingdom of Great Britain and Northern Ireland,GB,GBR,Northern Europe,Europe,BUY
1942,205,1697,41,1,82,2024-11-12,12,11,November,Q4,2024,Tuesday,LLY,Eli Lilly and Company,Drug Manufacturers - General,Healthcare,United States of America,US,USA,Northern America,Americas,BUY
1943,189,484,27,1,82,2024-10-16,16,10,October,Q4,2024,Wednesday,BWMX,"Betterware de Mexico, S.A.P.I. ",Specialty Retail,Consumer Cyclical,Mexico,MX,MEX,Latin America and the Caribbean,Americas,BUY
1944,138,2625,16,1,82,2024-07-17,17,7,July,Q3,2024,Wednesday,SMNEY,Siemens Energy AG,Specialty Industrial Machinery,Industrials,Germany,DE,DEU,Western Europe,Europe,BUY
1945,45,934,8,1,81,2024-03-04,4,3,March,Q1,2024,Monday,EH,EHang Holdings Limited,Aerospace & Defense,Industrials,China,CN,CHN,Eastern Asia,Asia,BUY
1946,67,1900,41,1,81,2024-04-04,4,4,April,Q2,2024,Thursday,MSFT,Microsoft Corporation,Software - Infrastructure,Technology,United States of America,US,USA,Northern America,Americas,BUY
1947,68,414,41,1,80,2024-04-05,5,4,April,Q2,2024,Friday,BLK,"BlackRock, Inc.",Asset Management,Financial Services,United States of America,US,USA,Northern America,Americas,BUY
1948,185,2625,16,1,80,2024-10-10,10,10,October,Q4,2024,Thursday,SMNEY,Siemens Energy AG,Specialty Industrial Machinery,Industrials,Germany,DE,DEU,Western Europe,Europe,BUY
1949,50,934,8,1,75,2024-03-11,11,3,March,Q1,2024,Monday,EH,EHang Holdings Limited,Aerospace & Defense,Industrials,China,CN,CHN,Eastern Asia,Asia,BUY
1950,64,2665,26,1,75,2024-04-01,1,4,April,Q2,2024,Monday,SPOT,Spotify Technology S.A.,Internet Content & Information,Communication Services,Luxembourg,LU,LUX,Western Europe,Europe,BUY
1951,41,1605,40,1,74,2024-02-27,27,2,February,Q1,2024,Tuesday,KNSA,"Kiniksa Pharmaceuticals, Ltd.",Drug Manufacturers - Specialty & Generic,Healthcare,United Kingdom of Great Britain and Northern Ireland,GB,GBR,Northern Europe,Europe,BUY
1952,46,1697,41,1,74,2024-03-05,5,3,March,Q1,2024,Tuesday,LLY,Eli Lilly and Company,Drug Manufacturers - General,Healthcare,United States of America,US,USA,Northern America,Americas,BUY
1953,49,1452,5,1,73,2024-03-08,8,3,March,Q1,2024,Friday,IMAX,Imax Corporation,Entertainment,Communication Services,Canada,CA,CAN,Northern America,Americas,BUY
1954,210,414,41,1,73,2024-11-19,19,11,November,Q4,2024,Tuesday,BLK,"BlackRock, Inc.",Asset Management,Financial Services,United States of America,US,USA,Northern America,Americas,BUY
1955,46,934,8,1,71,2024-03-05,5,3,March,Q1,2024,Tuesday,EH,EHang Holdings Limited,Aerospace & Defense,Industrials,China,CN,CHN,Eastern Asia,Asia,BUY
1956,73,414,41,1,71,2024-04-12,12,4,April,Q2,2024,Friday,BLK,"BlackRock, Inc.",Asset Management,Financial Services,United States of America,US,USA,Northern America,Americas,BUY
1957,68,1697,41,1,69,2024-04-05,5,4,April,Q2,2024,Friday,LLY,Eli Lilly and Company,Drug Manufacturers - General,Healthcare,United States of America,US,USA,Northern America,Americas,BUY
1958,38,2625,16,1,69,2024-02-22,22,2,February,Q1,2024,Thursday,SMNEY,Siemens Energy AG,Specialty Industrial Machinery,Industrials,Germany,DE,DEU,Western Europe,Europe,BUY
1959,116,2625,16,1,68,2024-06-14,14,6,June,Q2,2024,Friday,SMNEY,Siemens Energy AG,Specialty Industrial Machinery,Industrials,Germany,DE,DEU,Western Europe,Europe,BUY
1960,46,934,8,1,68,2024-03-05,5,3,March,Q1,2024,Tuesday,EH,EHang Holdings Limited,Aerospace & Defense,Industrials,China,CN,CHN,Eastern Asia,Asia,BUY
1961,56,1697,41,1,67,2024-03-19,19,3,March,Q1,2024,Tuesday,LLY,Eli Lilly and Company,Drug Manufacturers - General,Healthcare,United States of America,US,USA,Northern America,Americas,BUY
1962,49,1452,5,1,67,2024-03-08,8,3,March,Q1,2024,Friday,IMAX,Imax Corporation,Entertainment,Communication Services,Canada,CA,CAN,Northern America,Americas,BUY
1963,114,1815,41,1,63,2024-06-12,12,6,June,Q2,2024,Wednesday,META,"Meta Platforms, Inc.",Internet Content & Information,Communication Services,United States of America,US,USA,Northern America,Americas,BUY
1964,70,1697,41,1,63,2024-04-09,9,4,April,Q2,2024,Tuesday,LLY,Eli Lilly and Company,Drug Manufacturers - General,Healthcare,United States of America,US,USA,Northern America,Americas,BUY
1965,15,414,41,3,62,2024-01-22,22,1,January,Q1,2024,Monday,BLK,"BlackRock, Inc.",Asset Management,Financial Services,United States of America,US,USA,Northern America,Americas,SELL
1966,60,401,41,3,62,2024-03-25,25,3,March,Q1,2024,Monday,BKNG,Booking Holdings Inc. Common St,Travel Services,Consumer Cyclical,United States of America,US,USA,Northern America,Americas,SELL
1967,29,401,41,3,62,2024-02-09,9,2,February,Q1,2024,Friday,BKNG,Booking Holdings Inc. Common St,Travel Services,Consumer Cyclical,United States of America,US,USA,Northern America,Americas,SELL
1968,22,401,41,3,62,2024-01-31,31,1,January,Q1,2024,Wednesday,BKNG,Booking Holdings Inc. Common St,Travel Services,Consumer Cyclical,United States of America,US,USA,Northern America,Americas,SELL
1969,39,401,41,3,61,2024-02-23,23,2,February,Q1,2024,Friday,BKNG,Booking Holdings Inc. Common St,Travel Services,Consumer Cyclical,United States of America,US,USA,Northern America,Americas,SELL
1970,101,3055,8,3,61,2024-05-23,23,5,May,Q2,2024,Thursday,WB,Weibo Corporation,Internet Content & Information,Communication Services,China,CN,CHN,Eastern Asia,Asia,SELL
1971,40,401,41,3,60,2024-02-26,26,2,February,Q1,2024,Monday,BKNG,Booking Holdings Inc. Common St,Travel Services,Consumer Cyclical,United States of America,US,USA,Northern America,Americas,SELL
1972,89,3055,8,3,60,2024-05-07,7,5,May,Q2,2024,Tuesday,WB,Weibo Corporation,Internet Content & Information,Communication Services,China,CN,CHN,Eastern Asia,Asia,SELL
1973,82,261,8,3,60,2024-04-25,25,4,April,Q2,2024,Thursday,ATHM,Autohome Inc.,Internet Content & Information,Communication Services,China,CN,CHN,Eastern Asia,Asia,SELL
1974,149,3055,8,3,60,2024-08-08,8,8,August,Q3,2024,Thursday,WB,Weibo Corporation,Internet Content & Information,Communication Services,China,CN,CHN,Eastern Asia,Asia,SELL
1975,67,1697,41,3,60,2024-04-04,4,4,April,Q2,2024,Thursday,LLY,Eli Lilly and Company,Drug Manufacturers - General,Healthcare,United States of America,US,USA,Northern America,Americas,SELL
1976,26,2544,21,3,60,2024-02-06,6,2,February,Q1,2024,Tuesday,SEDG,"SolarEdge Technologies, Inc.",Solar,Technology,Israel,IL,ISR,Western Asia,Asia,SELL
1977,110,1689,40,3,58,2024-06-06,6,6,June,Q2,2024,Thursday,LIN,Linde plc,Specialty Chemicals,Basic Materials,United Kingdom of Great Britain and Northern Ireland,GB,GBR,Northern Europe,Europe,SELL
1978,121,246,29,3,58,2024-06-20,20,6,June,Q2,2024,Thursday,ASML,ASML Holding N.V. - New York Re,Semiconductor Equipment & Materials,Technology,"Netherlands, Kingdom of the",NL,NLD,Western Europe,Europe,SELL
1979,133,246,29,3,58,2024-07-09,9,7,July,Q3,2024,Tuesday,ASML,ASML Holding N.V. - New York Re,Semiconductor Equipment & Materials,Technology,"Netherlands, Kingdom of the",NL,NLD,Western Europe,Europe,SELL
1980,206,414,41,3,58,2024-11-13,13,11,November,Q4,2024,Wednesday,BLK,"BlackRock, Inc.",Asset Management,Financial Services,United States of America,US,USA,Northern America,Americas,SELL
1981,140,261,8,3,58,2024-07-24,24,7,July,Q3,2024,Wednesday,ATHM,Autohome Inc.,Internet Content & Information,Communication Services,China,CN,CHN,Eastern Asia,Asia,SELL
1982,101,1689,40,3,58,2024-05-23,23,5,May,Q2,2024,Thursday,LIN,Linde plc,Specialty Chemicals,Basic Materials,United Kingdom of Great Britain and Northern Ireland,GB,GBR,Northern Europe,Europe,SELL
1983,193,414,41,3,58,2024-10-22,22,10,October,Q4,2024,Tuesday,BLK,"BlackRock, Inc.",Asset Management,Financial Services,United States of America,US,USA,Northern America,Americas,SELL
1984,55,246,29,3,58,2024-03-18,18,3,March,Q1,2024,Monday,ASML,ASML Holding N.V. - New York Re,Semiconductor Equipment & Materials,Technology,"Netherlands, Kingdom of the",NL,NLD,Western Europe,Europe,SELL
1985,57,261,8,3,58,2024-03-20,20,3,March,Q1,2024,Wednesday,ATHM,Autohome Inc.,Internet Content & Information,Communication Services,China,CN,CHN,Eastern Asia,Asia,SELL
1986,151,1697,41,3,58,2024-08-12,12,8,August,Q3,2024,Monday,LLY,Eli Lilly and Company,Drug Manufacturers - General,Healthcare,United States of America,US,USA,Northern America,Americas,SELL
1987,97,1689,40,3,57,2024-05-17,17,5,May,Q2,2024,Friday,LIN,Linde plc,Specialty Chemicals,Basic Materials,United Kingdom of Great Britain and Northern Ireland,GB,GBR,Northern Europe,Europe,SELL
1988,198,1697,41,3,57,2024-10-30,30,10,October,Q4,2024,Wednesday,LLY,Eli Lilly and Company,Drug Manufacturers - General,Healthcare,United States of America,US,USA,Northern America,Americas,SELL
1989,81,246,29,3,56,2024-04-24,24,4,April,Q2,2024,Wednesday,ASML,ASML Holding N.V. - New York Re,Semiconductor Equipment & Materials,Technology,"Netherlands, Kingdom of the",NL,NLD,Western Europe,Europe,SELL
1990,89,1689,40,3,56,2024-05-07,7,5,May,Q2,2024,Tuesday,LIN,Linde plc,Specialty Chemicals,Basic Materials,United Kingdom of Great Britain and Northern Ireland,GB,GBR,Northern Europe,Europe,SELL
1991,99,261,8,3,56,2024-05-21,21,5,May,Q2,2024,Tuesday,ATHM,Autohome Inc.,Internet Content & Information,Communication Services,China,CN,CHN,Eastern Asia,Asia,SELL
1992,56,1689,40,3,56,2024-03-19,19,3,March,Q1,2024,Tuesday,LIN,Linde plc,Specialty Chemicals,Basic Materials,United Kingdom of Great Britain and Northern Ireland,GB,GBR,Northern Europe,Europe,SELL
1993,81,3055,8,3,56,2024-04-24,24,4,April,Q2,2024,Wednesday,WB,Weibo Corporation,Internet Content & Information,Communication Services,China,CN,CHN,Eastern Asia,Asia,SELL
1994,132,261,8,3,56,2024-07-08,8,7,July,Q3,2024,Monday,ATHM,Autohome Inc.,Internet Content & Information,Communication Services,China,CN,CHN,Eastern Asia,Asia,SELL
1995,127,1697,41,3,56,2024-06-28,28,6,June,Q2,2024,Friday,LLY,Eli Lilly and Company,Drug Manufacturers - General,Healthcare,United States of America,US,USA,Northern America,Americas,SELL
1996,174,414,41,3,56,2024-09-20,20,9,September,Q3,2024,Friday,BLK,"BlackRock, Inc.",Asset Management,Financial Services,United States of America,US,USA,Northern America,Americas,SELL
1997,188,246,29,3,56,2024-10-15,15,10,October,Q4,2024,Tuesday,ASML,ASML Holding N.V. - New York Re,Semiconductor Equipment & Materials,Technology,"Netherlands, Kingdom of the",NL,NLD,Western Europe,Europe,SELL
1998,200,1697,41,3,56,2024-11-01,1,11,November,Q4,2024,Friday,LLY,Eli Lilly and Company,Drug Manufacturers - General,Healthcare,United States of America,US,USA,Northern America,Americas,SELL
1999,81,1689,40,3,56,2024-04-24,24,4,April,Q2,2024,Wednesday,LIN,Linde plc,Specialty Chemicals,Basic Materials,United Kingdom of Great Britain and Northern Ireland,GB,GBR,Northern Europe,Europe,SELL
2000,127,261,8,3,56,2024-06-28,28,6,June,Q2,2024,Friday,ATHM,Autohome Inc.,Internet Content & Information,Communication Services,China,CN,CHN,Eastern Asia,Asia,SELL
2001,140,261,8,3,55,2024-07-24,24,7,July,Q3,2024,Wednesday,ATHM,Autohome Inc.,Internet Content & Information,Communication Services,China,CN,CHN,Eastern Asia,Asia,SELL
2002,221,1697,41,3,55,2024-12-10,10,12,December,Q4,2024,Tuesday,LLY,Eli Lilly and Company,Drug Manufacturers - General,Healthcare,United States of America,US,USA,Northern America,Americas,SELL
2003,189,484,27,3,55,2024-10-16,16,10,October,Q4,2024,Wednesday,BWMX,"Betterware de Mexico, S.A.P.I. ",Specialty Retail,Consumer Cyclical,Mexico,MX,MEX,Latin America and the Caribbean,Americas,SELL
2004,140,414,41,3,55,2024-07-24,24,7,July,Q3,2024,Wednesday,BLK,"BlackRock, Inc.",Asset Management,Financial Services,United States of America,US,USA,Northern America,Americas,SELL
2005,149,3055,8,3,55,2024-08-08,8,8,August,Q3,2024,Thursday,WB,Weibo Corporation,Internet Content & Information,Communication Services,China,CN,CHN,Eastern Asia,Asia,SELL
2006,94,261,8,3,55,2024-05-14,14,5,May,Q2,2024,Tuesday,ATHM,Autohome Inc.,Internet Content & Information,Communication Services,China,CN,CHN,Eastern Asia,Asia,SELL
2007,114,1697,41,3,55,2024-06-12,12,6,June,Q2,2024,Wednesday,LLY,Eli Lilly and Company,Drug Manufacturers - General,Healthcare,United States of America,US,USA,Northern America,Americas,SELL
2008,92,261,8,3,55,2024-05-10,10,5,May,Q2,2024,Friday,ATHM,Autohome Inc.,Internet Content & Information,Communication Services,China,CN,CHN,Eastern Asia,Asia,SELL
2009,179,261,8,3,54,2024-09-27,27,9,September,Q3,2024,Friday,ATHM,Autohome Inc.,Internet Content & Information,Communication Services,China,CN,CHN,Eastern Asia,Asia,SELL
2010,36,1697,41,3,54,2024-02-20,20,2,February,Q1,2024,Tuesday,LLY,Eli Lilly and Company,Drug Manufacturers - General,Healthcare,United States of America,US,USA,Northern America,Americas,SELL
2011,140,414,41,3,53,2024-07-24,24,7,July,Q3,2024,Wednesday,BLK,"BlackRock, Inc.",Asset Management,Financial Services,United States of America,US,USA,Northern America,Americas,SELL
2012,116,261,8,3,53,2024-06-14,14,6,June,Q2,2024,Friday,ATHM,Autohome Inc.,Internet Content & Information,Communication Services,China,CN,CHN,Eastern Asia,Asia,SELL
2013,148,261,8,3,53,2024-08-07,7,8,August,Q3,2024,Wednesday,ATHM,Autohome Inc.,Internet Content & Information,Communication Services,China,CN,CHN,Eastern Asia,Asia,SELL
2014,46,1697,41,3,53,2024-03-05,5,3,March,Q1,2024,Tuesday,LLY,Eli Lilly and Company,Drug Manufacturers - General,Healthcare,United States of America,US,USA,Northern America,Americas,SELL
2015,89,261,8,3,52,2024-05-07,7,5,May,Q2,2024,Tuesday,ATHM,Autohome Inc.,Internet Content & Information,Communication Services,China,CN,CHN,Eastern Asia,Asia,SELL
2016,26,2544,21,3,52,2024-02-06,6,2,February,Q1,2024,Tuesday,SEDG,"SolarEdge Technologies, Inc.",Solar,Technology,Israel,IL,ISR,Western Asia,Asia,SELL
2017,29,261,8,3,52,2024-02-09,9,2,February,Q1,2024,Friday,ATHM,Autohome Inc.,Internet Content & Information,Communication Services,China,CN,CHN,Eastern Asia,Asia,SELL
2018,50,246,29,3,52,2024-03-11,11,3,March,Q1,2024,Monday,ASML,ASML Holding N.V. - New York Re,Semiconductor Equipment & Materials,Technology,"Netherlands, Kingdom of the",NL,NLD,Western Europe,Europe,SELL
2019,148,261,8,3,52,2024-08-07,7,8,August,Q3,2024,Wednesday,ATHM,Autohome Inc.,Internet Content & Information,Communication Services,China,CN,CHN,Eastern Asia,Asia,SELL
2020,178,261,8,3,51,2024-09-26,26,9,September,Q3,2024,Thursday,ATHM,Autohome Inc.,Internet Content & Information,Communication Services,China,CN,CHN,Eastern Asia,Asia,SELL
2021,67,246,29,3,51,2024-04-04,4,4,April,Q2,2024,Thursday,ASML,ASML Holding N.V. - New York Re,Semiconductor Equipment & Materials,Technology,"Netherlands, Kingdom of the",NL,NLD,Western Europe,Europe,SELL
2022,145,3055,8,3,50,2024-08-02,2,8,August,Q3,2024,Friday,WB,Weibo Corporation,Internet Content & Information,Communication Services,China,CN,CHN,Eastern Asia,Asia,SELL
2023,221,892,16,3,50,2024-12-10,10,12,December,Q4,2024,Tuesday,DTRUY,DAIMLER TRUCK HLDG AG,Farm & Heavy Construction Machinery,Industrials,Germany,DE,DEU,Western Europe,Europe,SELL
2024,75,3055,8,3,50,2024-04-16,16,4,April,Q2,2024,Tuesday,WB,Weibo Corporation,Internet Content & Information,Communication Services,China,CN,CHN,Eastern Asia,Asia,SELL
2025,26,2544,21,3,50,2024-02-06,6,2,February,Q1,2024,Tuesday,SEDG,"SolarEdge Technologies, Inc.",Solar,Technology,Israel,IL,ISR,Western Asia,Asia,SELL
2026,42,3055,8,3,50,2024-02-28,28,2,February,Q1,2024,Wednesday,WB,Weibo Corporation,Internet Content & Information,Communication Services,China,CN,CHN,Eastern Asia,Asia,SELL
2027,179,1697,41,3,50,2024-09-27,27,9,September,Q3,2024,Friday,LLY,Eli Lilly and Company,Drug Manufacturers - General,Healthcare,United States of America,US,USA,Northern America,Americas,SELL
2028,167,261,8,3,50,2024-09-06,6,9,September,Q3,2024,Friday,ATHM,Autohome Inc.,Internet Content & Information,Communication Services,China,CN,CHN,Eastern Asia,Asia,SELL
2029,76,1467,19,3,50,2024-04-17,17,4,April,Q2,2024,Wednesday,INFY,Infosys Limited,Information Technology Services,Technology,India,IN,IND,Southern Asia,Asia,SELL
2030,201,1815,41,3,49,2024-11-04,4,11,November,Q4,2024,Monday,META,"Meta Platforms, Inc.",Internet Content & Information,Communication Services,United States of America,US,USA,Northern America,Americas,SELL
2031,76,1689,40,3,49,2024-04-17,17,4,April,Q2,2024,Wednesday,LIN,Linde plc,Specialty Chemicals,Basic Materials,United Kingdom of Great Britain and Northern Ireland,GB,GBR,Northern Europe,Europe,SELL
2032,73,1467,19,3,49,2024-04-12,12,4,April,Q2,2024,Friday,INFY,Infosys Limited,Information Technology Services,Technology,India,IN,IND,Southern Asia,Asia,SELL
2033,52,1467,19,3,49,2024-03-13,13,3,March,Q1,2024,Wednesday,INFY,Infosys Limited,Information Technology Services,Technology,India,IN,IND,Southern Asia,Asia,SELL
2034,70,1689,40,3,48,2024-04-09,9,4,April,Q2,2024,Tuesday,LIN,Linde plc,Specialty Chemicals,Basic Materials,United Kingdom of Great Britain and Northern Ireland,GB,GBR,Northern Europe,Europe,SELL
2035,75,484,27,3,48,2024-04-16,16,4,April,Q2,2024,Tuesday,BWMX,"Betterware de Mexico, S.A.P.I. ",Specialty Retail,Consumer Cyclical,Mexico,MX,MEX,Latin America and the Caribbean,Americas,SELL
2036,47,1467,19,3,48,2024-03-06,6,3,March,Q1,2024,Wednesday,INFY,Infosys Limited,Information Technology Services,Technology,India,IN,IND,Southern Asia,Asia,SELL
2037,51,1467,19,3,48,2024-03-12,12,3,March,Q1,2024,Tuesday,INFY,Infosys Limited,Information Technology Services,Technology,India,IN,IND,Southern Asia,Asia,SELL
2038,42,1467,19,3,48,2024-02-28,28,2,February,Q1,2024,Wednesday,INFY,Infosys Limited,Information Technology Services,Technology,India,IN,IND,Southern Asia,Asia,SELL
2039,53,1467,19,3,48,2024-03-14,14,3,March,Q1,2024,Thursday,INFY,Infosys Limited,Information Technology Services,Technology,India,IN,IND,Southern Asia,Asia,SELL
2040,50,1467,19,3,47,2024-03-11,11,3,March,Q1,2024,Monday,INFY,Infosys Limited,Information Technology Services,Technology,India,IN,IND,Southern Asia,Asia,SELL
2041,90,892,16,3,47,2024-05-08,8,5,May,Q2,2024,Wednesday,DTRUY,DAIMLER TRUCK HLDG AG,Farm & Heavy Construction Machinery,Industrials,Germany,DE,DEU,Western Europe,Europe,SELL
2042,49,1467,19,3,47,2024-03-08,8,3,March,Q1,2024,Friday,INFY,Infosys Limited,Information Technology Services,Technology,India,IN,IND,Southern Asia,Asia,SELL
2043,204,1815,41,3,47,2024-11-08,8,11,November,Q4,2024,Friday,META,"Meta Platforms, Inc.",Internet Content & Information,Communication Services,United States of America,US,USA,Northern America,Americas,SELL
2044,55,1467,19,3,46,2024-03-18,18,3,March,Q1,2024,Monday,INFY,Infosys Limited,Information Technology Services,Technology,India,IN,IND,Southern Asia,Asia,SELL
2045,83,1689,40,3,46,2024-04-26,26,4,April,Q2,2024,Friday,LIN,Linde plc,Specialty Chemicals,Basic Materials,United Kingdom of Great Britain and Northern Ireland,GB,GBR,Northern Europe,Europe,SELL
2046,73,1689,40,3,46,2024-04-12,12,4,April,Q2,2024,Friday,LIN,Linde plc,Specialty Chemicals,Basic Materials,United Kingdom of Great Britain and Northern Ireland,GB,GBR,Northern Europe,Europe,SELL
2047,207,1697,41,3,46,2024-11-14,14,11,November,Q4,2024,Thursday,LLY,Eli Lilly and Company,Drug Manufacturers - General,Healthcare,United States of America,US,USA,Northern America,Americas,SELL
2048,192,484,27,3,46,2024-10-21,21,10,October,Q4,2024,Monday,BWMX,"Betterware de Mexico, S.A.P.I. ",Specialty Retail,Consumer Cyclical,Mexico,MX,MEX,Latin America and the Caribbean,Americas,SELL
2049,152,892,16,3,46,2024-08-13,13,8,August,Q3,2024,Tuesday,DTRUY,DAIMLER TRUCK HLDG AG,Farm & Heavy Construction Machinery,Industrials,Germany,DE,DEU,Western Europe,Europe,SELL
2050,45,1467,19,3,46,2024-03-04,4,3,March,Q1,2024,Monday,INFY,Infosys Limited,Information Technology Services,Technology,India,IN,IND,Southern Asia,Asia,SELL
2051,67,1900,41,3,46,2024-04-04,4,4,April,Q2,2024,Thursday,MSFT,Microsoft Corporation,Software - Infrastructure,Technology,United States of America,US,USA,Northern America,Americas,SELL
2052,73,414,41,3,46,2024-04-12,12,4,April,Q2,2024,Friday,BLK,"BlackRock, Inc.",Asset Management,Financial Services,United States of America,US,USA,Northern America,Americas,SELL
2053,199,892,16,3,45,2024-10-31,31,10,October,Q4,2024,Thursday,DTRUY,DAIMLER TRUCK HLDG AG,Farm & Heavy Construction Machinery,Industrials,Germany,DE,DEU,Western Europe,Europe,SELL
2054,51,1467,19,3,45,2024-03-12,12,3,March,Q1,2024,Tuesday,INFY,Infosys Limited,Information Technology Services,Technology,India,IN,IND,Southern Asia,Asia,SELL
2055,65,2665,26,3,45,2024-04-02,2,4,April,Q2,2024,Tuesday,SPOT,Spotify Technology S.A.,Internet Content & Information,Communication Services,Luxembourg,LU,LUX,Western Europe,Europe,SELL
2056,44,1689,40,3,45,2024-03-01,1,3,March,Q1,2024,Friday,LIN,Linde plc,Specialty Chemicals,Basic Materials,United Kingdom of Great Britain and Northern Ireland,GB,GBR,Northern Europe,Europe,SELL
2057,50,1697,41,3,45,2024-03-11,11,3,March,Q1,2024,Monday,LLY,Eli Lilly and Company,Drug Manufacturers - General,Healthcare,United States of America,US,USA,Northern America,Americas,SELL
2058,49,3055,8,3,45,2024-03-08,8,3,March,Q1,2024,Friday,WB,Weibo Corporation,Internet Content & Information,Communication Services,China,CN,CHN,Eastern Asia,Asia,SELL
2059,228,414,41,3,45,2024-12-20,20,12,December,Q4,2024,Friday,BLK,"BlackRock, Inc.",Asset Management,Financial Services,United States of America,US,USA,Northern America,Americas,SELL
2060,47,1467,19,3,45,2024-03-06,6,3,March,Q1,2024,Wednesday,INFY,Infosys Limited,Information Technology Services,Technology,India,IN,IND,Southern Asia,Asia,SELL
2061,97,414,41,3,45,2024-05-17,17,5,May,Q2,2024,Friday,BLK,"BlackRock, Inc.",Asset Management,Financial Services,United States of America,US,USA,Northern America,Americas,SELL
2062,70,1697,41,3,45,2024-04-09,9,4,April,Q2,2024,Tuesday,LLY,Eli Lilly and Company,Drug Manufacturers - General,Healthcare,United States of America,US,USA,Northern America,Americas,SELL
2063,38,892,16,3,45,2024-02-22,22,2,February,Q1,2024,Thursday,DTRUY,DAIMLER TRUCK HLDG AG,Farm & Heavy Construction Machinery,Industrials,Germany,DE,DEU,Western Europe,Europe,SELL
2064,119,892,16,3,45,2024-06-18,18,6,June,Q2,2024,Tuesday,DTRUY,DAIMLER TRUCK HLDG AG,Farm & Heavy Construction Machinery,Industrials,Germany,DE,DEU,Western Europe,Europe,SELL
2065,46,1467,19,3,45,2024-03-05,5,3,March,Q1,2024,Tuesday,INFY,Infosys Limited,Information Technology Services,Technology,India,IN,IND,Southern Asia,Asia,SELL
2066,67,1697,41,3,45,2024-04-04,4,4,April,Q2,2024,Thursday,LLY,Eli Lilly and Company,Drug Manufacturers - General,Healthcare,United States of America,US,USA,Northern America,Americas,SELL
2067,50,3055,8,3,45,2024-03-11,11,3,March,Q1,2024,Monday,WB,Weibo Corporation,Internet Content & Information,Communication Services,China,CN,CHN,Eastern Asia,Asia,SELL
2068,144,1815,41,3,45,2024-08-01,1,8,August,Q3,2024,Thursday,META,"Meta Platforms, Inc.",Internet Content & Information,Communication Services,United States of America,US,USA,Northern America,Americas,SELL
2069,78,1697,41,3,45,2024-04-19,19,4,April,Q2,2024,Friday,LLY,Eli Lilly and Company,Drug Manufacturers - General,Healthcare,United States of America,US,USA,Northern America,Americas,SELL
