symbol_key,symbol,company_name,industry,sector
1,AAL,"American Airlines Group, Inc.",Airlines,Industrials
2,AAMI,Acadian Asset Management Inc.,Asset Management,Financial Services
3,AAOI,"Applied Optoelectronics, Inc.",Communication Equipment,Technology
4,AAON,"AAON, Inc.",Building Products & Equipment,Industrials
5,AAP,Advance Auto Parts Inc.,Auto Parts,Consumer Cyclical
6,AAPL,Apple Inc.,Consumer Electronics,Technology
7,AAT,"American Assets Trust, Inc.",REIT - Diversified,Real Estate
8,ABBV,AbbVie Inc.,Drug Manufacturers - General,Healthcare
9,ABCB,Ameris Bancorp,Banks - Regional,Financial Services
10,ABCL,AbCellera Biologics Inc.,Biotechnology,Healthcare
11,ABEV,Ambev S.A.,Beverages - Brewers,Consumer Defensive
12,ABG,Asbury Automotive Group Inc,Auto & Truck Dealerships,Consumer Cyclical
13,ABL,"Abacus Global Management, Inc.",Insurance - Life,Financial Services
14,ABM,ABM Industries Incorporated,Specialty Business Services,Industrials
15,ABNB,"Airbnb, Inc.",Travel Services,Consumer Cyclical
16,ABR,Arbor Realty Trust,REIT - Mortgage,Real Estate
17,ABSI,Absci Corporation,Biotechnology,Healthcare
18,ABT,Abbott Laboratories,Medical Devices,Healthcare
19,ABUS,Arbutus Biopharma Corporation,Biotechnology,Healthcare
20,ACA,"Arcosa, Inc.",Engineering & Construction,Industrials
21,ACAD,ACADIA Pharmaceuticals Inc.,Biotechnology,Healthcare
22,ACCD,"Accolade, Inc.",Health Information Services,Healthcare
23,ACCO,Acco Brands Corporation,Business Equipment & Supplies,Industrials
24,ACDC,ProFrac Holding Corp.,Oil & Gas Equipment & Services,Energy
25,ACEL,"Accel Entertainment, Inc.",Gambling,Consumer Cyclical
26,ACGL,Arch Capital Group Ltd.,Insurance - Diversified,Financial Services
27,ACHC,"Acadia Healthcare Company, Inc.",Medical Care Facilities,Healthcare
28,ACHR,Archer Aviation Inc.,Aerospace & Defense,Industrials
29,ACHV,"Achieve Life Sciences, Inc.",Biotechnology,Healthcare
30,ACI,"Albertsons Companies, Inc.",Grocery Stores,Consumer Defensive
31,ACIC,American Coastal Insurance Corp,Insurance - Property & Casualty,Financial Services
32,ACIW,"ACI Worldwide, Inc.",Software - Infrastructure,Technology
33,ACLS,"Axcelis Technologies, Inc.",Semiconductor Equipment & Materials,Technology
34,ACLX,"Arcellx, Inc.",Biotechnology,Healthcare
35,ACM,AECOM,Engineering & Construction,Industrials
36,ACMR,"ACM Research, Inc.",Semiconductor Equipment & Materials,Technology
37,ACN,Accenture plc,Information Technology Services,Technology
38,ACNB,ACNB Corporation,Banks - Regional,Financial Services
39,ACRE,Ares Commercial Real Estate Cor,REIT - Mortgage,Real Estate
40,ACRV,"Acrivon Therapeutics, Inc.",Biotechnology,Healthcare
41,ACT,"Enact Holdings, Inc.",Insurance - Specialty,Financial Services
42,ACTG,Acacia Research Corporation,Business Equipment & Supplies,Industrials
43,ACU,Acme,Household & Personal Products,Consumer Defensive
44,ACVA,ACV Auctions Inc.,Auto & Truck Dealerships,Consumer Cyclical
45,ADBE,Adobe Inc.,Software - Application,Technology
46,ADC,Agree Realty Corporation,REIT - Retail,Real Estate
47,ADCT,ADC Therapeutics SA,Biotechnology,Healthcare
48,ADEA,Adeia Inc.,Software - Application,Technology
49,ADI,"Analog Devices, Inc.",Semiconductors,Technology
50,ADM,Archer-Daniels-Midland Company,Farm Products,Consumer Defensive
51,ADMA,ADMA Biologics Inc,Biotechnology,Healthcare
52,ADNT,Adient plc,Auto Parts,Consumer Cyclical
53,ADP,"Automatic Data Processing, Inc.",Software - Application,Technology
54,ADPT,Adaptive Biotechnologies Corpor,Biotechnology,Healthcare
55,ADSK,"Autodesk, Inc.",Software - Application,Technology
56,ADT,ADT Inc.,Security & Protection Services,Industrials
57,ADTN,"ADTRAN Holdings, Inc.",Communication Equipment,Technology
58,ADUS,Addus HomeCare Corporation,Medical Care Facilities,Healthcare
59,ADV,Advantage Solutions Inc.,Advertising Agencies,Communication Services
60,ADVM,"Adverum Biotechnologies, Inc.",Biotechnology,Healthcare
61,AEE,Ameren Corporation,Utilities - Regulated Electric,Utilities
62,AEHR,Aehr Test Systems,Semiconductor Equipment & Materials,Technology
63,AEIS,"Advanced Energy Industries, Inc",Electrical Equipment & Parts,Industrials
64,AEM,Agnico Eagle Mines Limited,Gold,Basic Materials
65,AEO,"American Eagle Outfitters, Inc.",Apparel Retail,Consumer Cyclical
66,AEP,American Electric Power Company,Utilities - Regulated Electric,Utilities
67,AER,AerCap Holdings N.V.,Rental & Leasing Services,Industrials
68,AES,The AES Corporation,Utilities - Diversified,Utilities
69,AESI,Atlas Energy Solutions Inc.,Oil & Gas Equipment & Services,Energy
70,AETUF,Arc Resources Ltd.,Oil & Gas E&P,Energy
71,AEVA,"Aeva Technologies, Inc.",Software - Infrastructure,Technology
72,AEYE,"AudioEye, Inc.",Software - Application,Technology
73,AFCG,Advanced Flower Capital Inc.,REIT - Mortgage,Real Estate
74,AFG,"American Financial Group, Inc.",Insurance - Property & Casualty,Financial Services
75,AFL,AFLAC Incorporated,Insurance - Life,Financial Services
76,AFRM,"Affirm Holdings, Inc.",Software - Infrastructure,Technology
77,AG,First Majestic Silver Corp.,Silver,Basic Materials
78,AGCO,AGCO Corporation,Farm & Heavy Construction Machinery,Industrials
79,AGI,Alamos Gold Inc.,Gold,Basic Materials
80,AGIO,"Agios Pharmaceuticals, Inc.",Biotechnology,Healthcare
81,AGL,"agilon health, inc.",Medical Care Facilities,Healthcare
82,AGM,Federal Agricultural Mortgage C,Credit Services,Financial Services
83,AGNC,AGNC Investment Corp.,REIT - Mortgage,Real Estate
84,AGO,Assured Guaranty Ltd.,Insurance - Specialty,Financial Services
85,AGR,"Avangrid, Inc.",Utilities - Regulated Electric,Utilities
86,AGS,"PlayAGS, Inc.",Gambling,Consumer Cyclical
87,AGX,"Argan, Inc.",Engineering & Construction,Industrials
88,AGYS,"Agilysys, Inc.",Software - Application,Technology
89,AHCO,AdaptHealth Corp.,Medical Devices,Healthcare
90,AHH,"Armada Hoffler Properties, Inc.",REIT - Diversified,Real Estate
91,AHR,"American Healthcare REIT, Inc.",REIT - Healthcare Facilities,Real Estate
92,AI,"C3.ai, Inc.",Software - Infrastructure,Technology
93,AIG,"American International Group, I",Insurance - Diversified,Financial Services
94,AIN,Albany International Corporatio,Textile Manufacturing,Consumer Cyclical
95,AIOT,"PowerFleet, Inc.",Software - Infrastructure,Technology
96,AIP,"Arteris, Inc.",Semiconductors,Technology
97,AIR,AAR Corp.,Aerospace & Defense,Industrials
98,AIRS,"AirSculpt Technologies, Inc.",Medical Care Facilities,Healthcare
99,AIT,Applied Industrial Technologies,Industrial Distribution,Industrials
100,AIV,Apartment Investment and Manage,REIT - Residential,Real Estate
101,AIZ,"Assurant, Inc.",Insurance - Property & Casualty,Financial Services
102,AJG,Arthur J. Gallagher & Co.,Insurance Brokers,Financial Services
103,AKAM,"Akamai Technologies, Inc.",Software - Infrastructure,Technology
104,AKBA,"Akebia Therapeutics, Inc.",Drug Manufacturers - Specialty & Generic,Healthcare
105,AKR,Acadia Realty Trust,REIT - Retail,Real Estate
106,AKRO,"Akero Therapeutics, Inc.",Biotechnology,Healthcare
107,AL,Air Lease Corporation,Rental & Leasing Services,Industrials
108,ALAB,"Astera Labs, Inc.",Semiconductors,Technology
109,ALB,Albemarle Corporation,Specialty Chemicals,Basic Materials
110,ALC,Alcon Inc.,Medical Instruments & Supplies,Healthcare
111,ALCO,"Alico, Inc.",Farm Products,Consumer Defensive
112,ALDX,"Aldeyra Therapeutics, Inc.",Biotechnology,Healthcare
113,ALE,"Allete, Inc.",Utilities - Diversified,Utilities
114,ALEC,"Alector, Inc.",Biotechnology,Healthcare
115,ALEX,"Alexander & Baldwin, Inc.",REIT - Retail,Real Estate
116,ALG,"Alamo Group, Inc.",Farm & Heavy Construction Machinery,Industrials
117,ALGM,"Allegro MicroSystems, Inc.",Semiconductors,Technology
118,ALGN,"Align Technology, Inc.",Medical Instruments & Supplies,Healthcare
119,ALGT,Allegiant Travel Company,Airlines,Industrials
120,ALHC,"Alignment Healthcare, Inc.",Healthcare Plans,Healthcare
121,ALIT,"Alight, Inc.",Software - Application,Technology
122,ALK,"Alaska Air Group, Inc.",Airlines,Industrials
123,ALKS,Alkermes plc,Drug Manufacturers - Specialty & Generic,Healthcare
124,ALKT,"Alkami Technology, Inc.",Software - Application,Technology
125,ALL,Allstate Corporation (The),Insurance - Property & Casualty,Financial Services
126,ALLE,Allegion plc,Security & Protection Services,Industrials
127,ALLO,"Allogene Therapeutics, Inc.",Biotechnology,Healthcare
128,ALLY,Ally Financial Inc.,Credit Services,Financial Services
129,ALMS,Alumis Inc.,Biotechnology,Healthcare
130,ALNT,Allient Inc.,Electronic Components,Technology
131,ALNY,"Alnylam Pharmaceuticals, Inc.",Biotechnology,Healthcare
132,ALRM,"Alarm.com Holdings, Inc.",Software - Application,Technology
133,ALRS,Alerus Financial Corporation,Banks - Regional,Financial Services
134,ALSN,"Allison Transmission Holdings, ",Auto Parts,Consumer Cyclical
135,ALT,"Altimmune, Inc.",Biotechnology,Healthcare
136,ALTG,Alta Equipment Group Inc.,Rental & Leasing Services,Industrials
137,ALTI,"AlTi Global, Inc.",Asset Management,Financial Services
138,ALTR,Altair Engineering Inc.,Software - Application,Technology
139,ALV,"Autoliv, Inc.",Auto Parts,Consumer Cyclical
140,ALVO,Alvotech,Drug Manufacturers - Specialty & Generic,Healthcare
141,ALX,"Alexander's, Inc.",REIT - Retail,Real Estate
142,AM,Antero Midstream Corporation,Oil & Gas Midstream,Energy
143,AMAL,Amalgamated Financial Corp.,Banks - Regional,Financial Services
144,AMAT,"Applied Materials, Inc.",Semiconductor Equipment & Materials,Technology
145,AMBA,"Ambarella, Inc.",Semiconductor Equipment & Materials,Technology
146,AMBC,"Ambac Financial Group, Inc.",Insurance - Specialty,Financial Services
147,AMBP,Ardagh Metal Packaging S.A.,Packaging & Containers,Consumer Cyclical
148,AMC,"AMC Entertainment Holdings, Inc",Entertainment,Communication Services
149,AMCR,Amcor plc,Packaging & Containers,Consumer Cyclical
150,AMCX,AMC Networks Inc.,Entertainment,Communication Services
151,AMD,"Advanced Micro Devices, Inc.",Semiconductors,Technology
152,AME,"AMETEK, Inc.",Specialty Industrial Machinery,Industrials
153,AMED,Amedisys Inc,Medical Care Facilities,Healthcare
154,AMG,"Affiliated Managers Group, Inc.",Asset Management,Financial Services
155,AMGN,Amgen Inc.,Drug Manufacturers - General,Healthcare
156,AMH,American Homes 4 Rent,REIT - Residential,Real Estate
157,AMKR,"Amkor Technology, Inc.",Semiconductor Equipment & Materials,Technology
158,AMLX,"Amylyx Pharmaceuticals, Inc.",Biotechnology,Healthcare
159,AMN,AMN Healthcare Services Inc,Medical Care Facilities,Healthcare
160,AMP,"Ameriprise Financial, Inc.",Asset Management,Financial Services
161,AMPH,"Amphastar Pharmaceuticals, Inc.",Drug Manufacturers - Specialty & Generic,Healthcare
162,AMPL,"Amplitude, Inc.",Software - Application,Technology
163,AMPS,"Altus Power, Inc.",Utilities - Renewable,Utilities
164,AMPY,Amplify Energy Corp.,Oil & Gas E&P,Energy
165,AMR,"Alpha Metallurgical Resources, ",Coking Coal,Basic Materials
166,AMRC,"Ameresco, Inc.",Engineering & Construction,Industrials
167,AMRK,"A-Mark Precious Metals, Inc.",Capital Markets,Financial Services
168,AMRX,"Amneal Pharmaceuticals, Inc.",Drug Manufacturers - Specialty & Generic,Healthcare
169,AMSC,American Superconductor Corpora,Specialty Industrial Machinery,Industrials
170,AMSF,"AMERISAFE, Inc.",Insurance - Specialty,Financial Services
171,AMT,American Tower Corporation (REI,REIT - Specialty,Real Estate
172,AMTB,Amerant Bancorp Inc.,Banks - Regional,Financial Services
173,AMTM,"Amentum Holdings, Inc.",Specialty Business Services,Industrials
174,AMTX,"Aemetis, Inc",Oil & Gas Refining & Marketing,Energy
175,AMWD,American Woodmark Corporation,"Furnishings, Fixtures & Appliances",Consumer Cyclical
176,AMX,"America Movil, S.A.B. de C.V.",Telecom Services,Communication Services
177,AMZN,"Amazon.com, Inc.",Internet Retail,Consumer Cyclical
178,AN,"AutoNation, Inc.",Auto & Truck Dealerships,Consumer Cyclical
179,ANAB,"AnaptysBio, Inc.",Biotechnology,Healthcare
180,ANDE,"The Andersons, Inc.",Food Distribution,Consumer Defensive
181,ANET,"Arista Networks, Inc.",Computer Hardware,Technology
182,ANF,Abercrombie & Fitch Company,Apparel Retail,Consumer Cyclical
183,ANGI,Angi Inc.,Internet Content & Information,Communication Services
184,ANGO,"AngioDynamics, Inc.",Medical Instruments & Supplies,Healthcare
185,ANIK,Anika Therapeutics Inc.,Drug Manufacturers - Specialty & Generic,Healthcare
186,ANIP,"ANI Pharmaceuticals, Inc.",Drug Manufacturers - Specialty & Generic,Healthcare
187,ANNX,"Annexon, Inc.",Biotechnology,Healthcare
188,ANSS,"ANSYS, Inc.",Software - Application,Technology
189,AOMR,"Angel Oak Mortgage REIT, Inc.",REIT - Mortgage,Real Estate
190,AON,Aon plc,Insurance Brokers,Financial Services
191,AORT,"Artivion, Inc.",Medical Devices,Healthcare
192,AOS,A.O. Smith Corporation,Specialty Industrial Machinery,Industrials
193,AOSL,Alpha and Omega Semiconductor L,Semiconductors,Technology
194,AOUT,"American Outdoor Brands, Inc.",Leisure,Consumer Cyclical
195,APA,APA Corporation,Oil & Gas E&P,Energy
196,APAM,Artisan Partners Asset Manageme,Asset Management,Financial Services
197,APD,"Air Products and Chemicals, Inc",Specialty Chemicals,Basic Materials
198,APEI,"American Public Education, Inc.",Education & Training Services,Consumer Defensive
199,APG,APi Group Corporation,Engineering & Construction,Industrials
200,APGE,"Apogee Therapeutics, Inc.",Biotechnology,Healthcare
201,APH,Amphenol Corporation,Electronic Components,Technology
202,APLD,Applied Digital Corporation,Information Technology Services,Technology
203,APLE,"Apple Hospitality REIT, Inc.",REIT - Hotel & Motel,Real Estate
204,APLS,"Apellis Pharmaceuticals, Inc.",Biotechnology,Healthcare
205,APO,"Apollo Global Management, Inc. ",Asset Management,Financial Services
206,APOG,"Apogee Enterprises, Inc.",Building Products & Equipment,Industrials
207,APP,Applovin Corporation,Software - Application,Technology
208,APPF,"AppFolio, Inc.",Software - Application,Technology
209,APPN,Appian Corporation,Software - Infrastructure,Technology
210,APPS,"Digital Turbine, Inc.",Software - Application,Technology
211,APTV,Aptiv PLC,Auto Parts,Consumer Cyclical
212,AQN,Algonquin Power & Utilities Cor,Utilities - Diversified,Utilities
213,AQST,"Aquestive Therapeutics, Inc.",Drug Manufacturers - Specialty & Generic,Healthcare
214,AR,Antero Resources Corporation,Oil & Gas E&P,Energy
215,ARAY,Accuray Incorporated,Medical Devices,Healthcare
216,ARCB,ArcBest Corporation,Trucking,Industrials
217,ARCT,Arcturus Therapeutics Holdings ,Biotechnology,Healthcare
218,ARDT,"Ardent Health Partners, Inc.",Medical Care Facilities,Healthcare
219,ARDX,"Ardelyx, Inc.",Biotechnology,Healthcare
220,ARE,Alexandria Real Estate Equities,REIT - Office,Real Estate
221,ARES,Ares Management Corporation,Asset Management,Financial Services
222,ARHS,"Arhaus, Inc.",Specialty Retail,Consumer Cyclical
223,ARI,Apollo Commercial Real Estate F,REIT - Mortgage,Real Estate
224,ARIS,"Aris Water Solutions, Inc.",Utilities - Regulated Water,Utilities
225,ARKO,ARKO Corp.,Specialty Retail,Consumer Cyclical
226,ARLO,"Arlo Technologies, Inc.",Building Products & Equipment,Industrials
227,ARM,Arm Holdings plc,Semiconductors,Technology
228,ARMK,Aramark,Specialty Business Services,Industrials
229,AROC,"Archrock, Inc.",Oil & Gas Equipment & Services,Energy
230,AROW,Arrow Financial Corporation,Banks - Regional,Financial Services
231,ARQ,"Arq, Inc.",Pollution & Treatment Controls,Industrials
232,ARQT,"Arcutis Biotherapeutics, Inc.",Biotechnology,Healthcare
233,ARR,"ARMOUR Residential REIT, Inc.",REIT - Mortgage,Real Estate
234,ARRY,"Array Technologies, Inc.",Solar,Technology
235,ARVN,"Arvinas, Inc.",Biotechnology,Healthcare
236,ARW,"Arrow Electronics, Inc.",Electronics & Computer Distribution,Technology
237,ARWR,"Arrowhead Pharmaceuticals, Inc.",Biotechnology,Healthcare
238,AS,"Amer Sports, Inc.",Leisure,Consumer Cyclical
239,ASAN,"Asana, Inc.",Software - Application,Technology
240,ASB,Associated Banc-Corp,Banks - Regional,Financial Services
241,ASC,Ardmore Shipping Corporation,Marine Shipping,Industrials
242,ASGN,ASGN Incorporated,Information Technology Services,Technology
243,ASH,Ashland Inc.,Specialty Chemicals,Basic Materials
244,ASIX,AdvanSix Inc.,Chemicals,Basic Materials
245,ASLE,AerSale Corporation,Airports & Air Services,Industrials
246,ASML,ASML Holding N.V. - New York Re,Semiconductor Equipment & Materials,Technology
247,ASND,Ascendis Pharma A/S,Biotechnology,Healthcare
248,ASO,"Academy Sports and Outdoors, In",Specialty Retail,Consumer Cyclical
249,ASPI,ASP Isotopes Inc.,Chemicals,Basic Materials
250,ASPN,"Aspen Aerogels, Inc.",Building Products & Equipment,Industrials
251,ASTE,"Astec Industries, Inc.",Farm & Heavy Construction Machinery,Industrials
252,ASTH,Astrana Health Inc.,Medical Care Facilities,Healthcare
253,ASTS,"AST SpaceMobile, Inc.",Communication Equipment,Technology
254,ASUR,Asure Software Inc,Software - Application,Technology
255,ASX,"ASE Technology Holding Co., Ltd",Semiconductors,Technology
256,ATAT,Atour Lifestyle Holdings Limite,Lodging,Consumer Cyclical
257,ATEC,"Alphatec Holdings, Inc.",Medical Devices,Healthcare
258,ATEN,"A10 Networks, Inc.",Software - Infrastructure,Technology
259,ATEX,Anterix Inc.,Telecom Services,Communication Services
260,ATGE,Adtalem Global Education Inc.,Education & Training Services,Consumer Defensive
261,ATHM,Autohome Inc.,Internet Content & Information,Communication Services
262,ATI,ATI Inc.,Metal Fabrication,Industrials
263,ATKR,Atkore Inc.,Electrical Equipment & Parts,Industrials
264,ATLC,Atlanticus Holdings Corporation,Credit Services,Financial Services
265,ATLO,Ames National Corporation,Banks - Regional,Financial Services
266,ATMU,Atmus Filtration Technologies I,Pollution & Treatment Controls,Industrials
267,ATNI,"ATN International, Inc.",Telecom Services,Communication Services
268,ATO,Atmos Energy Corporation,Utilities - Regulated Gas,Utilities
269,ATOS,"Atossa Therapeutics, Inc.",Biotechnology,Healthcare
270,ATR,"AptarGroup, Inc.",Medical Instruments & Supplies,Healthcare
271,ATRC,"AtriCure, Inc.",Medical Instruments & Supplies,Healthcare
272,ATRO,Astronics Corporation,Aerospace & Defense,Industrials
273,ATS,ATS Corporation,Specialty Industrial Machinery,Industrials
274,ATSG,"Air Transport Services Group, I",Airlines,Industrials
275,ATUS,"Altice USA, Inc.",Telecom Services,Communication Services
276,ATXS,"Astria Therapeutics, Inc.",Biotechnology,Healthcare
277,AU,AngloGold Ashanti PLC,Gold,Basic Materials
278,AUB,Atlantic Union Bankshares Corpo,Banks - Regional,Financial Services
279,AUOTY,AUO CORPORATION,Electronic Components,Technology
280,AUPH,Aurinia Pharmaceuticals Inc,Biotechnology,Healthcare
281,AUR,"Aurora Innovation, Inc.",Information Technology Services,Technology
282,AURA,"Aura Biosciences, Inc.",Biotechnology,Healthcare
283,AVA,Avista Corporation,Utilities - Diversified,Utilities
284,AVAH,Aveanna Healthcare Holdings Inc,Medical Care Facilities,Healthcare
285,AVAV,"AeroVironment, Inc.",Aerospace & Defense,Industrials
286,AVB,"AvalonBay Communities, Inc.",REIT - Residential,Real Estate
287,AVBP,"ArriVent BioPharma, Inc.",Biotechnology,Healthcare
288,AVD,American Vanguard Corporation,Agricultural Inputs,Basic Materials
289,AVDL,Avadel Pharmaceuticals plc,Drug Manufacturers - Specialty & Generic,Healthcare
290,AVDX,"AvidXchange Holdings, Inc.",Software - Infrastructure,Technology
291,AVGO,Broadcom Inc.,Semiconductors,Technology
292,AVIR,"Atea Pharmaceuticals, Inc.",Biotechnology,Healthcare
293,AVNS,"Avanos Medical, Inc.",Medical Devices,Healthcare
294,AVNT,Avient Corporation,Specialty Chemicals,Basic Materials
295,AVNW,"Aviat Networks, Inc.",Communication Equipment,Technology
296,AVO,"Mission Produce, Inc.",Food Distribution,Consumer Defensive
297,AVPT,"AvePoint, Inc.",Software - Infrastructure,Technology
298,AVT,"Avnet, Inc.",Electronics & Computer Distribution,Technology
299,AVTR,"Avantor, Inc.",Medical Instruments & Supplies,Healthcare
300,AVXL,Anavex Life Sciences Corp.,Biotechnology,Healthcare
301,AVY,Avery Dennison Corporation,Packaging & Containers,Consumer Cyclical
302,AWI,Armstrong World Industries Inc,Building Products & Equipment,Industrials
303,AWK,"American Water Works Company, I",Utilities - Regulated Water,Utilities
304,AWR,American States Water Company,Utilities - Regulated Water,Utilities
305,AX,"Axos Financial, Inc.",Banks - Regional,Financial Services
306,AXGN,"AxoGen, Inc.",Medical Devices,Healthcare
307,AXL,American Axle & Manufacturing H,Auto Parts,Consumer Cyclical
308,AXON,"Axon Enterprise, Inc.",Aerospace & Defense,Industrials
309,AXP,American Express Company,Credit Services,Financial Services
310,AXS,Axis Capital Holdings Limited,Insurance - Specialty,Financial Services
311,AXSM,"Axsome Therapeutics, Inc.",Biotechnology,Healthcare
312,AXTA,Axalta Coating Systems Ltd.,Specialty Chemicals,Basic Materials
313,AYI,Acuity Inc.,Electrical Equipment & Parts,Industrials
314,AZEK,The AZEK Company Inc.,Building Products & Equipment,Industrials
315,AZN,Astrazeneca PLC,Drug Manufacturers - General,Healthcare
316,AZO,"AutoZone, Inc.",Auto Parts,Consumer Cyclical
317,AZTA,"Azenta, Inc.",Medical Instruments & Supplies,Healthcare
318,AZZ,AZZ Inc.,Specialty Business Services,Industrials
319,BA,Boeing Company (The),Aerospace & Defense,Industrials
320,BAC,Bank of America Corporation,Banks - Diversified,Financial Services
321,BAH,Booz Allen Hamilton Holding Cor,Consulting Services,Industrials
322,BAK,Braskem SA,Chemicals,Basic Materials
323,BALL,Ball Corporation,Packaging & Containers,Consumer Cyclical
324,BAM,Brookfield Asset Management Inc,Asset Management,Financial Services
325,BANC,"Banc of California, Inc.",Banks - Regional,Financial Services
326,BAND,Bandwidth Inc.,Software - Infrastructure,Technology
327,BANF,BancFirst Corporation,Banks - Regional,Financial Services
328,BANR,Banner Corporation,Banks - Regional,Financial Services
329,BAP,Credicorp Ltd.,Banks - Regional,Financial Services
330,BARK,"BARK, Inc.",Specialty Retail,Consumer Cyclical
331,BASE,"Couchbase, Inc.",Software - Infrastructure,Technology
332,BATRA,"Atlanta Braves Holdings, Inc. -",Entertainment,Communication Services
333,BATRK,"Atlanta Braves Holdings, Inc. -",Entertainment,Communication Services
334,BAX,Baxter International Inc.,Medical Instruments & Supplies,Healthcare
335,BB,BlackBerry Limited,Software - Infrastructure,Technology
336,BBAI,"BigBear.ai, Inc.",Information Technology Services,Technology
337,BBCP,"Concrete Pumping Holdings, Inc.",Engineering & Construction,Industrials
338,BBD,Banco Bradesco Sa,Banks - Regional,Financial Services
339,BBIO,"BridgeBio Pharma, Inc.",Biotechnology,Healthcare
340,BBNX,"Beta Bionics, Inc.",Medical Devices,Healthcare
341,BBSI,"Barrett Business Services, Inc.",Staffing & Employment Services,Industrials
342,BBUC,Brookfield Business Corporation,Asset Management,Financial Services
343,BBW,"Build-A-Bear Workshop, Inc.",Specialty Retail,Consumer Cyclical
344,BBWI,"Bath & Body Works, Inc.",Specialty Retail,Consumer Cyclical
345,BBY,"Best Buy Co., Inc.",Specialty Retail,Consumer Cyclical
346,BC,Brunswick Corporation,Recreational Vehicles,Consumer Cyclical
347,BCAL,California BanCorp,Banks - Regional,Financial Services
348,BCAX,Bicara Therapeutics Inc.,Biotechnology,Healthcare
349,BCBP,"BCB Bancorp, Inc. (NJ)",Banks - Regional,Financial Services
350,BCC,"Boise Cascade, L.L.C.",Lumber & Wood Production,Basic Materials
351,BCE,"BCE, Inc.",Telecom Services,Communication Services
352,BCML,BayCom Corp,Banks - Regional,Financial Services
353,BCO,Brinks Company (The),Security & Protection Services,Industrials
354,BCPC,Balchem Corporation,Specialty Chemicals,Basic Materials
355,BCRX,"BioCryst Pharmaceuticals, Inc.",Drug Manufacturers - Specialty & Generic,Healthcare
356,BDC,Belden Inc,Communication Equipment,Technology
357,BDN,Brandywine Realty Trust,REIT - Office,Real Estate
358,BDX,"Becton, Dickinson and Company",Medical Instruments & Supplies,Healthcare
359,BE,Bloom Energy Corporation,Electrical Equipment & Parts,Industrials
360,BEAM,Beam Therapeutics Inc.,Biotechnology,Healthcare
361,BECN,"Beacon Roofing Supply, Inc.",Industrial Distribution,Industrials
362,BEKE,KE Holdings Inc,Real Estate Services,Real Estate
363,BELFA,Bel Fuse Inc.,Electronic Components,Technology
364,BELFB,Bel Fuse Inc.,Electronic Components,Technology
365,BEN,"Franklin Resources, Inc.",Asset Management,Financial Services
366,BEPC,Brookfield Renewable Corporatio,Utilities - Renewable,Utilities
367,BERY,"Berry Global Group, Inc.",Packaging & Containers,Consumer Cyclical
368,BF-A,Brown Forman Inc,Beverages - Wineries & Distilleries,Consumer Defensive
369,BF-B,Brown Forman Inc,Beverages - Wineries & Distilleries,Consumer Defensive
370,BFAM,Bright Horizons Family Solution,Personal Services,Consumer Cyclical
371,BFC,Bank First Corporation,Banks - Regional,Financial Services
372,BFH,"Bread Financial Holdings, Inc.",Credit Services,Financial Services
373,BFLY,"Butterfly Network, Inc.",Medical Devices,Healthcare
374,BFS,"Saul Centers, Inc.",REIT - Retail,Real Estate
375,BFST,"Business First Bancshares, Inc.",Banks - Regional,Financial Services
376,BG,Bunge Limited,Farm Products,Consumer Defensive
377,BGC,"BGC Group, Inc.",Capital Markets,Financial Services
378,BGKKF,BANGKOK BANK PUBLIC CO NON VTG ,Banks - Regional,Financial Services
379,BGS,"B&G Foods, Inc.",Packaged Foods,Consumer Defensive
380,BH,Biglari Holdings Inc.,Restaurants,Consumer Cyclical
381,BHB,"Bar Harbor Bankshares, Inc.",Banks - Regional,Financial Services
382,BHC,Bausch Health Companies Inc.,Drug Manufacturers - Specialty & Generic,Healthcare
383,BHE,"Benchmark Electronics, Inc.",Electronic Components,Technology
384,BHF,"Brighthouse Financial, Inc.",Insurance - Life,Financial Services
385,BHLB,"Berkshire Hills Bancorp, Inc.",Banks - Regional,Financial Services
386,BHR,Braemar Hotels & Resorts Inc.,REIT - Hotel & Motel,Real Estate
387,BHRB,Burke & Herbert Financial Servi,Banks - Regional,Financial Services
388,BHVN,Biohaven Ltd.,Biotechnology,Healthcare
389,BIGC,"BigCommerce Holdings, Inc. - Se",Software - Application,Technology
390,BIIB,Biogen Inc.,Drug Manufacturers - General,Healthcare
391,BILL,"BILL Holdings, Inc.",Software - Application,Technology
392,BIO,"Bio-Rad Laboratories, Inc.",Medical Devices,Healthcare
393,BIPC,Brookfield Infrastructure Corpo,Utilities - Regulated Gas,Utilities
394,BIRK,Birkenstock Holding plc,Footwear & Accessories,Consumer Cyclical
395,BJ,"BJ's Wholesale Club Holdings, I",Discount Stores,Consumer Defensive
396,BJRI,"BJ's Restaurants, Inc.",Restaurants,Consumer Cyclical
397,BK,The Bank of New York Mellon Cor,Banks - Diversified,Financial Services
398,BKD,Brookdale Senior Living Inc.,Medical Care Facilities,Healthcare
399,BKE,"Buckle, Inc. (The)",Apparel Retail,Consumer Cyclical
400,BKH,Black Hills Corporation,Utilities - Regulated Gas,Utilities
401,BKNG,Booking Holdings Inc. Common St,Travel Services,Consumer Cyclical
402,BKR,Baker Hughes Company,Oil & Gas Equipment & Services,Energy
403,BKSY,BlackSky Technology Inc.,Scientific & Technical Instruments,Technology
404,BKU,"BankUnited, Inc.",Banks - Regional,Financial Services
405,BKV,BKV Corporation,Oil & Gas E&P,Energy
406,BL,"BlackLine, Inc.",Software - Application,Technology
407,BLBD,Blue Bird Corporation,Farm & Heavy Construction Machinery,Industrials
408,BLD,TopBuild Corp.,Engineering & Construction,Industrials
409,BLDE,"Blade Air Mobility, Inc.",Airports & Air Services,Industrials
410,BLDP,"Ballard Power Systems, Inc.",Specialty Industrial Machinery,Industrials
411,BLDR,"Builders FirstSource, Inc.",Building Products & Equipment,Industrials
412,BLFS,"BioLife Solutions, Inc.",Medical Instruments & Supplies,Healthcare
413,BLFY,Blue Foundry Bancorp,Banks - Regional,Financial Services
414,BLK,"BlackRock, Inc.",Asset Management,Financial Services
415,BLKB,"Blackbaud, Inc.",Software - Application,Technology
416,BLMN,"Bloomin' Brands, Inc.",Restaurants,Consumer Cyclical
417,BLND,"Blend Labs, Inc.",Software - Application,Technology
418,BLTE,"Belite Bio, Inc",Biotechnology,Healthcare
419,BLUE,"bluebird bio, Inc.",Biotechnology,Healthcare
420,BLX,Banco Latinoamericano de Comerc,Banks - Regional,Financial Services
421,BLZE,"Backblaze, Inc.",Software - Infrastructure,Technology
422,BMBL,Bumble Inc.,Internet Content & Information,Communication Services
423,BMEA,"Biomea Fusion, Inc.",Biotechnology,Healthcare
424,BMI,"Badger Meter, Inc.",Scientific & Technical Instruments,Technology
425,BMO,Bank Of Montreal,Banks - Diversified,Financial Services
426,BMRC,Bank of Marin Bancorp,Banks - Regional,Financial Services
427,BMRN,BioMarin Pharmaceutical Inc.,Biotechnology,Healthcare
428,BMY,Bristol-Myers Squibb Company,Drug Manufacturers - General,Healthcare
429,BN,Brookfield Corporation,Asset Management,Financial Services
430,BNL,"Broadstone Net Lease, Inc.",REIT - Diversified,Real Estate
431,BNS,Bank Nova Scotia Halifax Pfd 3,Banks - Diversified,Financial Services
432,BNT,Brookfield Wealth Solutions Ltd,Insurance - Diversified,Financial Services
433,BNTX,BioNTech SE,Biotechnology,Healthcare
434,BOC,Boston Omaha Corporation,Conglomerates,Industrials
435,BOH,Bank of Hawaii Corporation,Banks - Regional,Financial Services
436,BOKF,BOK Financial Corporation,Banks - Regional,Financial Services
437,BOOM,DMC Global Inc.,Conglomerates,Industrials
438,BOOT,"Boot Barn Holdings, Inc.",Apparel Retail,Consumer Cyclical
439,BORR,Borr Drilling Limited,Oil & Gas Drilling,Energy
440,BOW,Bowhead Specialty Holdings Inc.,Insurance - Property & Casualty,Financial Services
441,BOX,"Box, Inc.",Software - Infrastructure,Technology
442,BPMC,Blueprint Medicines Corporation,Biotechnology,Healthcare
443,BPOP,"Popular, Inc.",Banks - Regional,Financial Services
444,BPRN,"Princeton Bancorp, Inc.",Banks - Regional,Financial Services
445,BR,"Broadridge Financial Solutions,",Information Technology Services,Technology
446,BRBR,"BellRing Brands, Inc.",Packaged Foods,Consumer Defensive
447,BRC,Brady Corporation,Security & Protection Services,Industrials
448,BRCC,BRC Inc.,Packaged Foods,Consumer Defensive
449,BRFS,BRF S.A.,Packaged Foods,Consumer Defensive
450,BRK-A,Berkshire Hathaway Inc.,Insurance - Diversified,Financial Services
451,BRK-B,Berkshire Hathaway Inc. New,Insurance - Diversified,Financial Services
452,BRKL,"Brookline Bancorp, Inc.",Banks - Regional,Financial Services
453,BRKR,Bruker Corporation,Medical Devices,Healthcare
454,BRO,"Brown & Brown, Inc.",Insurance Brokers,Financial Services
455,BROS,Dutch Bros Inc.,Restaurants,Consumer Cyclical
456,BRSP,"BrightSpire Capital, Inc.",REIT - Mortgage,Real Estate
457,BRT,BRT Apartments Corp. (MD),REIT - Residential,Real Estate
458,BRX,Brixmor Property Group Inc.,REIT - Retail,Real Estate
459,BRY,Berry Corporation (bry),Oil & Gas E&P,Energy
460,BRZE,"Braze, Inc.",Software - Application,Technology
461,BSAC,Banco Santander - Chile,Banks - Regional,Financial Services
462,BSET,"Bassett Furniture Industries, I","Furnishings, Fixtures & Appliances",Consumer Cyclical
463,BSIG,BrightSphere Investment Group I,Asset Management,Financial Services
464,BSRR,Sierra Bancorp,Banks - Regional,Financial Services
465,BSVN,Bank7 Corp.,Banks - Regional,Financial Services
466,BSX,Boston Scientific Corporation,Medical Devices,Healthcare
467,BSY,"Bentley Systems, Incorporated",Software - Application,Technology
468,BTBT,"Bit Digital, Inc.",Capital Markets,Financial Services
469,BTDR,Bitdeer Technologies Group,Software - Application,Technology
470,BTE,Baytex Energy Corp,Oil & Gas E&P,Energy
471,BTMD,Biote Corp.,Medical Care Facilities,Healthcare
472,BTSG,"BrightSpring Health Services, I",Health Information Services,Healthcare
473,BTU,Peabody Energy Corporation,Thermal Coal,Energy
474,BURL,"Burlington Stores, Inc.",Apparel Retail,Consumer Cyclical
475,BUSE,First Busey Corporation,Banks - Regional,Financial Services
476,BV,"BrightView Holdings, Inc.",Specialty Business Services,Industrials
477,BVN,Buenaventura Mining Company Inc,Other Precious Metals & Mining,Basic Materials
478,BVS,Bioventus Inc.,Medical Devices,Healthcare
479,BWA,BorgWarner Inc.,Auto Parts,Consumer Cyclical
480,BWB,"Bridgewater Bancshares, Inc.",Banks - Regional,Financial Services
481,BWFG,"Bankwell Financial Group, Inc.",Banks - Regional,Financial Services
482,BWIN,"The Baldwin Insurance Group, In",Insurance Brokers,Financial Services
483,BWMN,Bowman Consulting Group Ltd.,Engineering & Construction,Industrials
484,BWMX,"Betterware de Mexico, S.A.P.I. ",Specialty Retail,Consumer Cyclical
485,BWXT,"BWX Technologies, Inc.",Aerospace & Defense,Industrials
486,BX,Blackstone Inc.,Asset Management,Financial Services
487,BXC,Bluelinx Holdings Inc.,Industrial Distribution,Industrials
488,BXMT,"Blackstone Mortgage Trust, Inc.",REIT - Mortgage,Real Estate
489,BXP,"BXP, Inc.",REIT - Office,Real Estate
490,BY,"Byline Bancorp, Inc.",Banks - Regional,Financial Services
491,BYD,Boyd Gaming Corporation,Resorts & Casinos,Consumer Cyclical
492,BYND,"Beyond Meat, Inc.",Packaged Foods,Consumer Defensive
493,BYON,"Beyond, Inc.",Internet Retail,Consumer Cyclical
494,BYRN,"Byrna Technologies, Inc.",Aerospace & Defense,Industrials
495,BZ,KANZHUN LIMITED - American Depo,Internet Content & Information,Communication Services
496,BZH,"Beazer Homes USA, Inc.",Residential Construction,Consumer Cyclical
497,C,"Citigroup, Inc.",Banks - Diversified,Financial Services
498,CABA,"Cabaletta Bio, Inc.",Biotechnology,Healthcare
499,CABO,"Cable One, Inc.",Telecom Services,Communication Services
500,CAC,Camden National Corporation,Banks - Regional,Financial Services
501,CACC,Credit Acceptance Corporation,Credit Services,Financial Services
502,CACI,"CACI International, Inc.",Information Technology Services,Technology
503,CADE,Cadence Bank,Banks - Regional,Financial Services
504,CADL,"Candel Therapeutics, Inc.",Biotechnology,Healthcare
505,CAE,CAE Inc.,Aerospace & Defense,Industrials
506,CAG,"ConAgra Brands, Inc.",Packaged Foods,Consumer Defensive
507,CAH,"Cardinal Health, Inc.",Medical Distribution,Healthcare
508,CAKE,The Cheesecake Factory Incorpor,Restaurants,Consumer Cyclical
509,CAL,"Caleres, Inc.",Apparel Retail,Consumer Cyclical
510,CALM,"Cal-Maine Foods, Inc.",Farm Products,Consumer Defensive
511,CALX,"Calix, Inc",Software - Infrastructure,Technology
512,CAMT,Camtek Ltd.,Semiconductor Equipment & Materials,Technology
513,CAPR,"Capricor Therapeutics, Inc.",Biotechnology,Healthcare
514,CAR,"Avis Budget Group, Inc.",Rental & Leasing Services,Industrials
515,CARE,"Carter Bankshares, Inc.",Banks - Regional,Financial Services
516,CARG,"CarGurus, Inc.",Auto & Truck Dealerships,Consumer Cyclical
517,CARR,Carrier Global Corporation,Building Products & Equipment,Industrials
518,CARS,Cars.com Inc.,Auto & Truck Dealerships,Consumer Cyclical
519,CART,Maplebear Inc.,Internet Retail,Consumer Cyclical
520,CASH,"Pathward Financial, Inc.",Banks - Regional,Financial Services
521,CASS,"Cass Information Systems, Inc",Specialty Business Services,Industrials
522,CASY,"Caseys General Stores, Inc.",Specialty Retail,Consumer Cyclical
523,CAT,"Caterpillar, Inc.",Farm & Heavy Construction Machinery,Industrials
524,CATX,"Perspective Therapeutics, Inc.",Medical Devices,Healthcare
525,CATY,Cathay General Bancorp,Banks - Regional,Financial Services
526,CAVA,"CAVA Group, Inc.",Restaurants,Consumer Cyclical
527,CB,Chubb Limited,Insurance - Property & Casualty,Financial Services
528,CBAN,"Colony Bankcorp, Inc.",Banks - Regional,Financial Services
529,CBL,"CBL & Associates Properties, In",REIT - Retail,Real Estate
530,CBLL,"CeriBell, Inc.",Medical Devices,Healthcare
531,CBNK,"Capital Bancorp, Inc.",Banks - Regional,Financial Services
532,CBOE,"Cboe Global Markets, Inc.",Financial Data & Stock Exchanges,Financial Services
533,CBRE,CBRE Group Inc,Real Estate Services,Real Estate
534,CBRL,Cracker Barrel Old Country Stor,Restaurants,Consumer Cyclical
535,CBSH,"Commerce Bancshares, Inc.",Banks - Regional,Financial Services
536,CBT,Cabot Corporation,Specialty Chemicals,Basic Materials
537,CBU,"Community Financial System, Inc",Banks - Regional,Financial Services
538,CBZ,"CBIZ, Inc.",Specialty Business Services,Industrials
539,CC,Chemours Company (The),Specialty Chemicals,Basic Materials
540,CCB,Coastal Financial Corporation,Banks - Regional,Financial Services
541,CCBG,Capital City Bank Group,Banks - Regional,Financial Services
542,CCCC,"C4 Therapeutics, Inc.",Biotechnology,Healthcare
543,CCCS,CCC Intelligent Solutions Holdi,Software - Application,Technology
544,CCEP,Coca-Cola Europacific Partners ,Beverages - Non-Alcoholic,Consumer Defensive
545,CCI,Crown Castle Inc.,REIT - Specialty,Real Estate
546,CCK,"Crown Holdings, Inc.",Packaging & Containers,Consumer Cyclical
547,CCL,Carnival Corporation,Travel Services,Consumer Cyclical
548,CCNE,CNB Financial Corporation,Banks - Regional,Financial Services
549,CCO,"Clear Channel Outdoor Holdings,",Advertising Agencies,Communication Services
550,CCOI,"Cogent Communications Holdings,",Telecom Services,Communication Services
551,CCRN,"Cross Country Healthcare, Inc.",Medical Care Facilities,Healthcare
552,CCS,"Century Communities, Inc.",Real Estate - Development,Real Estate
553,CCSI,"Consensus Cloud Solutions, Inc.",Software - Infrastructure,Technology
554,CDE,"Coeur Mining, Inc.",Gold,Basic Materials
555,CDLX,"Cardlytics, Inc. Common Stock",Advertising Agencies,Communication Services
556,CDNA,"CareDx, Inc.",Diagnostics & Research,Healthcare
557,CDNS,"Cadence Design Systems, Inc.",Software - Application,Technology
558,CDP,COPT Defense Properties,REIT - Office,Real Estate
559,CDRE,"Cadre Holdings, Inc.",Aerospace & Defense,Industrials
560,CDW,CDW Corporation,Information Technology Services,Technology
561,CDXS,"Codexis, Inc.",Biotechnology,Healthcare
562,CDZI,"Cadiz, Inc.",Utilities - Regulated Water,Utilities
563,CE,Celanese Corporation,Chemicals,Basic Materials
564,CECO,CECO Environmental Corp.,Pollution & Treatment Controls,Industrials
565,CEG,Constellation Energy Corporatio,Utilities - Renewable,Utilities
566,CEIX,CONSOL Energy Inc.,Thermal Coal,Energy
567,CELC,Celcuity Inc.,Biotechnology,Healthcare
568,CELH,"Celsius Holdings, Inc.",Beverages - Non-Alcoholic,Consumer Defensive
569,CENT,Central Garden & Pet Company,Packaged Foods,Consumer Defensive
570,CENTA,Central Garden & Pet Company,Packaged Foods,Consumer Defensive
571,CENX,Century Aluminum Company,Aluminum,Basic Materials
572,CERS,Cerus Corporation,Medical Devices,Healthcare
573,CERT,"Certara, Inc.",Health Information Services,Healthcare
574,CEVA,"CEVA, Inc.",Semiconductors,Technology
575,CF,"CF Industries Holdings, Inc.",Agricultural Inputs,Basic Materials
576,CFFI,C&F Financial Corporation,Banks - Regional,Financial Services
577,CFFN,"Capitol Federal Financial, Inc.",Banks - Regional,Financial Services
578,CFG,"Citizens Financial Group, Inc.",Banks - Regional,Financial Services
579,CFLT,"Confluent, Inc.",Software - Infrastructure,Technology
580,CFR,"Cullen/Frost Bankers, Inc.",Banks - Regional,Financial Services
581,CG,The Carlyle Group Inc.,Asset Management,Financial Services
582,CGEM,"Cullinan Therapeutics, Inc.",Biotechnology,Healthcare
583,CGNX,Cognex Corporation,Scientific & Technical Instruments,Technology
584,CGON,"CG Oncology, Inc.",Biotechnology,Healthcare
585,CHCO,City Holding Company,Banks - Regional,Financial Services
586,CHCT,Community Healthcare Trust Inco,REIT - Healthcare Facilities,Real Estate
587,CHD,"Church & Dwight Company, Inc.",Household & Personal Products,Consumer Defensive
588,CHDN,"Churchill Downs, Incorporated",Gambling,Consumer Cyclical
589,CHE,Chemed Corp,Medical Care Facilities,Healthcare
590,CHEF,"The Chefs' Warehouse, Inc.",Food Distribution,Consumer Defensive
591,CHGG,"Chegg, Inc.",Education & Training Services,Consumer Defensive
592,CHH,"Choice Hotels International, In",Lodging,Consumer Cyclical
593,CHKP,Check Point Software Technologi,Software - Infrastructure,Technology
594,CHMG,Chemung Financial Corp,Banks - Regional,Financial Services
595,CHPT,"ChargePoint Holdings, Inc.",Specialty Retail,Consumer Cyclical
596,CHRD,Chord Energy Corporation,Oil & Gas E&P,Energy
597,CHRS,"Coherus BioSciences, Inc.",Biotechnology,Healthcare
598,CHRW,"C.H. Robinson Worldwide, Inc.",Integrated Freight & Logistics,Industrials
599,CHT,"Chunghwa Telecom Co., Ltd.",Telecom Services,Communication Services
600,CHTR,"Charter Communications, Inc.",Telecom Services,Communication Services
601,CHWY,"Chewy, Inc.",Internet Retail,Consumer Cyclical
602,CHX,ChampionX Corporation,Oil & Gas Equipment & Services,Energy
603,CI,The Cigna Group,Healthcare Plans,Healthcare
604,CIB,BanColombia S.A.,Banks - Regional,Financial Services
605,CIEN,Ciena Corporation,Communication Equipment,Technology
606,CIFR,Cipher Mining Inc.,Capital Markets,Financial Services
607,CIG,Comp En De Mn Cemig,Utilities - Diversified,Utilities
608,CIGI,Colliers International Group In,Real Estate Services,Real Estate
609,CIM,Chimera Investment Corporation,REIT - Mortgage,Real Estate
610,CINF,Cincinnati Financial Corporatio,Insurance - Property & Casualty,Financial Services
611,CIO,"City Office REIT, Inc.",REIT - Office,Real Estate
612,CIVB,"Civista Bancshares, Inc.",Banks - Regional,Financial Services
613,CIVI,"Civitas Resources, Inc.",Oil & Gas E&P,Energy
614,CL,Colgate-Palmolive Company,Household & Personal Products,Consumer Defensive
615,CLAR,Clarus Corporation,Leisure,Consumer Cyclical
616,CLB,Core Laboratories Inc.,Oil & Gas Equipment & Services,Energy
617,CLBK,"Columbia Financial, Inc.",Banks - Regional,Financial Services
618,CLBT,Cellebrite DI Ltd.,Software - Infrastructure,Technology
619,CLDT,Chatham Lodging Trust (REIT),REIT - Hotel & Motel,Real Estate
620,CLDX,"Celldex Therapeutics, Inc.",Biotechnology,Healthcare
621,CLF,Cleveland-Cliffs Inc.,Steel,Basic Materials
622,CLFD,"Clearfield, Inc.",Communication Equipment,Technology
623,CLH,"Clean Harbors, Inc.",Waste Management,Industrials
624,CLMB,"Climb Global Solutions, Inc.",Electronics & Computer Distribution,Technology
625,CLMT,"Calumet, Inc",Specialty Chemicals,Basic Materials
626,CLNE,Clean Energy Fuels Corp.,Oil & Gas Refining & Marketing,Energy
627,CLOV,"Clover Health Investments, Corp",Healthcare Plans,Healthcare
628,CLPT,ClearPoint Neuro Inc.,Medical Devices,Healthcare
629,CLS,"Celestica, Inc.",Electronic Components,Technology
630,CLSK,"CleanSpark, Inc.",Capital Markets,Financial Services
631,CLVT,Clarivate Plc,Information Technology Services,Technology
632,CLW,Clearwater Paper Corporation,Paper & Paper Products,Basic Materials
633,CLX,Clorox Company (The),Household & Personal Products,Consumer Defensive
634,CM,Canadian Imperial Bank of Comme,Banks - Diversified,Financial Services
635,CMA,Comerica Incorporated,Banks - Regional,Financial Services
636,CMC,Commercial Metals Company,Steel,Basic Materials
637,CMCL,Caledonia Mining Corporation Pl,Gold,Basic Materials
638,CMCO,Columbus McKinnon Corporation,Farm & Heavy Construction Machinery,Industrials
639,CMCSA,Comcast Corporation,Telecom Services,Communication Services
640,CME,CME Group Inc.,Financial Data & Stock Exchanges,Financial Services
641,CMG,"Chipotle Mexican Grill, Inc.",Restaurants,Consumer Cyclical
642,CMGGF,COMMERCIAL INTL BANK(EGYPT)S.A.,Banks - Regional,Financial Services
643,CMI,Cummins Inc.,Specialty Industrial Machinery,Industrials
644,CMP,Compass Minerals Intl Inc,Other Industrial Metals & Mining,Basic Materials
645,CMPO,"CompoSecure, Inc.",Metal Fabrication,Industrials
646,CMPR,Cimpress PLC,Specialty Business Services,Industrials
647,CMPX,"Compass Therapeutics, Inc.",Biotechnology,Healthcare
648,CMRE,Costamare Inc.,Marine Shipping,Industrials
649,CMS,CMS Energy Corporation,Utilities - Regulated Electric,Utilities
650,CMT,Core Molding Technologies Inc,Specialty Chemicals,Basic Materials
651,CMTG,"Claros Mortgage Trust, Inc.",REIT - Mortgage,Real Estate
652,CNA,CNA Financial Corporation,Insurance - Property & Casualty,Financial Services
653,CNC,Centene Corporation,Healthcare Plans,Healthcare
654,CNDT,Conduent Incorporated,Information Technology Services,Technology
655,CNH,CNH Industrial N.V.,Farm & Heavy Construction Machinery,Industrials
656,CNK,Cinemark Holdings Inc Cinemark ,Entertainment,Communication Services
657,CNM,"Core & Main, Inc.",Industrial Distribution,Industrials
658,CNMD,CONMED Corporation,Medical Devices,Healthcare
659,CNNE,"Cannae Holdings, Inc.",Restaurants,Consumer Cyclical
660,CNO,"CNO Financial Group, Inc.",Insurance - Life,Financial Services
661,CNOB,"ConnectOne Bancorp, Inc.",Banks - Regional,Financial Services
662,CNP,"CenterPoint Energy, Inc (Holdin",Utilities - Regulated Electric,Utilities
663,CNQ,Canadian Natural Resources Limi,Oil & Gas E&P,Energy
664,CNR,"Core Natural Resources, Inc.",Thermal Coal,Energy
665,CNS,Cohen & Steers Inc,Asset Management,Financial Services
666,CNSL,Consolidated Communications Hol,Telecom Services,Communication Services
667,CNX,CNX Resources Corporation,Oil & Gas E&P,Energy
668,CNXC,Concentrix Corporation,Information Technology Services,Technology
669,CNXN,"PC Connection, Inc.",Electronics & Computer Distribution,Technology
670,COCO,"The Vita Coco Company, Inc.",Beverages - Non-Alcoholic,Consumer Defensive
671,CODI,D/B/A Compass Diversified Holdi,Conglomerates,Industrials
672,COF,Capital One Financial Corporati,Credit Services,Financial Services
673,COFS,"ChoiceOne Financial Services, I",Banks - Regional,Financial Services
674,COGT,"Cogent Biosciences, Inc.",Biotechnology,Healthcare
675,COHR,Coherent Corp.,Scientific & Technical Instruments,Technology
676,COHU,"Cohu, Inc.",Semiconductor Equipment & Materials,Technology
677,COIN,"Coinbase Global, Inc.",Financial Data & Stock Exchanges,Financial Services
678,COKE,"Coca-Cola Consolidated, Inc.",Beverages - Non-Alcoholic,Consumer Defensive
679,COLB,"Columbia Banking System, Inc.",Banks - Regional,Financial Services
680,COLD,"Americold Realty Trust, Inc.",REIT - Industrial,Real Estate
681,COLL,"Collegium Pharmaceutical, Inc.",Drug Manufacturers - Specialty & Generic,Healthcare
682,COLM,Columbia Sportswear Company,Apparel Manufacturing,Consumer Cyclical
683,COMM,"CommScope Holding Company, Inc.",Communication Equipment,Technology
684,COMP,"Compass, Inc.",Real Estate Services,Real Estate
685,CON,Concentra Group Holdings Parent,Medical Care Facilities,Healthcare
686,COO,"The Cooper Companies, Inc.",Medical Instruments & Supplies,Healthcare
687,COOK,"Traeger, Inc.","Furnishings, Fixtures & Appliances",Consumer Cyclical
688,COOP,Mr. Cooper Group Inc.,Mortgage Finance,Financial Services
689,COP,ConocoPhillips,Oil & Gas E&P,Energy
690,COR,"Cencora, Inc.",Medical Distribution,Healthcare
691,CORT,Corcept Therapeutics Incorporat,Biotechnology,Healthcare
692,CORZ,"Core Scientific, Inc.",Software - Infrastructure,Technology
693,COST,Costco Wholesale Corporation,Discount Stores,Consumer Defensive
694,COTY,Coty Inc.,Household & Personal Products,Consumer Defensive
695,COUR,"Coursera, Inc.",Education & Training Services,Consumer Defensive
696,CP,Canadian Pacific Kansas City Li,Railroads,Industrials
697,CPA,"Copa Holdings, S.A.",Airlines,Industrials
698,CPAY,"Corpay, Inc.",Software - Infrastructure,Technology
699,CPB,The Campbell's Company,Packaged Foods,Consumer Defensive
700,CPF,Central Pacific Financial Corp ,Banks - Regional,Financial Services
701,CPK,Chesapeake Utilities Corporatio,Utilities - Regulated Gas,Utilities
702,CPNG,"Coupang, Inc.",Internet Retail,Consumer Cyclical
703,CPRI,Capri Holdings Limited,Luxury Goods,Consumer Cyclical
704,CPRT,"Copart, Inc.",Specialty Business Services,Industrials
705,CPRX,"Catalyst Pharmaceuticals, Inc.",Biotechnology,Healthcare
706,CPS,Cooper-Standard Holdings Inc.,Auto Parts,Consumer Cyclical
707,CPSS,"Consumer Portfolio Services, In",Credit Services,Financial Services
708,CPT,Camden Property Trust,REIT - Residential,Real Estate
709,CQP,"Cheniere Energy Partners, LP",Oil & Gas Midstream,Energy
710,CR,Crane Company,Specialty Industrial Machinery,Industrials
711,CRAI,"CRA International,Inc.",Consulting Services,Industrials
712,CRBG,Corebridge Financial Inc.,Asset Management,Financial Services
713,CRBU,"Caribou Biosciences, Inc.",Biotechnology,Healthcare
714,CRC,California Resources Corporatio,Oil & Gas E&P,Energy
715,CRCT,"Cricut, Inc.",Computer Hardware,Technology
716,CRD-A,Crawford & Company,Insurance Brokers,Financial Services
717,CRDF,"Cardiff Oncology, Inc.",Biotechnology,Healthcare
718,CRDO,Credo Technology Group Holding ,Semiconductors,Technology
719,CRGX,"CARGO Therapeutics, Inc.",Biotechnology,Healthcare
720,CRGY,Crescent Energy Company,Oil & Gas Integrated,Energy
721,CRH,CRH PLC,Building Materials,Basic Materials
722,CRI,"Carter's, Inc.",Apparel Retail,Consumer Cyclical
723,CRK,"Comstock Resources, Inc.",Oil & Gas E&P,Energy
724,CRL,Charles River Laboratories Inte,Diagnostics & Research,Healthcare
725,CRM,"Salesforce, Inc.",Software - Application,Technology
726,CRMD,CorMedix Inc.,Biotechnology,Healthcare
727,CRMT,"America's Car-Mart, Inc.",Auto & Truck Dealerships,Consumer Cyclical
728,CRNC,Cerence Inc.,Software - Application,Technology
729,CRNX,"Crinetics Pharmaceuticals, Inc.",Biotechnology,Healthcare
730,CROX,"Crocs, Inc.",Footwear & Accessories,Consumer Cyclical
731,CRS,Carpenter Technology Corporatio,Metal Fabrication,Industrials
732,CRSP,CRISPR Therapeutics AG,Biotechnology,Healthcare
733,CRSR,"Corsair Gaming, Inc.",Computer Hardware,Technology
734,CRUS,"Cirrus Logic, Inc.",Semiconductors,Technology
735,CRVL,CorVel Corp.,Insurance Brokers,Financial Services
736,CRWD,"CrowdStrike Holdings, Inc.",Software - Infrastructure,Technology
737,CSCO,"Cisco Systems, Inc.",Communication Equipment,Technology
738,CSGP,"CoStar Group, Inc.",Real Estate Services,Real Estate
739,CSGS,"CSG Systems International, Inc.",Software - Infrastructure,Technology
740,CSL,Carlisle Companies Incorporated,Building Products & Equipment,Industrials
741,CSR,D/B/A Centerspace,REIT - Residential,Real Estate
742,CSTE,Caesarstone Ltd.,Building Products & Equipment,Industrials
743,CSTL,"Castle Biosciences, Inc.",Diagnostics & Research,Healthcare
744,CSTM,Constellium SE,Aluminum,Basic Materials
745,CSV,"Carriage Services, Inc.",Personal Services,Consumer Cyclical
746,CSWI,"CSW Industrials, Inc.",Specialty Industrial Machinery,Industrials
747,CSX,CSX Corporation,Railroads,Industrials
748,CTAS,Cintas Corporation,Specialty Business Services,Industrials
749,CTBI,"Community Trust Bancorp, Inc.",Banks - Regional,Financial Services
750,CTGO,"Contango ORE, Inc.",Gold,Basic Materials
751,CTKB,"Cytek Biosciences, Inc.",Medical Devices,Healthcare
752,CTLP,"Cantaloupe, Inc.",Information Technology Services,Technology
753,CTO,"CTO Realty Growth, Inc.",REIT - Diversified,Real Estate
754,CTOS,"Custom Truck One Source, Inc.",Rental & Leasing Services,Industrials
755,CTRA,Coterra Energy Inc.,Oil & Gas E&P,Energy
756,CTRE,"CareTrust REIT, Inc.",REIT - Healthcare Facilities,Real Estate
757,CTRI,"Centuri Holdings, Inc.",Utilities - Regulated Gas,Utilities
758,CTRN,"Citi Trends, Inc.",Apparel Retail,Consumer Cyclical
759,CTS,CTS Corporation,Electronic Components,Technology
760,CTSH,Cognizant Technology Solutions ,Information Technology Services,Technology
761,CTVA,"Corteva, Inc.",Agricultural Inputs,Basic Materials
762,CUBE,CubeSmart,REIT - Industrial,Real Estate
763,CUBI,"Customers Bancorp, Inc",Banks - Regional,Financial Services
764,CURB,Curbline Properties Corp.,REIT - Retail,Real Estate
765,CURV,Torrid Holdings Inc.,Apparel Retail,Consumer Cyclical
766,CUZ,Cousins Properties Incorporated,REIT - Office,Real Estate
767,CVAC,CureVac N.V.,Biotechnology,Healthcare
768,CVBF,CVB Financial Corporation,Banks - Regional,Financial Services
769,CVCO,"Cavco Industries, Inc.",Residential Construction,Consumer Cyclical
770,CVE,Cenovus Energy Inc,Oil & Gas Integrated,Energy
771,CVEO,Civeo Corporation (Canada),Lodging,Consumer Cyclical
772,CVGI,"Commercial Vehicle Group, Inc.",Auto Parts,Consumer Cyclical
773,CVGW,"Calavo Growers, Inc.",Food Distribution,Consumer Defensive
774,CVI,CVR Energy Inc.,Oil & Gas Refining & Marketing,Energy
775,CVLG,"Covenant Logistics Group, Inc.",Trucking,Industrials
776,CVLT,"Commvault Systems, Inc.",Software - Application,Technology
777,CVNA,Carvana Co.,Auto & Truck Dealerships,Consumer Cyclical
778,CVRX,"CVRx, Inc.",Medical Devices,Healthcare
779,CVS,CVS Health Corporation,Healthcare Plans,Healthcare
780,CVX,Chevron Corporation,Oil & Gas Integrated,Energy
781,CW,Curtiss-Wright Corporation,Aerospace & Defense,Industrials
782,CWAN,"Clearwater Analytics Holdings, ",Software - Application,Technology
783,CWBC,Community West Bancshares,Banks - Regional,Financial Services
784,CWCO,Consolidated Water Co. Ltd.,Utilities - Regulated Water,Utilities
785,CWEN,"Clearway Energy, Inc.",Utilities - Renewable,Utilities
786,CWEN-A,"Clearway Energy, Inc.",Utilities - Renewable,Utilities
787,CWH,"Camping World Holdings, Inc.",Auto & Truck Dealerships,Consumer Cyclical
788,CWK,Cushman & Wakefield plc,Real Estate Services,Real Estate
789,CWST,"Casella Waste Systems, Inc.",Waste Management,Industrials
790,CWT,California Water Service Group,Utilities - Regulated Water,Utilities
791,CX,"Cemex, S.A.B. de C.V. Sponsored",Building Materials,Basic Materials
792,CXM,"Sprinklr, Inc.",Software - Application,Technology
793,CXT,"Crane NXT, Co.",Specialty Industrial Machinery,Industrials
794,CXW,"CoreCivic, Inc.",Security & Protection Services,Industrials
795,CYBR,CyberArk Software Ltd.,Software - Infrastructure,Technology
796,CYH,"Community Health Systems, Inc.",Medical Care Facilities,Healthcare
797,CYRX,"CryoPort, Inc.",Integrated Freight & Logistics,Industrials
798,CYTK,"Cytokinetics, Incorporated",Biotechnology,Healthcare
799,CZFS,"Citizens Financial Services, In",Banks - Regional,Financial Services
800,CZNC,Citizens & Northern Corp,Banks - Regional,Financial Services
801,CZR,"Caesars Entertainment, Inc.",Resorts & Casinos,Consumer Cyclical
802,D,"Dominion Energy, Inc.",Utilities - Regulated Electric,Utilities
803,DAC,Danaos Corporation,Marine Shipping,Industrials
804,DAKT,"Daktronics, Inc.",Electronic Components,Technology
805,DAL,"Delta Air Lines, Inc.",Airlines,Industrials
806,DAN,Dana Incorporated,Auto Parts,Consumer Cyclical
807,DAR,Darling Ingredients Inc.,Packaged Foods,Consumer Defensive
808,DASH,"DoorDash, Inc.",Internet Content & Information,Communication Services
809,DAVA,Endava plc,Software - Infrastructure,Technology
810,DAVE,Dave Inc.,Software - Application,Technology
811,DAWN,"Day One Biopharmaceuticals, Inc",Biotechnology,Healthcare
812,DAY,"Dayforce, Inc.",Software - Application,Technology
813,DBD,Diebold Nixdorf Incorporated,Software - Application,Technology
814,DBI,Designer Brands Inc.,Footwear & Accessories,Consumer Cyclical
815,DBRG,"DigitalBridge Group, Inc.",Asset Management,Financial Services
816,DBX,"Dropbox, Inc.",Software - Infrastructure,Technology
817,DC,Dakota Gold Corp.,Gold,Basic Materials
818,DCGO,DocGo Inc.,Medical Care Facilities,Healthcare
819,DCI,"Donaldson Company, Inc.",Specialty Industrial Machinery,Industrials
820,DCO,Ducommun Incorporated,Aerospace & Defense,Industrials
821,DCOM,"Dime Community Bancshares, Inc.",Banks - Regional,Financial Services
822,DCTH,"Delcath Systems, Inc.",Medical Devices,Healthcare
823,DD,"DuPont de Nemours, Inc.",Specialty Chemicals,Basic Materials
824,DDD,3D Systems Corporation,Computer Hardware,Technology
825,DDOG,"Datadog, Inc.",Software - Application,Technology
826,DDS,"Dillard's, Inc.",Department Stores,Consumer Cyclical
827,DE,Deere & Company,Farm & Heavy Construction Machinery,Industrials
828,DEA,"Easterly Government Properties,",REIT - Office,Real Estate
829,DEC,Diversified Energy Company plc,Oil & Gas E&P,Energy
830,DECK,Deckers Outdoor Corporation,Footwear & Accessories,Consumer Cyclical
831,DEI,"Douglas Emmett, Inc.",REIT - Office,Real Estate
832,DELL,Dell Technologies Inc.,Computer Hardware,Technology
833,DENN,Denny's Corporation,Restaurants,Consumer Cyclical
834,DESP,"Despegar.com, Corp.",Travel Services,Consumer Cyclical
835,DFH,"Dream Finders Homes, Inc.",Residential Construction,Consumer Cyclical
836,DFIN,"Donnelley Financial Solutions, ",Software - Application,Technology
837,DFS,Discover Financial Services,Credit Services,Financial Services
838,DG,Dollar General Corporation,Discount Stores,Consumer Defensive
839,DGICA,"Donegal Group, Inc.",Insurance - Property & Casualty,Financial Services
840,DGII,Digi International Inc.,Communication Equipment,Technology
841,DGX,Quest Diagnostics Incorporated,Diagnostics & Research,Healthcare
842,DH,Definitive Healthcare Corp.,Health Information Services,Healthcare
843,DHC,Diversified Healthcare Trust,REIT - Healthcare Facilities,Real Estate
844,DHI,"D.R. Horton, Inc.",Residential Construction,Consumer Cyclical
845,DHIL,"Diamond Hill Investment Group, ",Asset Management,Financial Services
846,DHR,Danaher Corporation,Diagnostics & Research,Healthcare
847,DHT,"DHT Holdings, Inc.",Oil & Gas Midstream,Energy
848,DIBS,"1stdibs.com, Inc.",Internet Retail,Consumer Cyclical
849,DIN,"Dine Brands Global, Inc. Common",Restaurants,Consumer Cyclical
850,DINO,HF Sinclair Corporation,Oil & Gas Refining & Marketing,Energy
851,DIOD,Diodes Incorporated,Semiconductors,Technology
852,DIS,Walt Disney Company (The),Entertainment,Communication Services
853,DJCO,Daily Journal Corp. (S.C.),Software - Application,Technology
854,DJT,Trump Media & Technology Group ,Internet Content & Information,Communication Services
855,DK,"Delek US Holdings, Inc.",Oil & Gas Refining & Marketing,Energy
856,DKL,"Delek Logistics Partners, L.P.",Oil & Gas Refining & Marketing,Energy
857,DKNG,DraftKings Inc.,Gambling,Consumer Cyclical
858,DKS,Dick's Sporting Goods Inc,Specialty Retail,Consumer Cyclical
859,DLB,Dolby Laboratories,Specialty Business Services,Industrials
860,DLR,"Digital Realty Trust, Inc.",REIT - Specialty,Real Estate
861,DLTR,"Dollar Tree, Inc.",Discount Stores,Consumer Defensive
862,DLX,Deluxe Corporation,Conglomerates,Industrials
863,DMRC,Digimarc Corporation,Information Technology Services,Technology
864,DNA,"Ginkgo Bioworks Holdings, Inc.",Biotechnology,Healthcare
865,DNB,"Dun & Bradstreet Holdings, Inc.",Financial Data & Stock Exchanges,Financial Services
866,DNLI,Denali Therapeutics Inc.,Biotechnology,Healthcare
867,DNOW,DNOW Inc.,Industrial Distribution,Industrials
868,DNTH,"Dianthus Therapeutics, Inc.",Biotechnology,Healthcare
869,DNUT,"Krispy Kreme, Inc.",Grocery Stores,Consumer Defensive
870,DOC,"Healthpeak Properties, Inc.",REIT - Healthcare Facilities,Real Estate
871,DOCN,"DigitalOcean Holdings, Inc.",Software - Infrastructure,Technology
872,DOCS,"Doximity, Inc.",Health Information Services,Healthcare
873,DOCU,"DocuSign, Inc.",Software - Application,Technology
874,DOLE,Dole plc,Farm Products,Consumer Defensive
875,DOMO,"Domo, Inc.",Software - Application,Technology
876,DORM,"Dorman Products, Inc.",Auto Parts,Consumer Cyclical
877,DOV,Dover Corporation,Specialty Industrial Machinery,Industrials
878,DOW,Dow Inc.,Chemicals,Basic Materials
879,DOX,Amdocs Limited,Software - Infrastructure,Technology
880,DPZ,Domino's Pizza Inc,Restaurants,Consumer Cyclical
881,DQ,DAQO New Energy Corp.,Semiconductor Equipment & Materials,Technology
882,DRH,Diamondrock Hospitality Company,REIT - Hotel & Motel,Real Estate
883,DRI,"Darden Restaurants, Inc.",Restaurants,Consumer Cyclical
884,DRS,"Leonardo DRS, Inc.",Aerospace & Defense,Industrials
885,DRVN,Driven Brands Holdings Inc.,Auto & Truck Dealerships,Consumer Cyclical
886,DSGN,"Design Therapeutics, Inc.",Biotechnology,Healthcare
887,DSGR,"Distribution Solutions Group, I",Industrial Distribution,Industrials
888,DSP,Viant Technology Inc.,Software - Application,Technology
889,DT,"Dynatrace, Inc.",Software - Application,Technology
890,DTE,DTE Energy Company,Utilities - Regulated Electric,Utilities
891,DTM,"DT Midstream, Inc.",Oil & Gas Midstream,Energy
892,DTRUY,DAIMLER TRUCK HLDG AG,Farm & Heavy Construction Machinery,Industrials
893,DUK,Duke Energy Corporation (Holdin,Utilities - Regulated Electric,Utilities
894,DUOL,"Duolingo, Inc.",Software - Application,Technology
895,DV,"DoubleVerify Holdings, Inc.",Software - Application,Technology
896,DVA,DaVita Inc.,Medical Care Facilities,Healthcare
897,DVAX,Dynavax Technologies Corporatio,Drug Manufacturers - Specialty & Generic,Healthcare
898,DVN,Devon Energy Corporation,Oil & Gas E&P,Energy
899,DX,"Dynex Capital, Inc.",REIT - Mortgage,Real Estate
900,DXC,DXC Technology Company,Information Technology Services,Technology
901,DXCM,"DexCom, Inc.",Medical Devices,Healthcare
902,DXLG,"Destination XL Group, Inc.",Apparel Retail,Consumer Cyclical
903,DXPE,"DXP Enterprises, Inc.",Industrial Distribution,Industrials
904,DY,"Dycom Industries, Inc.",Engineering & Construction,Industrials
905,DYN,"Dyne Therapeutics, Inc.",Biotechnology,Healthcare
906,EA,Electronic Arts Inc.,Electronic Gaming & Multimedia,Communication Services
907,EAF,GrafTech International Ltd.,Electrical Equipment & Parts,Industrials
908,EAT,"Brinker International, Inc.",Restaurants,Consumer Cyclical
909,EB,"Eventbrite, Inc.",Internet Content & Information,Communication Services
910,EBAY,eBay Inc.,Internet Retail,Consumer Cyclical
911,EBC,"Eastern Bankshares, Inc.",Banks - Regional,Financial Services
912,EBF,"Ennis, Inc.",Business Equipment & Supplies,Industrials
913,EBR,Centrais Electricas Brasileiras,Utilities - Renewable,Utilities
914,EBS,Emergent BioSolutions Inc.,Drug Manufacturers - Specialty & Generic,Healthcare
915,EBTC,Enterprise Bancorp Inc,Banks - Regional,Financial Services
916,ECG,"Everus Construction Group, Inc.",Engineering & Construction,Industrials
917,ECL,Ecolab Inc.,Specialty Chemicals,Basic Materials
918,ECPG,Encore Capital Group Inc,Credit Services,Financial Services
919,ECVT,Ecovyst Inc.,Specialty Chemicals,Basic Materials
920,ED,"Consolidated Edison, Inc.",Utilities - Regulated Electric,Utilities
921,EDIT,"Editas Medicine, Inc.",Biotechnology,Healthcare
922,EE,"Excelerate Energy, Inc.",Oil & Gas Midstream,Energy
923,EEFT,"Euronet Worldwide, Inc.",Software - Infrastructure,Technology
924,EEX,"Emerald Holding, Inc.",Advertising Agencies,Communication Services
925,EFC,Ellington Financial Inc.,REIT - Mortgage,Real Estate
926,EFSC,Enterprise Financial Services C,Banks - Regional,Financial Services
927,EFX,"Equifax, Inc.",Consulting Services,Industrials
928,EG,"Everest Group, Ltd.",Insurance - Reinsurance,Financial Services
929,EGAN,eGain Corporation,Software - Application,Technology
930,EGBN,"Eagle Bancorp, Inc.",Banks - Regional,Financial Services
931,EGHT,8x8 Inc,Software - Application,Technology
932,EGP,"EastGroup Properties, Inc.",REIT - Industrial,Real Estate
933,EGY,"VAALCO Energy, Inc.",Oil & Gas E&P,Energy
934,EH,EHang Holdings Limited,Aerospace & Defense,Industrials
935,EHAB,"Enhabit, Inc.",Medical Care Facilities,Healthcare
936,EHC,Encompass Health Corporation,Medical Care Facilities,Healthcare
937,EIG,Employers Holdings Inc,Insurance - Specialty,Financial Services
938,EIX,Edison International,Utilities - Regulated Electric,Utilities
939,EL,"Estee Lauder Companies, Inc. (T",Household & Personal Products,Consumer Defensive
940,ELAN,Elanco Animal Health Incorporat,Drug Manufacturers - Specialty & Generic,Healthcare
941,ELF,"e.l.f. Beauty, Inc.",Household & Personal Products,Consumer Defensive
942,ELME,Elme Communities,REIT - Residential,Real Estate
943,ELS,"Equity Lifestyle Properties, In",REIT - Residential,Real Estate
944,ELV,"Elevance Health, Inc.",Healthcare Plans,Healthcare
945,ELVN,"Enliven Therapeutics, Inc.",Biotechnology,Healthcare
946,EMBC,Embecta Corp.,Medical Instruments & Supplies,Healthcare
947,EME,"EMCOR Group, Inc.",Engineering & Construction,Industrials
948,EML,Eastern Company (The),Tools & Accessories,Industrials
949,EMN,Eastman Chemical Company,Specialty Chemicals,Basic Materials
950,EMR,Emerson Electric Company,Specialty Industrial Machinery,Industrials
951,EMRAF,Emera Inc.,Utilities - Regulated Electric,Utilities
952,ENB,Enbridge Inc,Oil & Gas Midstream,Energy
953,ENFN,"Enfusion, Inc.",Software - Application,Technology
954,ENIC,Enel Chile S.A.,Utilities - Regulated Electric,Utilities
955,ENOV,Enovis Corporation,Medical Devices,Healthcare
956,ENPH,"Enphase Energy, Inc.",Solar,Technology
957,ENR,"Energizer Holdings, Inc.",Electrical Equipment & Parts,Industrials
958,ENS,EnerSys,Electrical Equipment & Parts,Industrials
959,ENSG,"The Ensign Group, Inc.",Medical Care Facilities,Healthcare
960,ENTA,"Enanta Pharmaceuticals, Inc.",Biotechnology,Healthcare
961,ENTG,"Entegris, Inc.",Semiconductor Equipment & Materials,Technology
962,ENVA,"Enova International, Inc.",Credit Services,Financial Services
963,ENVX,Enovix Corporation,Electrical Equipment & Parts,Industrials
964,EOG,"EOG Resources, Inc.",Oil & Gas E&P,Energy
965,EOLS,"Evolus, Inc. Common Stock",Drug Manufacturers - Specialty & Generic,Healthcare
966,EP,Empire Petroleum Corporation,Oil & Gas E&P,Energy
967,EPAC,Enerpac Tool Group Corp.,Specialty Industrial Machinery,Industrials
968,EPAM,"EPAM Systems, Inc.",Information Technology Services,Technology
969,EPC,Edgewell Personal Care Company,Household & Personal Products,Consumer Defensive
970,EPD,Enterprise Products Partners L.,Oil & Gas Midstream,Energy
971,EPM,Evolution Petroleum Corporation,Oil & Gas E&P,Energy
972,EPR,EPR Properties,REIT - Specialty,Real Estate
973,EPRT,Essential Properties Realty Tru,REIT - Retail,Real Estate
974,EQBK,"Equity Bancshares, Inc.",Banks - Regional,Financial Services
975,EQC,Equity,REIT - Office,Real Estate
976,EQH,"Equitable Holdings, Inc.",Asset Management,Financial Services
977,EQIX,"Equinix, Inc.",REIT - Specialty,Real Estate
978,EQR,Equity Residential,REIT - Residential,Real Estate
979,EQT,EQT Corporation,Oil & Gas E&P,Energy
980,EQX,Equinox Gold Corp.,Gold,Basic Materials
981,ERAS,"Erasca, Inc.",Biotechnology,Healthcare
982,ERIE,Erie Indemnity Company,Insurance Brokers,Financial Services
983,ERII,"Energy Recovery, Inc.",Pollution & Treatment Controls,Industrials
984,ERO,Ero Copper Corp.,Copper,Basic Materials
985,ES,Eversource Energy (D/B/A),Utilities - Regulated Electric,Utilities
986,ESAB,ESAB Corporation,Metal Fabrication,Industrials
987,ESCA,"Escalade, Incorporated",Leisure,Consumer Cyclical
988,ESE,ESCO Technologies Inc.,Scientific & Technical Instruments,Technology
989,ESGR,Enstar Group Limited,Insurance - Diversified,Financial Services
990,ESI,Element Solutions Inc.,Specialty Chemicals,Basic Materials
991,ESNT,Essent Group Ltd.,Insurance - Specialty,Financial Services
992,ESOA,Energy Services of America Corp,Engineering & Construction,Industrials
993,ESPR,"Esperion Therapeutics, Inc.",Drug Manufacturers - Specialty & Generic,Healthcare
994,ESQ,"Esquire Financial Holdings, Inc",Banks - Regional,Financial Services
995,ESRT,"Empire State Realty Trust, Inc.",REIT - Diversified,Real Estate
996,ESS,"Essex Property Trust, Inc.",REIT - Residential,Real Estate
997,ESSA,"ESSA Bancorp, Inc.",Banks - Regional,Financial Services
998,ESTA,Establishment Labs Holdings Inc,Medical Devices,Healthcare
999,ESTC,Elastic N.V.,Software - Application,Technology
1000,ET,Energy Transfer LP,Oil & Gas Midstream,Energy
1001,ETD,Ethan Allen Interiors Inc.,"Furnishings, Fixtures & Appliances",Consumer Cyclical
1002,ETN,"Eaton Corporation, PLC",Specialty Industrial Machinery,Industrials
1003,ETNB,"89bio, Inc.",Biotechnology,Healthcare
1004,ETR,Entergy Corporation,Utilities - Regulated Electric,Utilities
1005,ETSY,"Etsy, Inc.",Internet Retail,Consumer Cyclical
1006,ETWO,"E2open Parent Holdings, Inc.",Software - Application,Technology
1007,EU,enCore Energy Corp.,Uranium,Energy
1008,EVBN,"Evans Bancorp, Inc.",Banks - Regional,Financial Services
1009,EVC,Entravision Communications Corp,Advertising Agencies,Communication Services
1010,EVCM,EverCommerce Inc.,Software - Infrastructure,Technology
1011,EVER,"EverQuote, Inc.",Internet Content & Information,Communication Services
1012,EVEX,"Eve Holding, Inc.",Aerospace & Defense,Industrials
1013,EVGO,EVgo Inc.,Specialty Retail,Consumer Cyclical
1014,EVH,"Evolent Health, Inc",Health Information Services,Healthcare
1015,EVI,"EVI Industries, Inc.",Industrial Distribution,Industrials
1016,EVLV,"Evolv Technologies Holdings, In",Security & Protection Services,Industrials
1017,EVR,Evercore Inc.,Capital Markets,Financial Services
1018,EVRG,"Evergy, Inc.",Utilities - Regulated Electric,Utilities
1019,EVRI,Everi Holdings Inc.,Gambling,Consumer Cyclical
1020,EVTC,"Evertec, Inc.",Software - Infrastructure,Technology
1021,EW,Edwards Lifesciences Corporatio,Medical Devices,Healthcare
1022,EWBC,"East West Bancorp, Inc.",Banks - Regional,Financial Services
1023,EWCZ,"European Wax Center, Inc.",Household & Personal Products,Consumer Defensive
1024,EWTX,"Edgewise Therapeutics, Inc.",Biotechnology,Healthcare
1025,EXAS,Exact Sciences Corporation,Diagnostics & Research,Healthcare
1026,EXC,Exelon Corporation,Utilities - Regulated Electric,Utilities
1027,EXE,Expand Energy Corporation,Oil & Gas E&P,Energy
1028,EXEL,"Exelixis, Inc.",Biotechnology,Healthcare
1029,EXFY,"Expensify, Inc.",Software - Application,Technology
1030,EXK,Endeavour Silver Corporation,Silver,Basic Materials
1031,EXLS,"ExlService Holdings, Inc.",Information Technology Services,Technology
1032,EXP,Eagle Materials Inc,Building Materials,Basic Materials
1033,EXPD,Expeditors International of Was,Integrated Freight & Logistics,Industrials
1034,EXPE,"Expedia Group, Inc.",Travel Services,Consumer Cyclical
1035,EXPI,"eXp World Holdings, Inc.",Real Estate Services,Real Estate
1036,EXPO,"Exponent, Inc.",Engineering & Construction,Industrials
1037,EXR,Extra Space Storage Inc,REIT - Industrial,Real Estate
1038,EXTR,"Extreme Networks, Inc.",Communication Equipment,Technology
1039,EYE,"National Vision Holdings, Inc.",Specialty Retail,Consumer Cyclical
1040,EYPT,"EyePoint Pharmaceuticals, Inc.",Biotechnology,Healthcare
1041,EZPW,"EZCORP, Inc.",Credit Services,Financial Services
1042,F,Ford Motor Company,Auto Manufacturers,Consumer Cyclical
1043,FA,First Advantage Corporation,Specialty Business Services,Industrials
1044,FAF,First American Corporation (New,Insurance - Specialty,Financial Services
1045,FANG,"Diamondback Energy, Inc.",Oil & Gas E&P,Energy
1046,FARO,"FARO Technologies, Inc.",Scientific & Technical Instruments,Technology
1047,FAST,Fastenal Company,Industrial Distribution,Industrials
1048,FATE,"Fate Therapeutics, Inc.",Biotechnology,Healthcare
1049,FBIN,"Fortune Brands Innovations, Inc",Building Products & Equipment,Industrials
1050,FBIZ,First Business Financial Servic,Banks - Regional,Financial Services
1051,FBK,FB Financial Corporation,Banks - Regional,Financial Services
1052,FBMS,"First Bancshares, Inc.",Banks - Regional,Financial Services
1053,FBNC,First Bancorp,Banks - Regional,Financial Services
1054,FBP,First BanCorp. New,Banks - Regional,Financial Services
1055,FBRT,"Franklin BSP Realty Trust, Inc.",REIT - Mortgage,Real Estate
1056,FC,Franklin Covey Company,Education & Training Services,Consumer Defensive
1057,FCBC,"First Community Bankshares, Inc",Banks - Regional,Financial Services
1058,FCEL,"FuelCell Energy, Inc.",Electrical Equipment & Parts,Industrials
1059,FCF,First,Banks - Regional,Financial Services
1060,FCFS,"FirstCash Holdings, Inc.",Credit Services,Financial Services
1061,FCN,"FTI Consulting, Inc.",Consulting Services,Industrials
1062,FCNCA,"First Citizens BancShares, Inc.",Banks - Regional,Financial Services
1063,FCPT,"Four Corners Property Trust, In",REIT - Retail,Real Estate
1064,FCX,"Freeport-McMoRan, Inc.",Copper,Basic Materials
1065,FDBC,"Fidelity D & D Bancorp, Inc.",Banks - Regional,Financial Services
1066,FDMT,"4D Molecular Therapeutics, Inc.",Biotechnology,Healthcare
1067,FDP,"Fresh Del Monte Produce, Inc.",Farm Products,Consumer Defensive
1068,FDS,FactSet Research Systems Inc.,Financial Data & Stock Exchanges,Financial Services
1069,FDX,FedEx Corporation,Integrated Freight & Logistics,Industrials
1070,FE,FirstEnergy Corp.,Utilities - Regulated Electric,Utilities
1071,FELE,"Franklin Electric Co., Inc.",Specialty Industrial Machinery,Industrials
1072,FENC,Fennec Pharmaceuticals Inc.,Biotechnology,Healthcare
1073,FERG,Ferguson Enterprises Inc.,Industrial Distribution,Industrials
1074,FET,"Forum Energy Technologies, Inc.",Oil & Gas Equipment & Services,Energy
1075,FF,FutureFuel Corp.,Specialty Chemicals,Basic Materials
1076,FFBC,First Financial Bancorp.,Banks - Regional,Financial Services
1077,FFIC,Flushing Financial Corporation,Banks - Regional,Financial Services
1078,FFIN,"First Financial Bankshares, Inc",Banks - Regional,Financial Services
1079,FFIV,"F5, Inc.",Software - Infrastructure,Technology
1080,FFNW,"First Financial Northwest, Inc.",Banks - Regional,Financial Services
1081,FFWM,First Foundation Inc.,Banks - Regional,Financial Services
1082,FG,"F&G Annuities & Life, Inc.",Insurance - Life,Financial Services
1083,FHB,"First Hawaiian, Inc.",Banks - Regional,Financial Services
1084,FHI,"Federated Hermes, Inc.",Asset Management,Financial Services
1085,FHN,First Horizon Corporation,Banks - Regional,Financial Services
1086,FHTX,Foghorn Therapeutics Inc.,Biotechnology,Healthcare
1087,FI,"Fiserv, Inc.",Information Technology Services,Technology
1088,FIBK,"First Interstate BancSystem, In",Banks - Regional,Financial Services
1089,FICO,Fair Isaac Corporation,Software - Application,Technology
1090,FIGS,"FIGS, Inc.",Apparel Manufacturing,Consumer Cyclical
1091,FIHL,Fidelis Insurance Holdings Limi,Insurance - Diversified,Financial Services
1092,FINV,FinVolution Group,Credit Services,Financial Services
1093,FIP,FTAI Infrastructure Inc.,Conglomerates,Industrials
1094,FIS,Fidelity National Information S,Information Technology Services,Technology
1095,FISI,"Financial Institutions, Inc.",Banks - Regional,Financial Services
1096,FITB,Fifth Third Bancorp,Banks - Regional,Financial Services
1097,FIVE,"Five Below, Inc.",Specialty Retail,Consumer Cyclical
1098,FIVN,"Five9, Inc.",Software - Infrastructure,Technology
1099,FIX,"Comfort Systems USA, Inc.",Engineering & Construction,Industrials
1100,FIZZ,National Beverage Corp.,Beverages - Non-Alcoholic,Consumer Defensive
1101,FL,"Foot Locker, Inc.",Apparel Retail,Consumer Cyclical
1102,FLEX,Flex Ltd.,Electronic Components,Technology
1103,FLG,"Flagstar Financial, Inc.",Banks - Regional,Financial Services
1104,FLGT,"Fulgent Genetics, Inc.",Diagnostics & Research,Healthcare
1105,FLIC,The First of Long Island Corpor,Banks - Regional,Financial Services
1106,FLL,"Full House Resorts, Inc.",Resorts & Casinos,Consumer Cyclical
1107,FLNC,"Fluence Energy, Inc.",Utilities - Renewable,Utilities
1108,FLO,"Flowers Foods, Inc.",Packaged Foods,Consumer Defensive
1109,FLOC,Flowco Holdings Inc.,Oil & Gas Equipment & Services,Energy
1110,FLR,Fluor Corporation,Engineering & Construction,Industrials
1111,FLS,Flowserve Corporation,Specialty Industrial Machinery,Industrials
1112,FLUT,Flutter Entertainment plc,Gambling,Consumer Cyclical
1113,FLWS,"1-800-FLOWERS.COM, Inc.",Specialty Retail,Consumer Cyclical
1114,FLXS,"Flexsteel Industries, Inc.","Furnishings, Fixtures & Appliances",Consumer Cyclical
1115,FLYW,Flywire Corporation - Voting,Software - Infrastructure,Technology
1116,FMAO,"Farmers & Merchants Bancorp, In",Banks - Regional,Financial Services
1117,FMBH,"First Mid Bancshares, Inc.",Banks - Regional,Financial Services
1118,FMC,FMC Corporation,Agricultural Inputs,Basic Materials
1119,FMNB,Farmers National Banc Corp.,Banks - Regional,Financial Services
1120,FN,Fabrinet,Electronic Components,Technology
1121,FNA,"Paragon 28, Inc.",Medical Devices,Healthcare
1122,FNB,F.N.B. Corporation,Banks - Regional,Financial Services
1123,FND,"Floor & Decor Holdings, Inc.",Home Improvement Retail,Consumer Cyclical
1124,FNF,FNF Group of Fidelity National ,Insurance - Specialty,Financial Services
1125,FNKO,"Funko, Inc.",Leisure,Consumer Cyclical
1126,FNLC,"First Bancorp, Inc (ME)",Banks - Regional,Financial Services
1127,FNV,Franco-Nevada Corporation,Gold,Basic Materials
1128,FOA,Finance of America Companies In,Credit Services,Financial Services
1129,FOLD,"Amicus Therapeutics, Inc.",Biotechnology,Healthcare
1130,FOR,Forestar Group Inc,Real Estate - Development,Real Estate
1131,FORM,"FormFactor, Inc.",Semiconductor Equipment & Materials,Technology
1132,FORR,"Forrester Research, Inc.",Consulting Services,Industrials
1133,FOUR,"Shift4 Payments, Inc.",Software - Infrastructure,Technology
1134,FOX,Fox Corporation,Entertainment,Communication Services
1135,FOXA,Fox Corporation,Entertainment,Communication Services
1136,FOXF,Fox Factory Holding Corp.,Auto Parts,Consumer Cyclical
1137,FPI,Farmland Partners Inc.,REIT - Specialty,Real Estate
1138,FR,"First Industrial Realty Trust, ",REIT - Industrial,Real Estate
1139,FRAF,Franklin Financial Services Cor,Banks - Regional,Financial Services
1140,FRBA,First Bank,Banks - Regional,Financial Services
1141,FRGE,"Forge Global Holdings, Inc.",Capital Markets,Financial Services
1142,FRHC,Freedom Holding Corp.,Financial Conglomerates,Financial Services
1143,FRME,First Merchants Corporation,Banks - Regional,Financial Services
1144,FRO,Frontline Plc,Oil & Gas Midstream,Energy
1145,FROG,JFrog Ltd.,Software - Application,Technology
1146,FRPH,"FRP Holdings, Inc.",Real Estate Services,Real Estate
1147,FRPT,"Freshpet, Inc.",Packaged Foods,Consumer Defensive
1148,FRSH,Freshworks Inc.,Software - Application,Technology
1149,FRST,Primis Financial Corp.,Banks - Regional,Financial Services
1150,FRT,Federal Realty Investment Trust,REIT - Retail,Real Estate
1151,FSBC,Five Star Bancorp,Banks - Regional,Financial Services
1152,FSBW,"FS Bancorp, Inc.",Banks - Regional,Financial Services
1153,FSLR,"First Solar, Inc.",Solar,Technology
1154,FSLY,"Fastly, Inc.",Software - Application,Technology
1155,FSP,Franklin Street Properties Corp,REIT - Office,Real Estate
1156,FSS,Federal Signal Corporation,Pollution & Treatment Controls,Industrials
1157,FSTR,L.B. Foster Company,Railroads,Industrials
1158,FSUN,FirstSun Capital Bancorp,Banks - Regional,Financial Services
1159,FSV,FirstService Corporation,Real Estate Services,Real Estate
1160,FTAI,FTAI Aviation Ltd.,Rental & Leasing Services,Industrials
1161,FTDR,"frontdoor, inc.",Personal Services,Consumer Cyclical
1162,FTI,TechnipFMC plc,Oil & Gas Equipment & Services,Energy
1163,FTNT,"Fortinet, Inc.",Software - Infrastructure,Technology
1164,FTRE,Fortrea Holdings Inc.,Biotechnology,Healthcare
1165,FTS,Fortis Inc.,Utilities - Regulated Electric,Utilities
1166,FTV,Fortive Corporation,Scientific & Technical Instruments,Technology
1167,FUBO,fuboTV Inc.,Broadcasting,Communication Services
1168,FUL,H. B. Fuller Company,Specialty Chemicals,Basic Materials
1169,FULC,"Fulcrum Therapeutics, Inc.",Biotechnology,Healthcare
1170,FULT,Fulton Financial Corporation,Banks - Regional,Financial Services
1171,FUN,Six Flags Entertainment Corpora,Leisure,Consumer Cyclical
1172,FUNC,First,Banks - Regional,Financial Services
1173,FUTU,Futu Holdings Limited,Capital Markets,Financial Services
1174,FVCB,"FVCBankcorp, Inc.",Banks - Regional,Financial Services
1175,FVR,"FrontView REIT, Inc.",REIT - Diversified,Real Estate
1176,FVRR,Fiverr International Ltd.,Internet Content & Information,Communication Services
1177,FWONA,Liberty Media Corporation - Ser,Entertainment,Communication Services
1178,FWONK,Liberty Media Corporation - Ser,Entertainment,Communication Services
1179,FWRD,Forward Air Corporation,Integrated Freight & Logistics,Industrials
1180,FWRG,"First Watch Restaurant Group, I",Restaurants,Consumer Cyclical
1181,FYBR,"Frontier Communications Parent,",Telecom Services,Communication Services
1182,G,Genpact Limited,Information Technology Services,Technology
1183,GABC,"German American Bancorp, Inc.",Banks - Regional,Financial Services
1184,GAMB,Gambling.com Group Limited,Gambling,Consumer Cyclical
1185,GAP,"Gap, Inc. (The)",Apparel Retail,Consumer Cyclical
1186,GATX,GATX Corporation,Rental & Leasing Services,Industrials
1187,GBCI,"Glacier Bancorp, Inc.",Banks - Regional,Financial Services
1188,GBTG,"Global Business Travel Group, I",Travel Services,Consumer Cyclical
1189,GBX,"Greenbrier Companies, Inc. (The",Railroads,Industrials
1190,GCBC,"Greene County Bancorp, Inc.",Banks - Regional,Financial Services
1191,GCI,"Gannett Co., Inc.",Publishing,Communication Services
1192,GCMG,GCM Grosvenor Inc.,Asset Management,Financial Services
1193,GCO,Genesco Inc.,Apparel Retail,Consumer Cyclical
1194,GCT,GigaCloud Technology Inc,Software - Infrastructure,Technology
1195,GD,General Dynamics Corporation,Aerospace & Defense,Industrials
1196,GDDY,GoDaddy Inc.,Software - Infrastructure,Technology
1197,GDEN,"Golden Entertainment, Inc.",Resorts & Casinos,Consumer Cyclical
1198,GDOT,Green Dot Corporation,Credit Services,Financial Services
1199,GDRX,"GoodRx Holdings, Inc.",Health Information Services,Healthcare
1200,GDYN,"Grid Dynamics Holdings, Inc.",Information Technology Services,Technology
1201,GE,GE Aerospace,Aerospace & Defense,Industrials
1202,GEF,Greif Inc.,Packaging & Containers,Consumer Cyclical
1203,GEF-B,"Greif, Inc. Corporation",Packaging & Containers,Consumer Cyclical
1204,GEHC,GE HealthCare Technologies Inc.,Health Information Services,Healthcare
1205,GEL,"Genesis Energy, L.P.",Oil & Gas Midstream,Energy
1206,GEN,Gen Digital Inc.,Software - Infrastructure,Technology
1207,GENC,"Gencor Industries, Inc.",Farm & Heavy Construction Machinery,Industrials
1208,GEO,Geo Group Inc (The) REIT,Security & Protection Services,Industrials
1209,GEOS,Geospace Technologies Corporati,Oil & Gas Equipment & Services,Energy
1210,GERN,Geron Corporation,Biotechnology,Healthcare
1211,GES,"Guess?, Inc.",Apparel Retail,Consumer Cyclical
1212,GETY,"Getty Images Holdings, Inc.",Internet Content & Information,Communication Services
1213,GEV,GE Vernova Inc.,Utilities - Renewable,Utilities
1214,GEVO,"Gevo, Inc.",Specialty Chemicals,Basic Materials
1215,GFF,Griffon Corporation,Conglomerates,Industrials
1216,GFL,GFL Environmental Inc. Subordin,Waste Management,Industrials
1217,GFS,GlobalFoundries Inc.,Semiconductors,Technology
1218,GGB,Gerdau S.A.,Steel,Basic Materials
1219,GGG,Graco Inc.,Specialty Industrial Machinery,Industrials
1220,GH,"Guardant Health, Inc.",Diagnostics & Research,Healthcare
1221,GHC,Graham Holdings Company,Education & Training Services,Consumer Defensive
1222,GHM,Graham Corporation,Specialty Industrial Machinery,Industrials
1223,GIC,Global Industrial Company,Industrial Distribution,Industrials
1224,GIII,"G-III Apparel Group, LTD.",Apparel Manufacturing,Consumer Cyclical
1225,GIL,"Gildan Activewear, Inc.",Apparel Manufacturing,Consumer Cyclical
1226,GILD,"Gilead Sciences, Inc.",Drug Manufacturers - General,Healthcare
1227,GIS,"General Mills, Inc.",Packaged Foods,Consumer Defensive
1228,GKOS,Glaukos Corporation,Medical Devices,Healthcare
1229,GL,Globe Life Inc.,Insurance - Life,Financial Services
1230,GLBE,Global-E Online Ltd.,Internet Retail,Consumer Cyclical
1231,GLDD,Great Lakes Dredge & Dock Corpo,Engineering & Construction,Industrials
1232,GLNG,Golar LNG Limited,Oil & Gas Midstream,Energy
1233,GLOB,Globant S.A.,Information Technology Services,Technology
1234,GLP,Global Partners LP,Oil & Gas Midstream,Energy
1235,GLPI,"Gaming and Leisure Properties, ",REIT - Specialty,Real Estate
1236,GLRE,"Greenlight Reinsurance, Ltd.",Insurance - Reinsurance,Financial Services
1237,GLSI,"Greenwich LifeSciences, Inc.",Biotechnology,Healthcare
1238,GLUE,"Monte Rosa Therapeutics, Inc.",Biotechnology,Healthcare
1239,GLW,Corning Incorporated,Electronic Components,Technology
1240,GM,General Motors Company,Auto Manufacturers,Consumer Cyclical
1241,GME,GameStop Corporation,Specialty Retail,Consumer Cyclical
1242,GMED,"Globus Medical, Inc.",Medical Devices,Healthcare
1243,GMRE,Global Medical REIT Inc.,REIT - Healthcare Facilities,Real Estate
1244,GMS,GMS Inc.,Building Products & Equipment,Industrials
1245,GNE,Genie Energy Ltd.,Utilities - Regulated Electric,Utilities
1246,GNK,Genco Shipping & Trading Limite,Marine Shipping,Industrials
1247,GNL,"Global Net Lease, Inc.",REIT - Diversified,Real Estate
1248,GNRC,Generac Holdlings Inc.,Specialty Industrial Machinery,Industrials
1249,GNTX,Gentex Corporation,Auto Parts,Consumer Cyclical
1250,GNTY,"Guaranty Bancshares, Inc.",Banks - Regional,Financial Services
1251,GNW,Genworth Financial Inc,Insurance - Life,Financial Services
1252,GO,Grocery Outlet Holding Corp.,Grocery Stores,Consumer Defensive
1253,GOCO,"GoHealth, Inc.",Insurance Brokers,Financial Services
1254,GOGL,Golden Ocean Group Limited,Marine Shipping,Industrials
1255,GOGO,Gogo Inc.,Telecom Services,Communication Services
1256,GOLF,Acushnet Holdings Corp.,Leisure,Consumer Cyclical
1257,GOOD,Gladstone Commercial Corporatio,REIT - Diversified,Real Estate
1258,GOOG,Alphabet Inc.,Internet Content & Information,Communication Services
1259,GOOGL,Alphabet Inc.,Internet Content & Information,Communication Services
1260,GOOS,Canada Goose Holdings Inc. Subo,Apparel Manufacturing,Consumer Cyclical
1261,GOSS,"Gossamer Bio, Inc.",Biotechnology,Healthcare
1262,GOTU,Gaotu Techedu Inc.,Education & Training Services,Consumer Defensive
1263,GPC,Genuine Parts Company,Auto Parts,Consumer Cyclical
1264,GPI,"Group 1 Automotive, Inc.",Auto & Truck Dealerships,Consumer Cyclical
1265,GPK,Graphic Packaging Holding Compa,Packaging & Containers,Consumer Cyclical
1266,GPMT,Granite Point Mortgage Trust In,REIT - Mortgage,Real Estate
1267,GPN,Global Payments Inc.,Specialty Business Services,Industrials
1268,GPOR,Gulfport Energy Corporation,Oil & Gas E&P,Energy
1269,GPRE,"Green Plains, Inc.",Chemicals,Basic Materials
1270,GPRO,"GoPro, Inc.",Consumer Electronics,Technology
1271,GRAB,Grab Holdings Limited,Software - Application,Technology
1272,GRAL,"GRAIL, Inc.",Diagnostics & Research,Healthcare
1273,GRBK,"Green Brick Partners, Inc.",Residential Construction,Consumer Cyclical
1274,GRC,Gorman-Rupp Company (The),Specialty Industrial Machinery,Industrials
1275,GRDN,"Guardian Pharmacy Services, Inc",Medical Care Facilities,Healthcare
1276,GRFS,"Grifols, S.A.",Drug Manufacturers - General,Healthcare
1277,GRMN,Garmin Ltd.,Scientific & Technical Instruments,Technology
1278,GRND,Grindr Inc.,Software - Application,Technology
1279,GRNT,"Granite Ridge Resources, Inc.",Oil & Gas E&P,Energy
1280,GRPN,"Groupon, Inc.",Internet Content & Information,Communication Services
1281,GRWG,GrowGeneration Corp.,Specialty Retail,Consumer Cyclical
1282,GS,"Goldman Sachs Group, Inc. (The)",Capital Markets,Financial Services
1283,GSAT,"Globalstar, Inc.",Telecom Services,Communication Services
1284,GSBC,"Great Southern Bancorp, Inc.",Banks - Regional,Financial Services
1285,GSHD,"Goosehead Insurance, Inc.",Insurance Brokers,Financial Services
1286,GSL,Global Ship Lease Inc New,Marine Shipping,Industrials
1287,GT,The Goodyear Tire & Rubber Comp,Auto Parts,Consumer Cyclical
1288,GTE,Gran Tierra Energy Inc.,Oil & Gas E&P,Energy
1289,GTES,Gates Industrial Corporation pl,Specialty Industrial Machinery,Industrials
1290,GTLB,GitLab Inc.,Software - Infrastructure,Technology
1291,GTLS,"Chart Industries, Inc.",Specialty Industrial Machinery,Industrials
1292,GTN,"Gray Media, Inc.",Broadcasting,Communication Services
1293,GTX,Garrett Motion Inc.,Auto Parts,Consumer Cyclical
1294,GTY,Getty Realty Corporation,REIT - Retail,Real Estate
1295,GVA,Granite Construction Incorporat,Engineering & Construction,Industrials
1296,GWRE,"Guidewire Software, Inc.",Software - Application,Technology
1297,GWRS,"Global Water Resources, Inc.",Utilities - Regulated Water,Utilities
1298,GWW,"W.W. Grainger, Inc.",Industrial Distribution,Industrials
1299,GXO,"GXO Logistics, Inc.",Integrated Freight & Logistics,Industrials
1300,GYRE,"Gyre Therapeutics, Inc.",Biotechnology,Healthcare
1301,H,Hyatt Hotels Corporation,Lodging,Consumer Cyclical
1302,HAE,Haemonetics Corporation,Medical Devices,Healthcare
1303,HAFC,Hanmi Financial Corporation,Banks - Regional,Financial Services
1304,HAIN,"The Hain Celestial Group, Inc.",Packaged Foods,Consumer Defensive
1305,HAL,Halliburton Company,Oil & Gas Equipment & Services,Energy
1306,HALO,"Halozyme Therapeutics, Inc.",Biotechnology,Healthcare
1307,HAS,"Hasbro, Inc.",Leisure,Consumer Cyclical
1308,HASI,HA Sustainable Infrastructure C,Asset Management,Financial Services
1309,HAYW,"Hayward Holdings, Inc.",Electrical Equipment & Parts,Industrials
1310,HBAN,Huntington Bancshares Incorpora,Banks - Regional,Financial Services
1311,HBB,Hamilton Beach Brands Holding C,"Furnishings, Fixtures & Appliances",Consumer Cyclical
1312,HBCP,"Home Bancorp, Inc.",Banks - Regional,Financial Services
1313,HBI,Hanesbrands Inc.,Apparel Manufacturing,Consumer Cyclical
1314,HBM,Hudbay Minerals Inc.,Copper,Basic Materials
1315,HBNC,"Horizon Bancorp, Inc.",Banks - Regional,Financial Services
1316,HBT,"HBT Financial, Inc.",Banks - Regional,Financial Services
1317,HCA,"HCA Healthcare, Inc.",Medical Care Facilities,Healthcare
1318,HCAT,"Health Catalyst, Inc",Health Information Services,Healthcare
1319,HCC,"Warrior Met Coal, Inc.",Coking Coal,Basic Materials
1320,HCI,"HCI Group, Inc.",Insurance - Property & Casualty,Financial Services
1321,HCKT,"The Hackett Group, Inc.",Information Technology Services,Technology
1322,HCSG,"Healthcare Services Group, Inc.",Medical Care Facilities,Healthcare
1323,HD,"Home Depot, Inc. (The)",Home Improvement Retail,Consumer Cyclical
1324,HDSN,"Hudson Technologies, Inc.",Specialty Chemicals,Basic Materials
1325,HE,"Hawaiian Electric Industries, I",Utilities - Regulated Electric,Utilities
1326,HEES,"H&E Equipment Services, Inc.",Rental & Leasing Services,Industrials
1327,HEI,Heico Corporation,Aerospace & Defense,Industrials
1328,HEI-A,Heico Corporation,Aerospace & Defense,Industrials
1329,HELE,Helen of Troy Limited,Household & Personal Products,Consumer Defensive
1330,HEPS,D-Market Electronic Services & ,Internet Retail,Consumer Cyclical
1331,HES,Hess Corporation,Oil & Gas E&P,Energy
1332,HESM,Hess Midstream LP,Oil & Gas Midstream,Energy
1333,HFFG,HF Foods Group Inc.,Food Distribution,Consumer Defensive
1334,HFWA,Heritage Financial Corporation,Banks - Regional,Financial Services
1335,HG,"Hamilton Insurance Group, Ltd.",Insurance - Reinsurance,Financial Services
1336,HGTY,"Hagerty, Inc.",Insurance - Property & Casualty,Financial Services
1337,HGV,Hilton Grand Vacations Inc.,Resorts & Casinos,Consumer Cyclical
1338,HHH,Howard Hughes Holdings Inc.,Real Estate - Diversified,Real Estate
1339,HI,Hillenbrand Inc,Specialty Industrial Machinery,Industrials
1340,HIFS,Hingham Institution for Savings,Banks - Regional,Financial Services
1341,HIG,"The Hartford Insurance Group, I",Insurance - Property & Casualty,Financial Services
1342,HII,"Huntington Ingalls Industries, ",Aerospace & Defense,Industrials
1343,HIMS,"Hims & Hers Health, Inc.",Household & Personal Products,Consumer Defensive
1344,HIMX,"Himax Technologies, Inc.",Semiconductors,Technology
1345,HIPO,Hippo Holdings Inc.,Insurance - Property & Casualty,Financial Services
1346,HIW,"Highwoods Properties, Inc.",REIT - Office,Real Estate
1347,HL,Hecla Mining Company,Other Precious Metals & Mining,Basic Materials
1348,HLF,Herbalife Ltd.,Packaged Foods,Consumer Defensive
1349,HLI,"Houlihan Lokey, Inc.",Capital Markets,Financial Services
1350,HLIO,"Helios Technologies, Inc.",Specialty Industrial Machinery,Industrials
1351,HLIT,Harmonic Inc.,Communication Equipment,Technology
1352,HLLY,Holley Inc.,Auto Parts,Consumer Cyclical
1353,HLMN,Hillman Solutions Corp.,Tools & Accessories,Industrials
1354,HLNE,Hamilton Lane Incorporated,Asset Management,Financial Services
1355,HLT,Hilton Worldwide Holdings Inc.,Lodging,Consumer Cyclical
1356,HLX,"Helix Energy Solutions Group, I",Oil & Gas Equipment & Services,Energy
1357,HMN,Horace Mann Educators Corporati,Insurance - Property & Casualty,Financial Services
1358,HMST,"HomeStreet, Inc.",Banks - Regional,Financial Services
1359,HNGZY,HANGZHOU TIGERMED CONSULTING CO,Diagnostics & Research,Healthcare
1360,HNI,HNI Corporation,"Furnishings, Fixtures & Appliances",Consumer Cyclical
1361,HNRG,Hallador Energy Company,Thermal Coal,Energy
1362,HNST,"The Honest Company, Inc.",Household & Personal Products,Consumer Defensive
1363,HOFT,Hooker Furnishings Corporation,"Furnishings, Fixtures & Appliances",Consumer Cyclical
1364,HOG,"Harley-Davidson, Inc.",Recreational Vehicles,Consumer Cyclical
1365,HOLX,"Hologic, Inc.",Medical Instruments & Supplies,Healthcare
1366,HOMB,"Home BancShares, Inc.",Banks - Regional,Financial Services
1367,HON,Honeywell International Inc.,Conglomerates,Industrials
1368,HONE,"HarborOne Bancorp, Inc.",Banks - Regional,Financial Services
1369,HOOD,"Robinhood Markets, Inc.",Capital Markets,Financial Services
1370,HOPE,"Hope Bancorp, Inc.",Banks - Regional,Financial Services
1371,HOUS,Anywhere Real Estate Inc.,Real Estate Services,Real Estate
1372,HOV,"Hovnanian Enterprises, Inc.",Residential Construction,Consumer Cyclical
1373,HP,"Helmerich & Payne, Inc.",Oil & Gas Drilling,Energy
1374,HPE,Hewlett Packard Enterprise Comp,Communication Equipment,Technology
1375,HPK,"HighPeak Energy, Inc.",Oil & Gas E&P,Energy
1376,HPP,"Hudson Pacific Properties, Inc.",REIT - Office,Real Estate
1377,HPQ,HP Inc.,Computer Hardware,Technology
1378,HQI,"HireQuest, Inc.",Staffing & Employment Services,Industrials
1379,HQY,"HealthEquity, Inc.",Health Information Services,Healthcare
1380,HR,Healthcare Realty Trust Incorpo,REIT - Healthcare Facilities,Real Estate
1381,HRB,"H&R Block, Inc.",Personal Services,Consumer Cyclical
1382,HRI,Herc Holdings Inc.,Rental & Leasing Services,Industrials
1383,HRL,Hormel Foods Corporation,Packaged Foods,Consumer Defensive
1384,HRMY,"Harmony Biosciences Holdings, I",Biotechnology,Healthcare
1385,HROW,"Harrow, Inc.",Drug Manufacturers - Specialty & Generic,Healthcare
1386,HRTG,"Heritage Insurance Holdings, In",Insurance - Property & Casualty,Financial Services
1387,HRTX,"Heron Therapeutics, Inc.",Biotechnology,Healthcare
1388,HSAI,Hesai Group,Auto Parts,Consumer Cyclical
1389,HSIC,"Henry Schein, Inc.",Medical Distribution,Healthcare
1390,HSII,Heidrick & Struggles Internatio,Staffing & Employment Services,Industrials
1391,HST,"Host Hotels & Resorts, Inc.",REIT - Hotel & Motel,Real Estate
1392,HSTM,"HealthStream, Inc.",Health Information Services,Healthcare
1393,HSY,The Hershey Company,Confectioners,Consumer Defensive
1394,HTB,"HomeTrust Bancshares, Inc.",Banks - Regional,Financial Services
1395,HTBK,Heritage Commerce Corp,Banks - Regional,Financial Services
1396,HTH,Hilltop Holdings Inc.,Financial Conglomerates,Financial Services
1397,HTHT,H World Group Limited,Lodging,Consumer Cyclical
1398,HTLD,"Heartland Express, Inc.",Trucking,Industrials
1399,HTZ,"Hertz Global Holdings, Inc",Rental & Leasing Services,Industrials
1400,HUBB,Hubbell Inc,Electrical Equipment & Parts,Industrials
1401,HUBG,"Hub Group, Inc.",Integrated Freight & Logistics,Industrials
1402,HUBS,"HubSpot, Inc.",Software - Application,Technology
1403,HUM,Humana Inc.,Healthcare Plans,Healthcare
1404,HUMA,"Humacyte, Inc.",Biotechnology,Healthcare
1405,HUN,Huntsman Corporation,Chemicals,Basic Materials
1406,HURN,Huron Consulting Group Inc.,Consulting Services,Industrials
1407,HUT,Hut 8 Corp.,Capital Markets,Financial Services
1408,HVT,"Haverty Furniture Companies, In",Home Improvement Retail,Consumer Cyclical
1409,HWC,Hancock Whitney Corporation,Banks - Regional,Financial Services
1410,HWKN,"Hawkins, Inc.",Specialty Chemicals,Basic Materials
1411,HWM,Howmet Aerospace Inc.,Aerospace & Defense,Industrials
1412,HXGBY,Hexagon AB,Scientific & Technical Instruments,Technology
1413,HXL,Hexcel Corporation,Aerospace & Defense,Industrials
1414,HY,"Hyster-Yale, Inc.",Farm & Heavy Construction Machinery,Industrials
1415,HYLN,Hyliion Holdings Corp.,Auto Parts,Consumer Cyclical
1416,HZO,"MarineMax, Inc.  (FL)",Specialty Retail,Consumer Cyclical
1417,IAC,IAC Inc.,Internet Content & Information,Communication Services
1418,IART,Integra LifeSciences Holdings C,Medical Devices,Healthcare
1419,IAS,Integral Ad Science Holding Cor,Advertising Agencies,Communication Services
1420,IAUX,i-80 Gold Corp.,Gold,Basic Materials
1421,IBCP,Independent Bank Corporation,Banks - Regional,Financial Services
1422,IBEX,IBEX Limited,Information Technology Services,Technology
1423,IBKR,"Interactive Brokers Group, Inc.",Capital Markets,Financial Services
1424,IBM,International Business Machines,Information Technology Services,Technology
1425,IBN,ICICI Bank Limited,Banks - Regional,Financial Services
1426,IBOC,International Bancshares Corpor,Banks - Regional,Financial Services
1427,IBP,"Installed Building Products, In",Residential Construction,Consumer Cyclical
1428,IBRX,"ImmunityBio, Inc.",Biotechnology,Healthcare
1429,IBTA,"Ibotta, Inc.",Software - Application,Technology
1430,ICE,Intercontinental Exchange Inc.,Financial Data & Stock Exchanges,Financial Services
1431,ICFI,"ICF International, Inc.",Consulting Services,Industrials
1432,ICHR,Ichor Holdings,Semiconductor Equipment & Materials,Technology
1433,ICLR,ICON plc,Diagnostics & Research,Healthcare
1434,ICUI,"ICU Medical, Inc.",Medical Instruments & Supplies,Healthcare
1435,IDA,"IDACORP, Inc.",Utilities - Regulated Electric,Utilities
1436,IDCC,"InterDigital, Inc.",Software - Application,Technology
1437,IDT,IDT Corporation,Telecom Services,Communication Services
1438,IDXX,"IDEXX Laboratories, Inc.",Diagnostics & Research,Healthcare
1439,IDYA,"IDEAYA Biosciences, Inc.",Biotechnology,Healthcare
1440,IE,Ivanhoe Electric Inc.,Copper,Basic Materials
1441,IESC,"IES Holdings, Inc.",Engineering & Construction,Industrials
1442,IEX,IDEX Corporation,Specialty Industrial Machinery,Industrials
1443,IFF,International Flavors & Fragran,Specialty Chemicals,Basic Materials
1444,IGT,International Game Technology,Gambling,Consumer Cyclical
1445,IHRT,"iHeartMedia, Inc.",Broadcasting,Communication Services
1446,III,"Information Services Group, Inc",Information Technology Services,Technology
1447,IIIN,"Insteel Industries, Inc.",Metal Fabrication,Industrials
1448,IIIV,"i3 Verticals, Inc.",Software - Infrastructure,Technology
1449,IIPR,Innovative Industrial Propertie,REIT - Industrial,Real Estate
1450,ILMN,"Illumina, Inc.",Diagnostics & Research,Healthcare
1451,ILPT,Industrial Logistics Properties,REIT - Industrial,Real Estate
1452,IMAX,Imax Corporation,Entertainment,Communication Services
1453,IMCR,Immunocore Holdings plc,Biotechnology,Healthcare
1454,IMKTA,"Ingles Markets, Incorporated",Grocery Stores,Consumer Defensive
1455,IMMR,Immersion Corporation,Software - Application,Technology
1456,IMNM,"Immunome, Inc.",Biotechnology,Healthcare
1457,IMO,Imperial Oil Limited,Oil & Gas Integrated,Energy
1458,IMVT,"Immunovant, Inc.",Biotechnology,Healthcare
1459,IMXI,"International Money Express, In",Software - Infrastructure,Technology
1460,INBK,First Internet Bancorp,Banks - Regional,Financial Services
1461,INBX,"Inhibrx Biosciences, Inc.",Biotechnology,Healthcare
1462,INCY,Incyte Corporation,Biotechnology,Healthcare
1463,INDB,Independent Bank Corp.,Banks - Regional,Financial Services
1464,INDI,"indie Semiconductor, Inc.",Semiconductor Equipment & Materials,Technology
1465,INFA,Informatica Inc.,Software - Infrastructure,Technology
1466,INFU,"InfuSystems Holdings, Inc.",Medical Instruments & Supplies,Healthcare
1467,INFY,Infosys Limited,Information Technology Services,Technology
1468,INGM,Ingram Micro Holding Corporatio,Information Technology Services,Technology
1469,INGN,"Inogen, Inc",Medical Devices,Healthcare
1470,INGR,Ingredion Incorporated,Packaged Foods,Consumer Defensive
1471,INMB,INmune Bio Inc.,Biotechnology,Healthcare
1472,INMD,InMode Ltd.,Medical Devices,Healthcare
1473,INN,"Summit Hotel Properties, Inc.",REIT - Hotel & Motel,Real Estate
1474,INO,"Inovio Pharmaceuticals, Inc.",Biotechnology,Healthcare
1475,INOD,Innodata Inc.,Information Technology Services,Technology
1476,INR,"Infinity Natural Resources, Inc",Oil & Gas E&P,Energy
1477,INSE,"Inspired Entertainment, Inc.",Gambling,Consumer Cyclical
1478,INSM,Insmed Incorporated,Biotechnology,Healthcare
1479,INSP,"Inspire Medical Systems, Inc.",Medical Devices,Healthcare
1480,INSW,"International Seaways, Inc.",Oil & Gas Midstream,Energy
1481,INTA,"Intapp, Inc.",Software - Application,Technology
1482,INTC,Intel Corporation,Semiconductors,Technology
1483,INTR,Inter & Co. Inc.,Banks - Regional,Financial Services
1484,INTU,Intuit Inc.,Software - Application,Technology
1485,INV,"Innventure, Inc.",Asset Management,Financial Services
1486,INVA,"Innoviva, Inc.",Biotechnology,Healthcare
1487,INVH,Invitation Homes Inc.,REIT - Residential,Real Estate
1488,INVX,"Innovex International, Inc.",Oil & Gas Equipment & Services,Energy
1489,INZY,"Inozyme Pharma, Inc.",Biotechnology,Healthcare
1490,IONQ,"IonQ, Inc.",Computer Hardware,Technology
1491,IONS,"Ionis Pharmaceuticals, Inc.",Biotechnology,Healthcare
1492,IOSP,Innospec Inc.,Specialty Chemicals,Basic Materials
1493,IOT,Samsara Inc.,Software - Infrastructure,Technology
1494,IOVA,"Iovance Biotherapeutics, Inc.",Biotechnology,Healthcare
1495,IP,International Paper Company,Packaging & Containers,Consumer Cyclical
1496,IPAR,"Interparfums, Inc.",Household & Personal Products,Consumer Defensive
1497,IPG,"Interpublic Group of Companies,",Advertising Agencies,Communication Services
1498,IPGP,IPG Photonics Corporation,Semiconductor Equipment & Materials,Technology
1499,IPI,"Intrepid Potash, Inc",Agricultural Inputs,Basic Materials
1500,IQ,"iQIYI, Inc.",Entertainment,Communication Services
1501,IQV,"IQVIA Holdings, Inc.",Diagnostics & Research,Healthcare
1502,IR,Ingersoll Rand Inc.,Specialty Industrial Machinery,Industrials
1503,IRBT,iRobot Corporation,"Furnishings, Fixtures & Appliances",Consumer Cyclical
1504,IRDM,Iridium Communications Inc,Telecom Services,Communication Services
1505,IRM,Iron Mountain Incorporated (Del,REIT - Specialty,Real Estate
1506,IRMD,iRadimed Corporation,Medical Devices,Healthcare
1507,IRON,"Disc Medicine, Inc.",Biotechnology,Healthcare
1508,IRT,"Independence Realty Trust, Inc.",REIT - Residential,Real Estate
1509,IRTC,"iRhythm Technologies, Inc.",Medical Devices,Healthcare
1510,IRWD,"Ironwood Pharmaceuticals, Inc.",Drug Manufacturers - Specialty & Generic,Healthcare
1511,ISPR,Ispire Technology Inc.,Tobacco,Consumer Defensive
1512,ISRG,"Intuitive Surgical, Inc.",Medical Instruments & Supplies,Healthcare
1513,ISTR,Investar Holding Corporation,Banks - Regional,Financial Services
1514,IT,"Gartner, Inc.",Information Technology Services,Technology
1515,ITCI,Intra-Cellular Therapies Inc.,Drug Manufacturers - Specialty & Generic,Healthcare
1516,ITGR,Integer Holdings Corporation,Medical Devices,Healthcare
1517,ITIC,Investors Title Company,Insurance - Specialty,Financial Services
1518,ITOS,"iTeos Therapeutics, Inc.",Biotechnology,Healthcare
1519,ITRI,"Itron, Inc.",Scientific & Technical Instruments,Technology
1520,ITRN,Ituran Location and Control Ltd,Scientific & Technical Instruments,Technology
1521,ITT,ITT Inc.,Specialty Industrial Machinery,Industrials
1522,ITUB,Itau Unibanco Banco Holding SA,Banks - Regional,Financial Services
1523,ITW,Illinois Tool Works Inc.,Specialty Industrial Machinery,Industrials
1524,IVR,INVESCO MORTGAGE CAPITAL INC,REIT - Mortgage,Real Estate
1525,IVT,InvenTrust Properties Corp.,REIT - Retail,Real Estate
1526,IVVD,"Invivyd, Inc.",Biotechnology,Healthcare
1527,IVZ,Invesco Ltd,Asset Management,Financial Services
1528,J,Jacobs Solutions Inc.,Engineering & Construction,Industrials
1529,JACK,Jack In The Box Inc.,Restaurants,Consumer Cyclical
1530,JAKK,"JAKKS Pacific, Inc.",Leisure,Consumer Cyclical
1531,JAMF,Jamf Holding Corp.,Software - Application,Technology
1532,JANX,"Janux Therapeutics, Inc.",Biotechnology,Healthcare
1533,JAZZ,Jazz Pharmaceuticals plc,Biotechnology,Healthcare
1534,JBGS,JBG SMITH Properties,REIT - Office,Real Estate
1535,JBHT,"J.B. Hunt Transport Services, I",Integrated Freight & Logistics,Industrials
1536,JBI,"Janus International Group, Inc.",Building Products & Equipment,Industrials
1537,JBL,Jabil Inc.,Electronic Components,Technology
1538,JBLU,JetBlue Airways Corporation,Airlines,Industrials
1539,JBSS,"John B. Sanfilippo & Son, Inc.",Packaged Foods,Consumer Defensive
1540,JBT,John Bean Technologies Corporat,Specialty Industrial Machinery,Industrials
1541,JBTM,JBT Marel Corporation,Specialty Industrial Machinery,Industrials
1542,JCI,Johnson Controls International ,Building Products & Equipment,Industrials
1543,JEF,Jefferies Financial Group Inc.,Capital Markets,Financial Services
1544,JELD,"JELD-WEN Holding, Inc.",Building Products & Equipment,Industrials
1545,JHG,Janus Henderson Group plc,Asset Management,Financial Services
1546,JILL,"J. Jill, Inc.",Apparel Retail,Consumer Cyclical
1547,JJSF,J & J Snack Foods Corp.,Packaged Foods,Consumer Defensive
1548,JKHY,"Jack Henry & Associates, Inc.",Information Technology Services,Technology
1549,JKS,JinkoSolar Holding Company Limi,Solar,Technology
1550,JLL,Jones Lang LaSalle Incorporated,Real Estate Services,Real Estate
1551,JMSB,"John Marshall Bancorp, Inc.",Banks - Regional,Financial Services
1552,JNJ,Johnson & Johnson,Drug Manufacturers - General,Healthcare
1553,JNPR,"Juniper Networks, Inc.",Communication Equipment,Technology
1554,JOBY,"Joby Aviation, Inc.",Airports & Air Services,Industrials
1555,JOE,St. Joe Company (The),Real Estate - Diversified,Real Estate
1556,JOUT,Johnson Outdoors Inc.,Leisure,Consumer Cyclical
1557,JOYY,JOYY Inc.,Internet Content & Information,Communication Services
1558,JPM,JP Morgan Chase & Co.,Banks - Diversified,Financial Services
1559,JRVR,"James River Group Holdings, Ltd",Insurance - Specialty,Financial Services
1560,JWN,"Nordstrom, Inc.",Department Stores,Consumer Cyclical
1561,JXN,Jackson Financial Inc.,Insurance - Life,Financial Services
1562,JYNT,The Joint Corp.,Medical Care Facilities,Healthcare
1563,K,Kellanova,Packaged Foods,Consumer Defensive
1564,KAI,Kadant Inc,Specialty Industrial Machinery,Industrials
1565,KALU,Kaiser Aluminum Corporation,Aluminum,Basic Materials
1566,KALV,"KalVista Pharmaceuticals, Inc.",Biotechnology,Healthcare
1567,KAR,"OPENLANE, Inc.",Auto & Truck Dealerships,Consumer Cyclical
1568,KB,KB Financial Group Inc,Banks - Regional,Financial Services
1569,KBH,KB Home,Residential Construction,Consumer Cyclical
1570,KBR,"KBR, Inc.",Engineering & Construction,Industrials
1571,KD,"Kyndryl Holdings, Inc.",Information Technology Services,Technology
1572,KDP,Keurig Dr Pepper Inc.,Beverages - Non-Alcoholic,Consumer Defensive
1573,KE,"Kimball Electronics, Inc.",Electrical Equipment & Parts,Industrials
1574,KELYA,"Kelly Services, Inc.",Staffing & Employment Services,Industrials
1575,KEN,Kenon Holdings Ltd.,Utilities - Independent Power Producers,Utilities
1576,KEP,Korea Electric Power Corporatio,Utilities - Regulated Electric,Utilities
1577,KEQU,Kewaunee Scientific Corporation,"Furnishings, Fixtures & Appliances",Consumer Cyclical
1578,KEX,Kirby Corporation,Marine Shipping,Industrials
1579,KEY,KeyCorp,Banks - Regional,Financial Services
1580,KEYS,Keysight Technologies Inc.,Scientific & Technical Instruments,Technology
1581,KFRC,"Kforce, Inc.",Staffing & Employment Services,Industrials
1582,KFS,"Kingsway Financial Services, In",Auto & Truck Dealerships,Consumer Cyclical
1583,KFY,Korn Ferry,Staffing & Employment Services,Industrials
1584,KGS,"Kodiak Gas Services, Inc.",Oil & Gas Equipment & Services,Energy
1585,KHC,The Kraft Heinz Company,Packaged Foods,Consumer Defensive
1586,KIDS,OrthoPediatrics Corp.,Medical Devices,Healthcare
1587,KIM,Kimco Realty Corporation (HC),REIT - Retail,Real Estate
1588,KIND,"Nextdoor Holdings, Inc.",Internet Content & Information,Communication Services
1589,KINS,"Kingstone Companies, Inc",Insurance - Property & Casualty,Financial Services
1590,KKR,KKR & Co. Inc.,Asset Management,Financial Services
1591,KLAC,KLA Corporation,Semiconductor Equipment & Materials,Technology
1592,KLC,"KinderCare Learning Companies, ",Education & Training Services,Consumer Defensive
1593,KLG,WK Kellogg Co,Packaged Foods,Consumer Defensive
1594,KLIC,"Kulicke and Soffa Industries, I",Semiconductor Equipment & Materials,Technology
1595,KLTR,"Kaltura, Inc.",Software - Application,Technology
1596,KLXE,"KLX Energy Services Holdings, I",Oil & Gas Equipment & Services,Energy
1597,KMB,Kimberly-Clark Corporation,Household & Personal Products,Consumer Defensive
1598,KMI,"Kinder Morgan, Inc.",Oil & Gas Midstream,Energy
1599,KMPR,Kemper Corporation,Insurance - Property & Casualty,Financial Services
1600,KMT,Kennametal Inc.,Tools & Accessories,Industrials
1601,KMX,CarMax Inc,Auto & Truck Dealerships,Consumer Cyclical
1602,KN,Knowles Corporation,Electronic Components,Technology
1603,KNF,Knife Riv Holding Co.,Building Materials,Basic Materials
1604,KNRRY,Knorr-Bremse,Auto Parts,Consumer Cyclical
1605,KNSA,"Kiniksa Pharmaceuticals, Ltd.",Drug Manufacturers - Specialty & Generic,Healthcare
1606,KNSL,"Kinsale Capital Group, Inc.",Insurance - Property & Casualty,Financial Services
1607,KNTK,Kinetik Holdings Inc.,Oil & Gas Midstream,Energy
1608,KNX,Knight-Swift Transportation Hol,Trucking,Industrials
1609,KO,Coca-Cola Company (The),Beverages - Non-Alcoholic,Consumer Defensive
1610,KOD,Kodiak Sciences Inc,Biotechnology,Healthcare
1611,KODK,Eastman Kodak Company,Specialty Business Services,Industrials
1612,KOP,Koppers Holdings Inc.,Specialty Chemicals,Basic Materials
1613,KOS,Kosmos Energy Ltd.,Oil & Gas E&P,Energy
1614,KR,Kroger Company (The),Grocery Stores,Consumer Defensive
1615,KRC,Kilroy Realty Corporation,REIT - Office,Real Estate
1616,KREF,KKR Real Estate Finance Trust I,REIT - Mortgage,Real Estate
1617,KRG,Kite Realty Group Trust,REIT - Retail,Real Estate
1618,KRMN,Karman Holdings Inc.,Aerospace & Defense,Industrials
1619,KRNT,Kornit Digital Ltd.,Specialty Industrial Machinery,Industrials
1620,KRNY,Kearny Financial,Banks - Regional,Financial Services
1621,KRO,Kronos Worldwide Inc,Specialty Chemicals,Basic Materials
1622,KROS,"Keros Therapeutics, Inc.",Biotechnology,Healthcare
1623,KRP,Kimbell Royalty Partners,Oil & Gas E&P,Energy
1624,KRRO,"Korro Bio, Inc.",Biotechnology,Healthcare
1625,KRT,Karat Packaging Inc.,Packaging & Containers,Consumer Cyclical
1626,KRUS,"Kura Sushi USA, Inc.",Restaurants,Consumer Cyclical
1627,KRYS,"Krystal Biotech, Inc.",Biotechnology,Healthcare
1628,KSS,Kohl's Corporation,Department Stores,Consumer Cyclical
1629,KTB,"Kontoor Brands, Inc.",Apparel Manufacturing,Consumer Cyclical
1630,KTOS,Kratos Defense & Security Solut,Aerospace & Defense,Industrials
1631,KURA,"Kura Oncology, Inc.",Biotechnology,Healthcare
1632,KVUE,Kenvue Inc.,Household & Personal Products,Consumer Defensive
1633,KVYO,"Klaviyo, Inc. Series A",Software - Infrastructure,Technology
1634,KW,Kennedy-Wilson Holdings Inc.,Real Estate Services,Real Estate
1635,KWR,Quaker Houghton,Specialty Chemicals,Basic Materials
1636,KYMR,"Kymera Therapeutics, Inc.",Biotechnology,Healthcare
1637,L,Loews Corporation,Insurance - Property & Casualty,Financial Services
1638,LAB,Standard BioTools Inc.,Medical Devices,Healthcare
1639,LAD,"Lithia Motors, Inc.",Auto & Truck Dealerships,Consumer Cyclical
1640,LADR,Ladder Capital Corp,REIT - Mortgage,Real Estate
1641,LAMR,Lamar Advertising Company,REIT - Specialty,Real Estate
1642,LANC,Lancaster Colony Corporation,Packaged Foods,Consumer Defensive
1643,LAND,Gladstone Land Corporation,REIT - Specialty,Real Estate
1644,LASR,"nLIGHT, Inc.",Semiconductors,Technology
1645,LAUR,"Laureate Education, Inc.",Education & Training Services,Consumer Defensive
1646,LAW,"CS Disco, Inc.",Software - Application,Technology
1647,LAZ,"Lazard, Inc.",Capital Markets,Financial Services
1648,LAZR,"Luminar Technologies, Inc.",Auto Parts,Consumer Cyclical
1649,LB,LandBridge Company LLC,Oil & Gas Equipment & Services,Energy
1650,LBRDK,Liberty Broadband Corporation,Telecom Services,Communication Services
1651,LBRT,Liberty Energy Inc.,Oil & Gas Equipment & Services,Energy
1652,LBTYA,Liberty Global Ltd.,Telecom Services,Communication Services
1653,LBTYK,Liberty Global Ltd.,Telecom Services,Communication Services
1654,LC,LendingClub Corporation,Banks - Regional,Financial Services
1655,LCID,"Lucid Group, Inc.",Auto Manufacturers,Consumer Cyclical
1656,LCII,LCI Industries,Recreational Vehicles,Consumer Cyclical
1657,LCNB,LCNB Corporation,Banks - Regional,Financial Services
1658,LCTX,"Lineage Cell Therapeutics, Inc.",Biotechnology,Healthcare
1659,LCUT,"Lifetime Brands, Inc.","Furnishings, Fixtures & Appliances",Consumer Cyclical
1660,LDOS,"Leidos Holdings, Inc.",Information Technology Services,Technology
1661,LE,"Lands' End, Inc.",Apparel Retail,Consumer Cyclical
1662,LEA,Lear Corporation,Auto Parts,Consumer Cyclical
1663,LECO,"Lincoln Electric Holdings, Inc.",Tools & Accessories,Industrials
1664,LEG,"Leggett & Platt, Incorporated","Furnishings, Fixtures & Appliances",Consumer Cyclical
1665,LEGH,Legacy Housing Corporation,Residential Construction,Consumer Cyclical
1666,LEGN,Legend Biotech Corporation,Biotechnology,Healthcare
1667,LEN,Lennar Corporation,Residential Construction,Consumer Cyclical
1668,LEN-B,Lennar Corporation,Residential Construction,Consumer Cyclical
1669,LENZ,"LENZ Therapeutics, Inc.",Biotechnology,Healthcare
1670,LESL,"Leslie's, Inc.",Specialty Retail,Consumer Cyclical
1671,LEU,Centrus Energy Corp.,Uranium,Energy
1672,LEVI,Levi Strauss & Co,Apparel Manufacturing,Consumer Cyclical
1673,LFCR,"Lifecore Biomedical, Inc.",Drug Manufacturers - Specialty & Generic,Healthcare
1674,LFMD,"LifeMD, Inc.",Health Information Services,Healthcare
1675,LFST,"LifeStance Health Group, Inc.",Medical Care Facilities,Healthcare
1676,LFUS,"Littelfuse, Inc.",Electronic Components,Technology
1677,LFVN,Lifevantage Corporation,Packaged Foods,Consumer Defensive
1678,LGF-A,Lions Gate Entertainment Corpor,Entertainment,Communication Services
1679,LGF-B,Lions Gate Entertainment Corpor,Entertainment,Communication Services
1680,LGIH,"LGI Homes, Inc.",Residential Construction,Consumer Cyclical
1681,LGND,Ligand Pharmaceuticals Incorpor,Biotechnology,Healthcare
1682,LGTY,Logility Supply Chain Solutions,Software - Application,Technology
1683,LH,Labcorp Holdings Inc.,Diagnostics & Research,Healthcare
1684,LHX,"L3Harris Technologies, Inc.",Aerospace & Defense,Industrials
1685,LIF,"Life360, Inc.",Software - Application,Technology
1686,LII,"Lennox International, Inc.",Building Products & Equipment,Industrials
1687,LILA,Liberty Latin America Ltd.,Telecom Services,Communication Services
1688,LILAK,Liberty Latin America Ltd.,Telecom Services,Communication Services
1689,LIN,Linde plc,Specialty Chemicals,Basic Materials
1690,LINC,Lincoln Educational Services Co,Education & Training Services,Consumer Defensive
1691,LIND,Lindblad Expeditions Holdings I,Travel Services,Consumer Cyclical
1692,LINE,"Lineage, Inc.",REIT - Industrial,Real Estate
1693,LITE,Lumentum Holdings Inc.,Communication Equipment,Technology
1694,LIVN,LivaNova PLC,Medical Devices,Healthcare
1695,LKFN,Lakeland Financial Corporation,Banks - Regional,Financial Services
1696,LKQ,LKQ Corporation,Auto Parts,Consumer Cyclical
1697,LLY,Eli Lilly and Company,Drug Manufacturers - General,Healthcare
1698,LLYVA,Liberty Media Corporation - Ser,Entertainment,Communication Services
1699,LLYVK,Liberty Media Corporation - Ser,Entertainment,Communication Services
1700,LMAT,"LeMaitre Vascular, Inc.",Medical Instruments & Supplies,Healthcare
1701,LMB,"Limbach Holdings, Inc.",Building Products & Equipment,Industrials
1702,LMND,"Lemonade, Inc.",Insurance - Property & Casualty,Financial Services
1703,LMNR,Limoneira Co,Farm Products,Consumer Defensive
1704,LMT,Lockheed Martin Corporation,Aerospace & Defense,Industrials
1705,LNC,Lincoln National Corporation,Insurance - Life,Financial Services
1706,LNG,"Cheniere Energy, Inc.",Oil & Gas Midstream,Energy
1707,LNKB,"LINKBANCORP, Inc.",Banks - Regional,Financial Services
1708,LNN,Lindsay Corporation,Farm & Heavy Construction Machinery,Industrials
1709,LNT,Alliant Energy Corporation,Utilities - Regulated Electric,Utilities
1710,LNTH,"Lantheus Holdings, Inc.",Drug Manufacturers - Specialty & Generic,Healthcare
1711,LNW,"Light & Wonder, Inc.",Gambling,Consumer Cyclical
1712,LNZA,"LanzaTech Global, Inc.",Waste Management,Industrials
1713,LOAR,Loar Holdings Inc.,Aerospace & Defense,Industrials
1714,LOB,"Live Oak Bancshares, Inc.",Banks - Regional,Financial Services
1715,LOCO,"El Pollo Loco Holdings, Inc.",Restaurants,Consumer Cyclical
1716,LOPE,"Grand Canyon Education, Inc.",Education & Training Services,Consumer Defensive
1717,LOVE,The Lovesac Company,"Furnishings, Fixtures & Appliances",Consumer Cyclical
1718,LOW,"Lowe's Companies, Inc.",Home Improvement Retail,Consumer Cyclical
1719,LPG,Dorian LPG Ltd.,Oil & Gas Midstream,Energy
1720,LPL,"LG Display Co, Ltd AMERICAN DEP",Consumer Electronics,Technology
1721,LPLA,LPL Financial Holdings Inc.,Capital Markets,Financial Services
1722,LPRO,Open Lending Corporation,Credit Services,Financial Services
1723,LPX,Louisiana-Pacific Corporation,Building Products & Equipment,Industrials
1724,LQDA,Liquidia Corporation,Biotechnology,Healthcare
1725,LQDT,"Liquidity Services, Inc.",Internet Retail,Consumer Cyclical
1726,LRCX,Lam Research Corporation,Semiconductor Equipment & Materials,Technology
1727,LRMR,"Larimar Therapeutics, Inc.",Biotechnology,Healthcare
1728,LRN,"Stride, Inc.",Education & Training Services,Consumer Defensive
1729,LSCC,Lattice Semiconductor Corporati,Semiconductors,Technology
1730,LSEA,Landsea Homes Corporation,Real Estate - Development,Real Estate
1731,LSPD,Lightspeed Commerce Inc. Subord,Software - Application,Technology
1732,LSTR,"Landstar System, Inc.",Integrated Freight & Logistics,Industrials
1733,LTC,"LTC Properties, Inc.",REIT - Healthcare Facilities,Real Estate
1734,LTH,"Life Time Group Holdings, Inc.",Leisure,Consumer Cyclical
1735,LTOUF,Larsen & Toubro Ltd.,Engineering & Construction,Industrials
1736,LU,Lufax Holding Ltd,Credit Services,Financial Services
1737,LUCK,LUCKY STRIKE ENTERTAINMENT CORP,Leisure,Consumer Cyclical
1738,LULU,lululemon athletica inc.,Apparel Retail,Consumer Cyclical
1739,LUMN,"Lumen Technologies, Inc.",Telecom Services,Communication Services
1740,LUNG,Pulmonx Corporation,Medical Devices,Healthcare
1741,LUNR,"Intuitive Machines, Inc.",Aerospace & Defense,Industrials
1742,LUV,Southwest Airlines Company,Airlines,Industrials
1743,LVO,"LiveOne, Inc.",Entertainment,Communication Services
1744,LVS,Las Vegas Sands Corp.,Resorts & Casinos,Consumer Cyclical
1745,LW,"Lamb Weston Holdings, Inc.",Packaged Foods,Consumer Defensive
1746,LWAY,"Lifeway Foods, Inc.",Packaged Foods,Consumer Defensive
1747,LWLG,"Lightwave Logic, Inc.",Specialty Chemicals,Basic Materials
1748,LX,LexinFintech Holdings Ltd.,Credit Services,Financial Services
1749,LXEO,"Lexeo Therapeutics, Inc.",Biotechnology,Healthcare
1750,LXFR,Luxfer Holdings PLC,Specialty Industrial Machinery,Industrials
1751,LXP,LXP Industrial Trust,REIT - Industrial,Real Estate
1752,LXU,"LSB Industries, Inc.",Chemicals,Basic Materials
1753,LYB,LyondellBasell Industries NV,Specialty Chemicals,Basic Materials
1754,LYEL,"Lyell Immunopharma, Inc.",Biotechnology,Healthcare
1755,LYFT,"Lyft, Inc.",Software - Application,Technology
1756,LYTS,LSI Industries Inc.,Electronic Components,Technology
1757,LYV,"Live Nation Entertainment, Inc.",Entertainment,Communication Services
1758,LZ,"LegalZoom.com, Inc.",Specialty Business Services,Industrials
1759,LZB,La-Z-Boy Incorporated,"Furnishings, Fixtures & Appliances",Consumer Cyclical
1760,M,Macy's Inc,Department Stores,Consumer Cyclical
1761,MA,Mastercard Incorporated,Credit Services,Financial Services
1762,MAA,Mid-America Apartment Communiti,REIT - Residential,Real Estate
1763,MAC,Macerich Company (The),REIT - Retail,Real Estate
1764,MAG,MAG Silver Corporation,Silver,Basic Materials
1765,MAGN,Magnera Corporation,Paper & Paper Products,Basic Materials
1766,MAHMF,Mahindra & Mahindra Ltd.,Auto Manufacturers,Consumer Cyclical
1767,MAMA,"Mama's Creations, Inc.",Packaged Foods,Consumer Defensive
1768,MAN,ManpowerGroup,Staffing & Employment Services,Industrials
1769,MANH,"Manhattan Associates, Inc.",Software - Application,Technology
1770,MAPS,"WM Technology, Inc.",Software - Application,Technology
1771,MAR,Marriott International,Lodging,Consumer Cyclical
1772,MARA,"MARA Holdings, Inc.",Capital Markets,Financial Services
1773,MAS,Masco Corporation,Building Products & Equipment,Industrials
1774,MASI,Masimo Corporation,Medical Devices,Healthcare
1775,MASS,908 Devices Inc.,Medical Devices,Healthcare
1776,MAT,"Mattel, Inc.",Leisure,Consumer Cyclical
1777,MATV,"Mativ Holdings, Inc.",Specialty Chemicals,Basic Materials
1778,MATW,Matthews International Corporat,Conglomerates,Industrials
1779,MATX,"Matson, Inc.",Marine Shipping,Industrials
1780,MAX,"MediaAlpha, Inc.",Internet Content & Information,Communication Services
1781,MBC,"MasterBrand, Inc.","Furnishings, Fixtures & Appliances",Consumer Cyclical
1782,MBCN,Middlefield Banc Corp.,Banks - Regional,Financial Services
1783,MBI,MBIA Inc.,Insurance - Specialty,Financial Services
1784,MBIN,Merchants Bancorp,Banks - Regional,Financial Services
1785,MBLY,Mobileye Global Inc.,Auto Parts,Consumer Cyclical
1786,MBUU,"Malibu Boats, Inc.",Recreational Vehicles,Consumer Cyclical
1787,MBWM,Mercantile Bank Corporation,Banks - Regional,Financial Services
1788,MC,Moelis & Company,Capital Markets,Financial Services
1789,MCB,Metropolitan Bank Holding Corp.,Banks - Regional,Financial Services
1790,MCBS,"MetroCity Bankshares, Inc.",Banks - Regional,Financial Services
1791,MCD,McDonald's Corporation,Restaurants,Consumer Cyclical
1792,MCFT,"MasterCraft Boat Holdings, Inc.",Recreational Vehicles,Consumer Cyclical
1793,MCHP,Microchip Technology Incorporat,Semiconductors,Technology
1794,MCK,McKesson Corporation,Medical Distribution,Healthcare
1795,MCO,Moody's Corporation,Financial Data & Stock Exchanges,Financial Services
1796,MCRI,"Monarch Casino & Resort, Inc.",Resorts & Casinos,Consumer Cyclical
1797,MCS,Marcus Corporation (The),Entertainment,Communication Services
1798,MCW,"Mister Car Wash, Inc.",Auto & Truck Dealerships,Consumer Cyclical
1799,MCY,Mercury General Corporation,Insurance - Property & Casualty,Financial Services
1800,MD,"Pediatrix Medical Group, Inc.",Medical Care Facilities,Healthcare
1801,MDB,"MongoDB, Inc.",Software - Infrastructure,Technology
1802,MDGL,"Madrigal Pharmaceuticals, Inc.",Biotechnology,Healthcare
1803,MDLZ,"Mondelez International, Inc.",Confectioners,Consumer Defensive
1804,MDT,Medtronic plc.,Medical Devices,Healthcare
1805,MDU,"MDU Resources Group, Inc.",Conglomerates,Industrials
1806,MDWD,MediWound Ltd.,Biotechnology,Healthcare
1807,MDXG,"MiMedx Group, Inc",Biotechnology,Healthcare
1808,MEC,"Mayville Engineering Company, I",Metal Fabrication,Industrials
1809,MED,MEDIFAST INC,Personal Services,Consumer Cyclical
1810,MEDP,"Medpace Holdings, Inc.",Diagnostics & Research,Healthcare
1811,MEG,"Montrose Environmental Group, I",Waste Management,Industrials
1812,MEI,"Methode Electronics, Inc.",Electronic Components,Technology
1813,MERC,Mercer International Inc.,Paper & Paper Products,Basic Materials
1814,MET,"MetLife, Inc.",Insurance - Life,Financial Services
1815,META,"Meta Platforms, Inc.",Internet Content & Information,Communication Services
1816,METC,"Ramaco Resources, Inc.",Coking Coal,Basic Materials
1817,METCB,"Ramaco Resources, Inc.",Coking Coal,Basic Materials
1818,MFA,"MFA Financial, Inc.",REIT - Mortgage,Real Estate
1819,MFC,Manulife Financial Corporation,Insurance - Life,Financial Services
1820,MFIN,Medallion Financial Corp.,Credit Services,Financial Services
1821,MG,Mistras Group Inc,Security & Protection Services,Industrials
1822,MGEE,MGE Energy Inc.,Utilities - Regulated Electric,Utilities
1823,MGIC,Magic Software Enterprises Ltd.,Information Technology Services,Technology
1824,MGM,MGM Resorts International,Resorts & Casinos,Consumer Cyclical
1825,MGNI,"Magnite, Inc.",Advertising Agencies,Communication Services
1826,MGNX,"MacroGenics, Inc.",Biotechnology,Healthcare
1827,MGPI,"MGP Ingredients, Inc.",Beverages - Wineries & Distilleries,Consumer Defensive
1828,MGRC,McGrath RentCorp,Rental & Leasing Services,Industrials
1829,MGTX,MeiraGTx Holdings plc,Biotechnology,Healthcare
1830,MGY,Magnolia Oil & Gas Corporation,Oil & Gas E&P,Energy
1831,MHK,"Mohawk Industries, Inc.","Furnishings, Fixtures & Appliances",Consumer Cyclical
1832,MHLD,"Maiden Holdings, Ltd.",Insurance - Reinsurance,Financial Services
1833,MHO,"M/I Homes, Inc.",Residential Construction,Consumer Cyclical
1834,MIDD,The Middleby Corporation,Specialty Industrial Machinery,Industrials
1835,MIR,"Mirion Technologies, Inc.",Specialty Industrial Machinery,Industrials
1836,MIRM,"Mirum Pharmaceuticals, Inc.",Biotechnology,Healthcare
1837,MITK,"Mitek Systems, Inc.",Software - Application,Technology
1838,MITT,"AG Mortgage Investment Trust, I",REIT - Mortgage,Real Estate
1839,MKC,"McCormick & Company, Incorporat",Packaged Foods,Consumer Defensive
1840,MKL,Markel Group Inc.,Insurance - Property & Casualty,Financial Services
1841,MKSI,"MKS Instruments, Inc.",Scientific & Technical Instruments,Technology
1842,MKTX,"MarketAxess Holdings, Inc.",Capital Markets,Financial Services
1843,ML,MoneyLion Inc.,Software - Application,Technology
1844,MLAB,"Mesa Laboratories, Inc.",Scientific & Technical Instruments,Technology
1845,MLCO,Melco Resorts & Entertainment L,Resorts & Casinos,Consumer Cyclical
1846,MLI,"Mueller Industries, Inc.",Metal Fabrication,Industrials
1847,MLKN,"MillerKnoll, Inc.","Furnishings, Fixtures & Appliances",Consumer Cyclical
1848,MLM,"Martin Marietta Materials, Inc.",Building Materials,Basic Materials
1849,MLNK,"MeridianLink, Inc.",Software - Application,Technology
1850,MLP,"Maui Land & Pineapple Company, ",Real Estate Services,Real Estate
1851,MLR,"Miller Industries, Inc.",Auto Parts,Consumer Cyclical
1852,MLTX,MoonLake Immunotherapeutics,Biotechnology,Healthcare
1853,MLYS,"Mineralys Therapeutics, Inc.",Biotechnology,Healthcare
1854,MMC,"Marsh & McLennan Companies, Inc",Insurance Brokers,Financial Services
1855,MMI,"Marcus & Millichap, Inc.",Real Estate Services,Real Estate
1856,MMM,3M Company,Conglomerates,Industrials
1857,MMS,"Maximus, Inc.",Specialty Business Services,Industrials
1858,MMSI,"Merit Medical Systems, Inc.",Medical Instruments & Supplies,Healthcare
1859,MMYT,MakeMyTrip Limited,Travel Services,Consumer Cyclical
1860,MNDY,monday.com Ltd.,Software - Application,Technology
1861,MNKD,MannKind Corporation,Biotechnology,Healthcare
1862,MNMD,Mind Medicine (MindMed) Inc.,Biotechnology,Healthcare
1863,MNRO,"Monro, Inc.",Auto Parts,Consumer Cyclical
1864,MNSO,MINISO Group Holding Limited,Specialty Retail,Consumer Cyclical
1865,MNST,Monster Beverage Corporation,Beverages - Non-Alcoholic,Consumer Defensive
1866,MNTK,"Montauk Renewables, Inc.",Utilities - Diversified,Utilities
1867,MO,"Altria Group, Inc.",Tobacco,Consumer Defensive
1868,MOD,Modine Manufacturing Company,Auto Parts,Consumer Cyclical
1869,MODG,Topgolf Callaway Brands Corp.,Leisure,Consumer Cyclical
1870,MOFG,"MidWestOne Financial Group, Inc",Banks - Regional,Financial Services
1871,MOG-A,Moog Inc.,Aerospace & Defense,Industrials
1872,MOH,Molina Healthcare Inc,Healthcare Plans,Healthcare
1873,MOMO,Hello Group Inc.,Internet Content & Information,Communication Services
1874,MORN,"Morningstar, Inc.",Financial Data & Stock Exchanges,Financial Services
1875,MOS,Mosaic Company (The),Agricultural Inputs,Basic Materials
1876,MOV,Movado Group Inc.,Luxury Goods,Consumer Cyclical
1877,MP,MP Materials Corp.,Other Industrial Metals & Mining,Basic Materials
1878,MPAA,"Motorcar Parts of America, Inc.",Auto Parts,Consumer Cyclical
1879,MPB,Mid Penn Bancorp,Banks - Regional,Financial Services
1880,MPC,Marathon Petroleum Corporation,Oil & Gas Refining & Marketing,Energy
1881,MPLX,MPLX LP,Oil & Gas Midstream,Energy
1882,MPW,"Medical Properties Trust, Inc.",REIT - Healthcare Facilities,Real Estate
1883,MPWR,"Monolithic Power Systems, Inc.",Semiconductors,Technology
1884,MQ,"Marqeta, Inc.",Software - Infrastructure,Technology
1885,MRAM,"Everspin Technologies, Inc.",Semiconductors,Technology
1886,MRC,MRC Global Inc.,Oil & Gas Equipment & Services,Energy
1887,MRCY,Mercury Systems Inc,Aerospace & Defense,Industrials
1888,MRK,"Merck & Company, Inc.",Drug Manufacturers - General,Healthcare
1889,MRNA,"Moderna, Inc.",Biotechnology,Healthcare
1890,MRP,"Millrose Properties, Inc.",REIT - Residential,Real Estate
1891,MRTN,"Marten Transport, Ltd.",Trucking,Industrials
1892,MRUS,Merus N.V.,Biotechnology,Healthcare
1893,MRVI,"Maravai LifeSciences Holdings, ",Biotechnology,Healthcare
1894,MRVL,"Marvell Technology, Inc.",Semiconductors,Technology
1895,MS,Morgan Stanley,Capital Markets,Financial Services
1896,MSA,MSA Safety Incorporated,Security & Protection Services,Industrials
1897,MSBI,"Midland States Bancorp, Inc.",Banks - Regional,Financial Services
1898,MSCI,MSCI Inc.,Financial Data & Stock Exchanges,Financial Services
1899,MSEX,Middlesex Water Company,Utilities - Regulated Water,Utilities
1900,MSFT,Microsoft Corporation,Software - Infrastructure,Technology
1901,MSGE,Madison Square Garden Entertain,Leisure,Consumer Cyclical
1902,MSGS,Madison Square Garden Sports Co,Entertainment,Communication Services
1903,MSI,"Motorola Solutions, Inc.",Communication Equipment,Technology
1904,MSM,"MSC Industrial Direct Company, ",Industrial Distribution,Industrials
1905,MSTR,MicroStrategy Incorporated,Software - Application,Technology
1906,MT,Arcelor Mittal NY Registry Shar,Steel,Basic Materials
1907,MTAL,MAC Copper Limited,Copper,Basic Materials
1908,MTB,M&T Bank Corporation,Banks - Regional,Financial Services
1909,MTCH,"Match Group, Inc.",Internet Content & Information,Communication Services
1910,MTD,"Mettler-Toledo International, I",Diagnostics & Research,Healthcare
1911,MTDR,Matador Resources Company,Oil & Gas E&P,Energy
1912,MTG,MGIC Investment Corporation,Insurance - Specialty,Financial Services
1913,MTH,Meritage Homes Corporation,Residential Construction,Consumer Cyclical
1914,MTN,"Vail Resorts, Inc.",Resorts & Casinos,Consumer Cyclical
1915,MTRN,Materion Corporation,Other Industrial Metals & Mining,Basic Materials
1916,MTRX,Matrix Service Company,Engineering & Construction,Industrials
1917,MTSI,MACOM Technology Solutions Hold,Semiconductors,Technology
1918,MTSR,"Metsera, Inc.",Biotechnology,Healthcare
1919,MTUS,Metallus Inc.,Steel,Basic Materials
1920,MTW,"Manitowoc Company, Inc. (The)",Farm & Heavy Construction Machinery,Industrials
1921,MTX,Minerals Technologies Inc.,Specialty Chemicals,Basic Materials
1922,MTZ,"MasTec, Inc.",Engineering & Construction,Industrials
1923,MU,"Micron Technology, Inc.",Semiconductors,Technology
1924,MUR,Murphy Oil Corporation,Oil & Gas E&P,Energy
1925,MUSA,Murphy USA Inc.,Specialty Retail,Consumer Cyclical
1926,MVBF,MVB Financial Corp.,Banks - Regional,Financial Services
1927,MVIS,"Microvision, Inc.",Scientific & Technical Instruments,Technology
1928,MWA,MUELLER WATER PRODUCTS,Specialty Industrial Machinery,Industrials
1929,MXCT,"MaxCyte, Inc.",Medical Devices,Healthcare
1930,MXL,"MaxLinear, Inc",Semiconductors,Technology
1931,MYE,"Myers Industries, Inc.",Packaging & Containers,Consumer Cyclical
1932,MYFW,"First Western Financial, Inc.",Banks - Regional,Financial Services
1933,MYGN,"Myriad Genetics, Inc.",Diagnostics & Research,Healthcare
1934,MYPS,"PLAYSTUDIOS, Inc.",Electronic Gaming & Multimedia,Communication Services
1935,MYRG,"MYR Group, Inc.",Engineering & Construction,Industrials
1936,NABL,"N-able, Inc.",Information Technology Services,Technology
1937,NAGE,"Niagen Bioscience, Inc.",Biotechnology,Healthcare
1938,NAT,Nordic American Tankers Limited,Oil & Gas Midstream,Energy
1939,NATH,"Nathan's Famous, Inc.",Restaurants,Consumer Cyclical
1940,NATL,NCR Atleos Corporation,Software - Application,Technology
1941,NATR,"Nature's Sunshine Products, Inc",Packaged Foods,Consumer Defensive
1942,NAUT,"Nautilus Biotechnology, Inc.",Biotechnology,Healthcare
1943,NAVI,Navient Corporation,Credit Services,Financial Services
1944,NBBK,"NB Bancorp, Inc.",Banks - Regional,Financial Services
1945,NBHC,National Bank Holdings Corporat,Banks - Regional,Financial Services
1946,NBIX,"Neurocrine Biosciences, Inc.",Drug Manufacturers - Specialty & Generic,Healthcare
1947,NBN,Northeast Bank,Banks - Regional,Financial Services
1948,NBR,Nabors Industries Ltd.,Oil & Gas Drilling,Energy
1949,NBTB,NBT Bancorp Inc.,Banks - Regional,Financial Services
1950,NC,"NACCO Industries, Inc.",Thermal Coal,Energy
1951,NCLH,Norwegian Cruise Line Holdings ,Travel Services,Consumer Cyclical
1952,NCMI,"National CineMedia, Inc.",Advertising Agencies,Communication Services
1953,NCNO,"nCino, Inc.",Software - Application,Technology
1954,NDAQ,"Nasdaq, Inc.",Financial Data & Stock Exchanges,Financial Services
1955,NDSN,Nordson Corporation,Specialty Industrial Machinery,Industrials
1956,NE,Noble Corporation plc A,Oil & Gas Drilling,Energy
1957,NECB,"NorthEast Community Bancorp, In",Banks - Regional,Financial Services
1958,NEE,"NextEra Energy, Inc.",Utilities - Regulated Electric,Utilities
1959,NEM,Newmont Corporation,Gold,Basic Materials
1960,NEO,"NeoGenomics, Inc.",Diagnostics & Research,Healthcare
1961,NEOG,Neogen Corporation,Diagnostics & Research,Healthcare
1962,NET,"Cloudflare, Inc.",Software - Infrastructure,Technology
1963,NEU,NewMarket Corp,Specialty Chemicals,Basic Materials
1964,NEWT,"NewtekOne, Inc.",Banks - Regional,Financial Services
1965,NEXT,NextDecade Corporation,Oil & Gas Equipment & Services,Energy
1966,NFBK,"Northfield Bancorp, Inc.",Banks - Regional,Financial Services
1967,NFE,New Fortress Energy Inc.,Utilities - Regulated Gas,Utilities
1968,NFG,National Fuel Gas Company,Oil & Gas Integrated,Energy
1969,NFLX,"Netflix, Inc.",Entertainment,Communication Services
1970,NG,Novagold Resources Inc.,Gold,Basic Materials
1971,NGD,New Gold Inc.,Gold,Basic Materials
1972,NGNE,Neurogene Inc.,Biotechnology,Healthcare
1973,NGS,"Natural Gas Services Group, Inc",Oil & Gas Equipment & Services,Energy
1974,NGVC,Natural Grocers by Vitamin Cott,Grocery Stores,Consumer Defensive
1975,NGVT,Ingevity Corporation,Specialty Chemicals,Basic Materials
1976,NHC,National HealthCare Corporation,Medical Care Facilities,Healthcare
1977,NHI,"National Health Investors, Inc.",REIT - Healthcare Facilities,Real Estate
1978,NI,NiSource Inc,Utilities - Regulated Gas,Utilities
1979,NIC,Nicolet Bankshares Inc.,Banks - Regional,Financial Services
1980,NIO,NIO Inc.,Auto Manufacturers,Consumer Cyclical
1981,NJR,NewJersey Resources Corporation,Utilities - Regulated Gas,Utilities
1982,NKE,"Nike, Inc.",Footwear & Accessories,Consumer Cyclical
1983,NKSH,"National Bankshares, Inc.",Banks - Regional,Financial Services
1984,NKTR,Nektar Therapeutics,Biotechnology,Healthcare
1985,NKTX,"Nkarta, Inc.",Biotechnology,Healthcare
1986,NLOP,Net Lease Office Properties,REIT - Office,Real Estate
1987,NLY,Annaly Capital Management Inc.,REIT - Mortgage,Real Estate
1988,NMIH,NMI Holdings Inc,Insurance - Specialty,Financial Services
1989,NMRA,"Neumora Therapeutics, Inc.",Biotechnology,Healthcare
1990,NMRK,"Newmark Group, Inc.",Real Estate Services,Real Estate
1991,NN,NextNav Inc.,Software - Infrastructure,Technology
1992,NNBR,"NN, Inc.",Conglomerates,Industrials
1993,NNDM,Nano Dimension Ltd.,Computer Hardware,Technology
1994,NNE,Nano Nuclear Energy Inc.,Specialty Industrial Machinery,Industrials
1995,NNI,"Nelnet, Inc.",Credit Services,Financial Services
1996,NNN,"NNN REIT, Inc.",REIT - Retail,Real Estate
1997,NNOX,NANO-X IMAGING LTD,Medical Devices,Healthcare
1998,NOAH,Noah Holdings Limited,Asset Management,Financial Services
1999,NOC,Northrop Grumman Corporation,Aerospace & Defense,Industrials
2000,NODK,"NI Holdings, Inc.",Insurance - Property & Casualty,Financial Services
2001,NOG,"Northern Oil and Gas, Inc.",Oil & Gas E&P,Energy
2002,NOMD,Nomad Foods Limited,Packaged Foods,Consumer Defensive
2003,NOTE,"FiscalNote Holdings, Inc.",Information Technology Services,Technology
2004,NOV,NOV Inc.,Oil & Gas Equipment & Services,Energy
2005,NOVA,Sunnova Energy International In,Solar,Technology
2006,NOVT,Novanta Inc.,Scientific & Technical Instruments,Technology
2007,NOW,"ServiceNow, Inc.",Software - Application,Technology
2008,NPCE,"Neuropace, Inc.",Medical Devices,Healthcare
2009,NPK,"National Presto Industries, Inc",Aerospace & Defense,Industrials
2010,NPKI,NPK International Inc.,Oil & Gas Equipment & Services,Energy
2011,NPO,Enpro Inc.,Specialty Industrial Machinery,Industrials
2012,NPWR,NET Power Inc.,Specialty Industrial Machinery,Industrials
2013,NRC,National Research Corporation,Health Information Services,Healthcare
2014,NRDS,"NerdWallet, Inc.",Internet Content & Information,Communication Services
2015,NRDY,Nerdy Inc.,Software - Application,Technology
2016,NREF,"NexPoint Real Estate Finance, I",REIT - Mortgage,Real Estate
2017,NRG,"NRG Energy, Inc.",Utilities - Independent Power Producers,Utilities
2018,NRGV,"Energy Vault Holdings, Inc.",Utilities - Renewable,Utilities
2019,NRIM,Northrim BanCorp Inc,Banks - Regional,Financial Services
2020,NRIX,"Nurix Therapeutics, Inc.",Biotechnology,Healthcare
2021,NSA,National Storage Affiliates Tru,REIT - Industrial,Real Estate
2022,NSC,Norfolk Southern Corporation,Railroads,Industrials
2023,NSIT,"Insight Enterprises, Inc.",Electronics & Computer Distribution,Technology
2024,NSP,"Insperity, Inc.",Staffing & Employment Services,Industrials
2025,NSSC,"NAPCO Security Technologies, In",Security & Protection Services,Industrials
2026,NTAP,"NetApp, Inc.",Computer Hardware,Technology
2027,NTCT,"NetScout Systems, Inc.",Software - Infrastructure,Technology
2028,NTGR,"NETGEAR, Inc.",Communication Equipment,Technology
2029,NTIC,Northern Technologies Internati,Specialty Chemicals,Basic Materials
2030,NTLA,"Intellia Therapeutics, Inc.",Biotechnology,Healthcare
2031,NTNX,"Nutanix, Inc.",Software - Infrastructure,Technology
2032,NTR,Nutrien Ltd.,Agricultural Inputs,Basic Materials
2033,NTRA,"Natera, Inc.",Diagnostics & Research,Healthcare
2034,NTRS,Northern Trust Corporation,Asset Management,Financial Services
2035,NTST,NetSTREIT Corp.,REIT - Retail,Real Estate
2036,NU,Nu Holdings Ltd.,Banks - Regional,Financial Services
2037,NUE,Nucor Corporation,Steel,Basic Materials
2038,NUS,"Nu Skin Enterprises, Inc.",Household & Personal Products,Consumer Defensive
2039,NUTX,Nutex Health Inc.,Medical Care Facilities,Healthcare
2040,NUVB,Nuvation Bio Inc.,Biotechnology,Healthcare
2041,NUVL,"Nuvalent, Inc.",Biotechnology,Healthcare
2042,NVAX,"Novavax, Inc.",Biotechnology,Healthcare
2043,NVCR,NovoCure Limited,Medical Devices,Healthcare
2044,NVDA,NVIDIA Corporation,Semiconductors,Technology
2045,NVEC,NVE Corporation,Semiconductors,Technology
2046,NVEE,"NV5 Global, Inc.",Engineering & Construction,Industrials
2047,NVMI,Nova Ltd.,Semiconductor Equipment & Materials,Technology
2048,NVR,"NVR, Inc.",Residential Construction,Consumer Cyclical
2049,NVRI,Enviri Corporation,Waste Management,Industrials
2050,NVRO,Nevro Corp.,Medical Devices,Healthcare
2051,NVST,Envista Holdings Corporation,Medical Instruments & Supplies,Healthcare
2052,NVT,nVent Electric plc,Electrical Equipment & Parts,Industrials
2053,NVTS,Navitas Semiconductor Corporati,Semiconductors,Technology
2054,NWBI,"Northwest Bancshares, Inc.",Banks - Regional,Financial Services
2055,NWE,"NorthWestern Energy Group, Inc.",Utilities - Regulated Electric,Utilities
2056,NWFL,Norwood Financial Corp.,Banks - Regional,Financial Services
2057,NWL,Newell Brands Inc.,Household & Personal Products,Consumer Defensive
2058,NWN,Northwest Natural Holding Compa,Utilities - Regulated Gas,Utilities
2059,NWPX,Northwest Pipe Company,Metal Fabrication,Industrials
2060,NWS,News Corporation,Entertainment,Communication Services
2061,NWSA,News Corporation,Entertainment,Communication Services
2062,NX,Quanex Building Products Corpor,Building Products & Equipment,Industrials
2063,NXDT,NexPoint Diversified Real Estat,REIT - Diversified,Real Estate
2064,NXE,Nexgen Energy Ltd.,Uranium,Energy
2065,NXPI,NXP Semiconductors N.V.,Semiconductors,Technology
2066,NXRT,"NexPoint Residential Trust, Inc",REIT - Residential,Real Estate
2067,NXST,"Nexstar Media Group, Inc.",Broadcasting,Communication Services
2068,NXT,Nextracker Inc.,Solar,Technology
2069,NYMT,"New York Mortgage Trust, Inc.",REIT - Mortgage,Real Estate
2070,NYT,New York Times Company (The),Publishing,Communication Services
2071,O,Realty Income Corporation,REIT - Retail,Real Estate
2072,OABI,"OmniAb, Inc.",Biotechnology,Healthcare
2073,OB,Outbrain Inc.,Internet Content & Information,Communication Services
2074,OBIO,"Orchestra BioMed Holdings, Inc.",Biotechnology,Healthcare
2075,OBK,"Origin Bancorp, Inc.",Banks - Regional,Financial Services
2076,OBT,"Orange County Bancorp, Inc.",Banks - Regional,Financial Services
2077,OC,Owens Corning Inc,Building Products & Equipment,Industrials
2078,OCFC,OceanFirst Financial Corp.,Banks - Regional,Financial Services
2079,OCGN,"Ocugen, Inc.",Biotechnology,Healthcare
2080,OCUL,"Ocular Therapeutix, Inc.",Biotechnology,Healthcare
2081,ODC,Oil-Dri Corporation Of America,Specialty Chemicals,Basic Materials
2082,ODD,ODDITY Tech Ltd.,Software - Infrastructure,Technology
2083,ODFL,"Old Dominion Freight Line, Inc.",Trucking,Industrials
2084,ODP,The ODP Corporation,Specialty Retail,Consumer Cyclical
2085,OEC,Orion S.A.,Specialty Chemicals,Basic Materials
2086,OFG,OFG Bancorp,Banks - Regional,Financial Services
2087,OFIX,Orthofix Medical Inc.,Medical Devices,Healthcare
2088,OFLX,"Omega Flex, Inc.",Specialty Industrial Machinery,Industrials
2089,OGE,OGE Energy Corp,Utilities - Regulated Electric,Utilities
2090,OGN,Organon & Co.,Drug Manufacturers - General,Healthcare
2091,OGS,"ONE Gas, Inc.",Utilities - Regulated Gas,Utilities
2092,OHI,"Omega Healthcare Investors, Inc",REIT - Healthcare Facilities,Real Estate
2093,OI,"O-I Glass, Inc.",Packaging & Containers,Consumer Cyclical
2094,OII,"Oceaneering International, Inc.",Oil & Gas Equipment & Services,Energy
2095,OIS,"Oil States International, Inc.",Oil & Gas Equipment & Services,Energy
2096,OKE,"ONEOK, Inc.",Oil & Gas Midstream,Energy
2097,OKLO,Oklo Inc.,Utilities - Regulated Electric,Utilities
2098,OKTA,"Okta, Inc.",Software - Infrastructure,Technology
2099,OLED,Universal Display Corporation,Electronic Components,Technology
2100,OLLI,Ollie's Bargain Outlet Holdings,Discount Stores,Consumer Defensive
2101,OLMA,"Olema Pharmaceuticals, Inc.",Biotechnology,Healthcare
2102,OLN,Olin Corporation,Chemicals,Basic Materials
2103,OLO,Olo Inc.,Software - Application,Technology
2104,OLP,"One Liberty Properties, Inc.",REIT - Diversified,Real Estate
2105,OLPX,"Olaplex Holdings, Inc.",Specialty Retail,Consumer Cyclical
2106,OMC,Omnicom Group Inc.,Advertising Agencies,Communication Services
2107,OMCL,"Omnicell, Inc.",Health Information Services,Healthcare
2108,OMER,Omeros Corporation,Biotechnology,Healthcare
2109,OMF,"OneMain Holdings, Inc.",Credit Services,Financial Services
2110,OMI,"Owens & Minor, Inc.",Medical Distribution,Healthcare
2111,ON,ON Semiconductor Corporation,Semiconductors,Technology
2112,ONB,Old National Bancorp,Banks - Regional,Financial Services
2113,ONEW,OneWater Marine Inc.,Specialty Retail,Consumer Cyclical
2114,ONIT,Onity Group Inc.,Mortgage Finance,Financial Services
2115,ONL,Orion Properties Inc.,REIT - Office,Real Estate
2116,ONON,On Holding AG,Footwear & Accessories,Consumer Cyclical
2117,ONTF,"ON24, Inc.",Software - Application,Technology
2118,ONTO,Onto Innovation Inc.,Semiconductor Equipment & Materials,Technology
2119,OOMA,"Ooma, Inc.",Software - Application,Technology
2120,OPBK,OP Bancorp,Banks - Regional,Financial Services
2121,OPCH,"Option Care Health, Inc.",Medical Care Facilities,Healthcare
2122,OPEN,Opendoor Technologies Inc,Real Estate Services,Real Estate
2123,OPFI,OppFi Inc.,Credit Services,Financial Services
2124,OPK,"Opko Health, Inc.",Diagnostics & Research,Healthcare
2125,OPRX,OptimizeRx Corporation,Health Information Services,Healthcare
2126,OPY,"Oppenheimer Holdings, Inc.",Capital Markets,Financial Services
2127,OR,Osisko Gold Royalties Ltd,Gold,Basic Materials
2128,ORA,"Ormat Technologies, Inc.",Utilities - Renewable,Utilities
2129,ORC,"Orchid Island Capital, Inc.",REIT - Mortgage,Real Estate
2130,ORCL,Oracle Corporation,Software - Infrastructure,Technology
2131,ORGO,Organogenesis Holdings Inc.,Drug Manufacturers - Specialty & Generic,Healthcare
2132,ORI,Old Republic International Corp,Insurance - Property & Casualty,Financial Services
2133,ORIC,"Oric Pharmaceuticals, Inc.",Biotechnology,Healthcare
2134,ORKA,"Oruka Therapeutics, Inc.",Biotechnology,Healthcare
2135,ORLY,"O'Reilly Automotive, Inc.",Auto Parts,Consumer Cyclical
2136,ORN,"Orion Group Holdings, Inc.",Engineering & Construction,Industrials
2137,ORRF,"Orrstown Financial Services, In",Banks - Regional,Financial Services
2138,OS,"OneStream, Inc.",Software - Infrastructure,Technology
2139,OSBC,"Old Second Bancorp, Inc.",Banks - Regional,Financial Services
2140,OSCR,"Oscar Health, Inc.",Healthcare Plans,Healthcare
2141,OSIS,"OSI Systems, Inc.",Electronic Components,Technology
2142,OSK,Oshkosh Corporation (Holding Co,Farm & Heavy Construction Machinery,Industrials
2143,OSPN,OneSpan Inc.,Software - Infrastructure,Technology
2144,OSUR,"OraSure Technologies, Inc.",Medical Instruments & Supplies,Healthcare
2145,OSW,OneSpaWorld Holdings Limited,Leisure,Consumer Cyclical
2146,OTEX,Open Text Corporation,Software - Application,Technology
2147,OTIS,Otis Worldwide Corporation,Specialty Industrial Machinery,Industrials
2148,OTTR,Otter Tail Corporation,Conglomerates,Industrials
2149,OUST,"Ouster, Inc.",Electronic Components,Technology
2150,OUT,OUTFRONT Media Inc.,REIT - Specialty,Real Estate
2151,OVLY,Oak Valley Bancorp (CA),Banks - Regional,Financial Services
2152,OVV,Ovintiv Inc. (DE),Oil & Gas E&P,Energy
2153,OWL,Blue Owl Capital Inc.,Asset Management,Financial Services
2154,OXM,"Oxford Industries, Inc.",Apparel Manufacturing,Consumer Cyclical
2155,OXY,Occidental Petroleum Corporatio,Oil & Gas E&P,Energy
2156,OZK,Bank OZK,Banks - Regional,Financial Services
2157,PAA,"Plains All American Pipeline, L",Oil & Gas Midstream,Energy
2158,PAAS,Pan American Silver Corp.,Gold,Basic Materials
2159,PACB,Pacific Biosciences of Californ,Medical Devices,Healthcare
2160,PACK,Ranpak Holdings Corp,Packaging & Containers,Consumer Cyclical
2161,PACS,"PACS Group, Inc.",Medical Care Facilities,Healthcare
2162,PAG,"Penske Automotive Group, Inc.",Auto & Truck Dealerships,Consumer Cyclical
2163,PAGP,"Plains GP Holdings, L.P.",Oil & Gas Midstream,Energy
2164,PAGS,PagSeguro Digital Ltd.,Software - Infrastructure,Technology
2165,PAHC,Phibro Animal Health Corporatio,Drug Manufacturers - Specialty & Generic,Healthcare
2166,PAL,"Proficient Auto Logistics, Inc.",Integrated Freight & Logistics,Industrials
2167,PAMT,PAMT CORP,Trucking,Industrials
2168,PANL,Pangaea Logistics Solutions Ltd,Marine Shipping,Industrials
2169,PANW,"Palo Alto Networks, Inc.",Software - Infrastructure,Technology
2170,PAR,PAR Technology Corporation,Software - Application,Technology
2171,PARA,Paramount Global,Entertainment,Communication Services
2172,PARR,"Par Pacific Holdings, Inc. Comm",Oil & Gas Refining & Marketing,Energy
2173,PATH,"UiPath, Inc.",Software - Infrastructure,Technology
2174,PATK,"Patrick Industries, Inc.","Furnishings, Fixtures & Appliances",Consumer Cyclical
2175,PAX,Patria Investments Limited,Asset Management,Financial Services
2176,PAY,"Paymentus Holdings, Inc.",Software - Infrastructure,Technology
2177,PAYC,"Paycom Software, Inc.",Software - Application,Technology
2178,PAYO,Payoneer Global Inc.,Software - Infrastructure,Technology
2179,PAYS,"Paysign, Inc.",Software - Infrastructure,Technology
2180,PAYX,"Paychex, Inc.",Software - Application,Technology
2181,PB,"Prosperity Bancshares, Inc.",Banks - Regional,Financial Services
2182,PBF,PBF Energy Inc.,Oil & Gas Refining & Marketing,Energy
2183,PBFS,"Pioneer Bancorp, Inc.",Banks - Regional,Financial Services
2184,PBH,Prestige Consumer Healthcare In,Drug Manufacturers - Specialty & Generic,Healthcare
2185,PBI,Pitney Bowes Inc.,Integrated Freight & Logistics,Industrials
2186,PBPB,Potbelly Corporation,Restaurants,Consumer Cyclical
2187,PBR-A,Petroleo Brasileiro S.A.- Petro,Oil & Gas Integrated,Energy
2188,PBYI,Puma Biotechnology Inc,Biotechnology,Healthcare
2189,PCAR,PACCAR Inc.,Farm & Heavy Construction Machinery,Industrials
2190,PCB,PCB Bancorp,Banks - Regional,Financial Services
2191,PCG,Pacific Gas & Electric Co.,Utilities - Regulated Electric,Utilities
2192,PCH,PotlatchDeltic Corporation - Co,REIT - Specialty,Real Estate
2193,PCOR,"Procore Technologies, Inc.",Software - Application,Technology
2194,PCRX,"Pacira BioSciences, Inc.",Drug Manufacturers - Specialty & Generic,Healthcare
2195,PCT,"PureCycle Technologies, Inc.",Pollution & Treatment Controls,Industrials
2196,PCTY,Paylocity Holding Corporation,Software - Application,Technology
2197,PCVX,"Vaxcyte, Inc.",Biotechnology,Healthcare
2198,PCYO,Pure Cycle Corporation,Utilities - Regulated Water,Utilities
2199,PD,"PagerDuty, Inc.",Software - Application,Technology
2200,PDCO,"Patterson Companies, Inc.",Medical Distribution,Healthcare
2201,PDD,PDD Holdings Inc.,Internet Retail,Consumer Cyclical
2202,PDFS,"PDF Solutions, Inc.",Software - Application,Technology
2203,PDLB,"Ponce Financial Group, Inc.",Banks - Regional,Financial Services
2204,PDM,"Piedmont Office Realty Trust, I",REIT - Office,Real Estate
2205,PEB,Pebblebrook Hotel Trust,REIT - Hotel & Motel,Real Estate
2206,PEBK,Peoples Bancorp of North Caroli,Banks - Regional,Financial Services
2207,PEBO,Peoples Bancorp Inc.,Banks - Regional,Financial Services
2208,PECO,"Phillips Edison & Company, Inc.",REIT - Retail,Real Estate
2209,PEG,Public Service Enterprise Group,Utilities - Regulated Electric,Utilities
2210,PEGA,Pegasystems Inc.,Software - Application,Technology
2211,PEN,"Penumbra, Inc.",Medical Devices,Healthcare
2212,PENG,"Penguin Solutions, Inc.",Information Technology Services,Technology
2213,PENN,"PENN Entertainment, Inc.",Resorts & Casinos,Consumer Cyclical
2214,PEP,"Pepsico, Inc.",Beverages - Non-Alcoholic,Consumer Defensive
2215,PESI,Perma-Fix Environmental Service,Waste Management,Industrials
2216,PFBC,Preferred Bank,Banks - Regional,Financial Services
2217,PFE,"Pfizer, Inc.",Drug Manufacturers - General,Healthcare
2218,PFG,Principal Financial Group Inc,Asset Management,Financial Services
2219,PFGC,Performance Food Group Company,Food Distribution,Consumer Defensive
2220,PFIS,Peoples Financial Services Corp,Banks - Regional,Financial Services
2221,PFS,"Provident Financial Services, I",Banks - Regional,Financial Services
2222,PFSI,"PennyMac Financial Services, In",Mortgage Finance,Financial Services
2223,PG,Procter & Gamble Company (The),Household & Personal Products,Consumer Defensive
2224,PGC,Peapack-Gladstone Financial Cor,Banks - Regional,Financial Services
2225,PGEN,"Precigen, Inc.",Biotechnology,Healthcare
2226,PGNY,"Progyny, Inc.",Healthcare Plans,Healthcare
2227,PGR,Progressive Corporation (The),Insurance - Property & Casualty,Financial Services
2228,PGRE,"Paramount Group, Inc.",REIT - Office,Real Estate
2229,PGY,Pagaya Technologies Ltd.,Software - Infrastructure,Technology
2230,PH,Parker-Hannifin Corporation,Specialty Industrial Machinery,Industrials
2231,PHAT,"Phathom Pharmaceuticals, Inc.",Biotechnology,Healthcare
2232,PHIN,PHINIA Inc.,Auto Parts,Consumer Cyclical
2233,PHLT,"Performant Healthcare, Inc.",Health Information Services,Healthcare
2234,PHM,"PulteGroup, Inc.",Residential Construction,Consumer Cyclical
2235,PHR,"Phreesia, Inc.",Health Information Services,Healthcare
2236,PHVS,Pharvaris N.V.,Biotechnology,Healthcare
2237,PI,"Impinj, Inc.",Semiconductors,Technology
2238,PII,Polaris Inc.,Recreational Vehicles,Consumer Cyclical
2239,PINC,"Premier, Inc.",Health Information Services,Healthcare
2240,PINE,"Alpine Income Property Trust, I",REIT - Retail,Real Estate
2241,PINS,"Pinterest, Inc.",Internet Content & Information,Communication Services
2242,PIPR,Piper Sandler Companies,Capital Markets,Financial Services
2243,PJT,PJT Partners Inc.,Capital Markets,Financial Services
2244,PK,Park Hotels & Resorts Inc.,REIT - Hotel & Motel,Real Estate
2245,PKBK,"Parke Bancorp, Inc.",Banks - Regional,Financial Services
2246,PKE,Park Aerospace Corp.,Aerospace & Defense,Industrials
2247,PKG,Packaging Corporation of Americ,Packaging & Containers,Consumer Cyclical
2248,PKOH,Park-Ohio Holdings Corp.,Specialty Industrial Machinery,Industrials
2249,PKST,Peakstone Realty Trust,REIT - Office,Real Estate
2250,PKX,POSCO Holdings Inc.,Steel,Basic Materials
2251,PL,Planet Labs PBC,Aerospace & Defense,Industrials
2252,PLAB,"Photronics, Inc.",Semiconductor Equipment & Materials,Technology
2253,PLAY,"Dave & Buster's Entertainment, ",Entertainment,Communication Services
2254,PLBC,Plumas Bancorp,Banks - Regional,Financial Services
2255,PLD,"Prologis, Inc.",REIT - Industrial,Real Estate
2256,PLL,Piedmont Lithium Inc.,Other Industrial Metals & Mining,Basic Materials
2257,PLMR,"Palomar Holdings, Inc.",Insurance - Property & Casualty,Financial Services
2258,PLNT,"Planet Fitness, Inc.",Leisure,Consumer Cyclical
2259,PLOW,"Douglas Dynamics, Inc.",Auto Parts,Consumer Cyclical
2260,PLPC,Preformed Line Products Company,Electrical Equipment & Parts,Industrials
2261,PLRX,"Pliant Therapeutics, Inc.",Biotechnology,Healthcare
2262,PLSE,"Pulse Biosciences, Inc",Medical Instruments & Supplies,Healthcare
2263,PLTK,Playtika Holding Corp.,Electronic Gaming & Multimedia,Communication Services
2264,PLTR,Palantir Technologies Inc.,Software - Infrastructure,Technology
2265,PLUG,"Plug Power, Inc.",Electrical Equipment & Parts,Industrials
2266,PLUS,ePlus inc.,Software - Application,Technology
2267,PLXS,Plexus Corp.,Electronic Components,Technology
2268,PLYA,Playa Hotels & Resorts N.V.,Resorts & Casinos,Consumer Cyclical
2269,PLYM,"Plymouth Industrial REIT, Inc.",REIT - Industrial,Real Estate
2270,PM,Philip Morris International Inc,Tobacco,Consumer Defensive
2271,PMT,PennyMac Mortgage Investment Tr,REIT - Mortgage,Real Estate
2272,PMTS,CPI Card Group Inc.,Credit Services,Financial Services
2273,PNC,"PNC Financial Services Group, I",Banks - Regional,Financial Services
2274,PNFP,"Pinnacle Financial Partners, In",Banks - Regional,Financial Services
2275,PNR,Pentair plc.,Specialty Industrial Machinery,Industrials
2276,PNRG,PrimeEnergy Resources Corporati,Oil & Gas E&P,Energy
2277,PNTG,"The Pennant Group, Inc.",Medical Care Facilities,Healthcare
2278,PNW,Pinnacle West Capital Corporati,Utilities - Regulated Electric,Utilities
2279,PODD,Insulet Corporation,Medical Devices,Healthcare
2280,POOL,Pool Corporation,Industrial Distribution,Industrials
2281,POR,Portland General Electric Co,Utilities - Regulated Electric,Utilities
2282,POST,"Post Holdings, Inc.",Packaged Foods,Consumer Defensive
2283,POWI,"Power Integrations, Inc.",Semiconductors,Technology
2284,POWL,"Powell Industries, Inc.",Electrical Equipment & Parts,Industrials
2285,POWW,"AMMO, Inc.",Aerospace & Defense,Industrials
2286,PPBI,Pacific Premier Bancorp Inc,Banks - Regional,Financial Services
2287,PPC,Pilgrim's Pride Corporation,Packaged Foods,Consumer Defensive
2288,PPG,"PPG Industries, Inc.",Specialty Chemicals,Basic Materials
2289,PPL,PPL Corporation,Utilities - Regulated Electric,Utilities
2290,PPTA,Perpetua Resources Corp.,Other Precious Metals & Mining,Basic Materials
2291,PR,Permian Resources Corporation,Oil & Gas E&P,Energy
2292,PRA,ProAssurance Corporation,Insurance - Property & Casualty,Financial Services
2293,PRAA,"PRA Group, Inc.",Credit Services,Financial Services
2294,PRAX,"Praxis Precision Medicines, Inc",Biotechnology,Healthcare
2295,PRCH,"Porch Group, Inc.",Software - Application,Technology
2296,PRCT,PROCEPT BioRobotics Corporation,Medical Devices,Healthcare
2297,PRDO,Perdoceo Education Corporation,Education & Training Services,Consumer Defensive
2298,PRG,"PROG Holdings, Inc.",Rental & Leasing Services,Industrials
2299,PRGO,Perrigo Company plc,Drug Manufacturers - Specialty & Generic,Healthcare
2300,PRGS,Progress Software Corporation,Software - Infrastructure,Technology
2301,PRI,"Primerica, Inc.",Insurance - Life,Financial Services
2302,PRIM,Primoris Services Corporation,Engineering & Construction,Industrials
2303,PRK,Park National Corporation,Banks - Regional,Financial Services
2304,PRKS,United Parks & Resorts Inc.,Leisure,Consumer Cyclical
2305,PRLB,"Proto Labs, Inc.",Metal Fabrication,Industrials
2306,PRM,"Perimeter Solutions, SA",Specialty Chemicals,Basic Materials
2307,PRMB,Primo Brands Corporation,Beverages - Non-Alcoholic,Consumer Defensive
2308,PRME,"Prime Medicine, Inc.",Biotechnology,Healthcare
2309,PRO,"PROS Holdings, Inc.",Software - Application,Technology
2310,PROK,ProKidney Corp.,Biotechnology,Healthcare
2311,PRPL,"Purple Innovation, Inc.","Furnishings, Fixtures & Appliances",Consumer Cyclical
2312,PRSU,Pursuit Attractions and Hospita,Specialty Business Services,Industrials
2313,PRTA,Prothena Corporation plc,Biotechnology,Healthcare
2314,PRTH,"Priority Technology Holdings, I",Software - Infrastructure,Technology
2315,PRU,"Prudential Financial, Inc.",Insurance - Life,Financial Services
2316,PRVA,"Privia Health Group, Inc.",Health Information Services,Healthcare
2317,PSA,Public Storage,REIT - Industrial,Real Estate
2318,PSFE,Paysafe Limited,Software - Infrastructure,Technology
2319,PSMT,"PriceSmart, Inc.",Discount Stores,Consumer Defensive
2320,PSN,Parsons Corporation,Information Technology Services,Technology
2321,PSNY,Polestar Automotive Holding UK ,Auto Manufacturers,Consumer Cyclical
2322,PSTG,"Pure Storage, Inc.",Computer Hardware,Technology
2323,PSTL,"Postal Realty Trust, Inc.",REIT - Office,Real Estate
2324,PSX,Phillips 66,Oil & Gas Refining & Marketing,Energy
2325,PTC,PTC Inc.,Software - Application,Technology
2326,PTCT,"PTC Therapeutics, Inc.",Biotechnology,Healthcare
2327,PTEN,"Patterson-UTI Energy, Inc.",Oil & Gas Drilling,Energy
2328,PTGX,"Protagonist Therapeutics, Inc.",Biotechnology,Healthcare
2329,PTLO,Portillo's Inc.,Restaurants,Consumer Cyclical
2330,PTON,"Peloton Interactive, Inc.",Leisure,Consumer Cyclical
2331,PTVE,Pactiv Evergreen Inc.,Packaging & Containers,Consumer Cyclical
2332,PUBM,"PubMatic, Inc.",Software - Application,Technology
2333,PUMP,ProPetro Holding Corp.,Oil & Gas Equipment & Services,Energy
2334,PVBC,"Provident Bancorp, Inc.",Banks - Regional,Financial Services
2335,PVH,PVH Corp.,Apparel Manufacturing,Consumer Cyclical
2336,PWOD,"Penns Woods Bancorp, Inc.",Banks - Regional,Financial Services
2337,PWP,Perella Weinberg Partners,Capital Markets,Financial Services
2338,PWR,"Quanta Services, Inc.",Engineering & Construction,Industrials
2339,PX,"P10, Inc.",Asset Management,Financial Services
2340,PYCR,"Paycor HCM, Inc.",Software - Application,Technology
2341,PYPL,"PayPal Holdings, Inc.",Credit Services,Financial Services
2342,PYXS,"Pyxis Oncology, Inc.",Biotechnology,Healthcare
2343,PZZA,"Papa John's International, Inc.",Restaurants,Consumer Cyclical
2344,QBTS,D-Wave Quantum Inc.,Computer Hardware,Technology
2345,QCOM,QUALCOMM Incorporated,Semiconductors,Technology
2346,QCRH,"QCR Holdings, Inc.",Banks - Regional,Financial Services
2347,QDEL,QuidelOrtho Corporation,Medical Devices,Healthcare
2348,QFIN,"Qifu Technology, Inc",Credit Services,Financial Services
2349,QGEN,Qiagen N.V.,Diagnostics & Research,Healthcare
2350,QIPT,Quipt Home Medical Corp.,Medical Devices,Healthcare
2351,QLYS,"Qualys, Inc.",Software - Infrastructure,Technology
2352,QNST,"QuinStreet, Inc.",Advertising Agencies,Communication Services
2353,QRHC,Quest Resource Holding Corporat,Waste Management,Industrials
2354,QRVO,"Qorvo, Inc.",Semiconductors,Technology
2355,QS,QuantumScape Corporation,Auto Parts,Consumer Cyclical
2356,QSI,Quantum-Si Incorporated,Medical Devices,Healthcare
2357,QSR,Restaurant Brands International,Restaurants,Consumer Cyclical
2358,QTRX,Quanterix Corporation,Medical Devices,Healthcare
2359,QTWO,"Q2 Holdings, Inc.",Software - Application,Technology
2360,QUAD,"Quad Graphics, Inc",Specialty Business Services,Industrials
2361,QUBT,Quantum Computing Inc.,Computer Hardware,Technology
2362,QUIK,QuickLogic Corporation,Semiconductors,Technology
2363,QURE,uniQure N.V.,Biotechnology,Healthcare
2364,QXO,"QXO, Inc.",Software - Application,Technology
2365,R,"Ryder System, Inc.",Rental & Leasing Services,Industrials
2366,RACE,Ferrari N.V.,Auto Manufacturers,Consumer Cyclical
2367,RAMP,"LiveRamp Holdings, Inc.",Software - Infrastructure,Technology
2368,RAPP,"Rapport Therapeutics, Inc.",Biotechnology,Healthcare
2369,RARE,Ultragenyx Pharmaceutical Inc.,Biotechnology,Healthcare
2370,RBA,"RB Global, Inc.",Specialty Business Services,Industrials
2371,RBB,RBB Bancorp,Banks - Regional,Financial Services
2372,RBBN,Ribbon Communications Inc.,Software - Application,Technology
2373,RBC,RBC Bearings Incorporated,Tools & Accessories,Industrials
2374,RBCAA,"Republic Bancorp, Inc.",Banks - Regional,Financial Services
2375,RBLX,Roblox Corporation,Electronic Gaming & Multimedia,Communication Services
2376,RBRK,"Rubrik, Inc.",Software - Infrastructure,Technology
2377,RC,Ready Capital Corporation,REIT - Mortgage,Real Estate
2378,RCAT,"Red Cat Holdings, Inc.",Computer Hardware,Technology
2379,RCEL,"Avita Medical, Inc.",Medical Devices,Healthcare
2380,RCKT,"Rocket Pharmaceuticals, Inc.",Biotechnology,Healthcare
2381,RCKY,"Rocky Brands, Inc.",Footwear & Accessories,Consumer Cyclical
2382,RCL,Royal Caribbean Cruises Ltd.,Travel Services,Consumer Cyclical
2383,RCUS,"Arcus Biosciences, Inc.",Biotechnology,Healthcare
2384,RDDT,"Reddit, Inc.",Internet Content & Information,Communication Services
2385,RDFN,Redfin Corporation,Real Estate Services,Real Estate
2386,RDN,Radian Group Inc.,Insurance - Specialty,Financial Services
2387,RDNT,"RadNet, Inc.",Diagnostics & Research,Healthcare
2388,RDUS,"Radius Recycling, Inc.",Steel,Basic Materials
2389,RDVT,"Red Violet, Inc.",Software - Application,Technology
2390,RDW,Redwire Corporation,Aerospace & Defense,Industrials
2391,RDWR,Radware Ltd.,Software - Infrastructure,Technology
2392,RDY,Dr. Reddy's Laboratories Ltd,Drug Manufacturers - Specialty & Generic,Healthcare
2393,REAL,"The RealReal, Inc.",Luxury Goods,Consumer Cyclical
2394,REAX,"The Real Brokerage, Inc.",Real Estate Services,Real Estate
2395,REFI,Chicago Atlantic Real Estate Fi,REIT - Mortgage,Real Estate
2396,REG,Regency Centers Corporation,REIT - Retail,Real Estate
2397,REGN,"Regeneron Pharmaceuticals, Inc.",Biotechnology,Healthcare
2398,REI,"Ring Energy, Inc.",Oil & Gas E&P,Energy
2399,REKR,"Rekor Systems, Inc.",Software - Infrastructure,Technology
2400,RELL,"Richardson Electronics, Ltd.",Electronic Components,Technology
2401,RELY,"Remitly Global, Inc.",Software - Infrastructure,Technology
2402,REPL,"Replimune Group, Inc.",Biotechnology,Healthcare
2403,REPX,"Riley Exploration Permian, Inc.",Oil & Gas E&P,Energy
2404,RERE,ATRenew Inc.,Internet Retail,Consumer Cyclical
2405,RES,"RPC, Inc.",Oil & Gas Equipment & Services,Energy
2406,REVG,"REV Group, Inc.",Farm & Heavy Construction Machinery,Industrials
2407,REX,REX American Resources Corporat,Chemicals,Basic Materials
2408,REXR,"Rexford Industrial Realty, Inc.",REIT - Industrial,Real Estate
2409,REYN,Reynolds Consumer Products Inc.,Packaging & Containers,Consumer Cyclical
2410,REZI,"Resideo Technologies, Inc.",Industrial Distribution,Industrials
2411,RF,Regions Financial Corporation,Banks - Regional,Financial Services
2412,RGA,"Reinsurance Group of America, I",Insurance - Reinsurance,Financial Services
2413,RGCO,RGC Resources Inc.,Utilities - Regulated Gas,Utilities
2414,RGEN,Repligen Corporation,Medical Instruments & Supplies,Healthcare
2415,RGLD,"Royal Gold, Inc.",Gold,Basic Materials
2416,RGLS,Regulus Therapeutics Inc.,Biotechnology,Healthcare
2417,RGNX,REGENXBIO Inc.,Biotechnology,Healthcare
2418,RGP,"Resources Connection, Inc.",Consulting Services,Industrials
2419,RGR,"Sturm, Ruger & Company, Inc.",Aerospace & Defense,Industrials
2420,RGTI,"Rigetti Computing, Inc.",Computer Hardware,Technology
2421,RH,RH,Specialty Retail,Consumer Cyclical
2422,RHI,Robert Half Inc.,Staffing & Employment Services,Industrials
2423,RHP,"Ryman Hospitality Properties, I",REIT - Hotel & Motel,Real Estate
2424,RICK,"RCI Hospitality Holdings, Inc.",Restaurants,Consumer Cyclical
2425,RIG,Transocean Ltd (Switzerland),Oil & Gas Drilling,Energy
2426,RIGL,"Rigel Pharmaceuticals, Inc.",Biotechnology,Healthcare
2427,RILY,"B. Riley Financial, Inc.",Financial Conglomerates,Financial Services
2428,RIOT,"Riot Platforms, Inc.",Capital Markets,Financial Services
2429,RITM,Rithm Capital Corp.,REIT - Mortgage,Real Estate
2430,RIVN,"Rivian Automotive, Inc.",Auto Manufacturers,Consumer Cyclical
2431,RJF,"Raymond James Financial, Inc.",Asset Management,Financial Services
2432,RKLB,"Rocket Lab USA, Inc.",Aerospace & Defense,Industrials
2433,RKT,"Rocket Companies, Inc.",Mortgage Finance,Financial Services
2434,RL,Ralph Lauren Corporation,Apparel Manufacturing,Consumer Cyclical
2435,RLAY,"Relay Therapeutics, Inc.",Biotechnology,Healthcare
2436,RLGT,"Radiant Logistics, Inc.",Integrated Freight & Logistics,Industrials
2437,RLI,RLI Corp.,Insurance - Property & Casualty,Financial Services
2438,RLJ,RLJ Lodging Trust,REIT - Hotel & Motel,Real Estate
2439,RLX,RLX Technology Inc.,Tobacco,Consumer Defensive
2440,RM,Regional Management Corp.,Credit Services,Financial Services
2441,RMAX,"RE/MAX Holdings, Inc.",Real Estate Services,Real Estate
2442,RMBL,"RumbleOn, Inc.",Auto & Truck Dealerships,Consumer Cyclical
2443,RMBS,"Rambus, Inc.",Semiconductors,Technology
2444,RMD,ResMed Inc.,Medical Instruments & Supplies,Healthcare
2445,RMNI,"Rimini Street, Inc.",Software - Application,Technology
2446,RMR,The RMR Group Inc.,Real Estate Services,Real Estate
2447,RNA,"Avidity Biosciences, Inc.",Biotechnology,Healthcare
2448,RNAC,"Cartesian Therapeutics, Inc.",Biotechnology,Healthcare
2449,RNG,"Ringcentral, Inc.",Software - Application,Technology
2450,RNGR,"Ranger Energy Services, Inc.",Oil & Gas Equipment & Services,Energy
2451,RNR,RenaissanceRe Holdings Ltd.,Insurance - Reinsurance,Financial Services
2452,RNST,Renasant Corporation,Banks - Regional,Financial Services
2453,RNW,ReNew Energy Global plc,Utilities - Renewable,Utilities
2454,ROAD,"Construction Partners, Inc.",Engineering & Construction,Industrials
2455,ROCK,"Gibraltar Industries, Inc.",Building Products & Equipment,Industrials
2456,ROG,Rogers Corporation,Electronic Components,Technology
2457,ROIV,Roivant Sciences Ltd.,Biotechnology,Healthcare
2458,ROK,"Rockwell Automation, Inc.",Specialty Industrial Machinery,Industrials
2459,ROKU,"Roku, Inc.",Entertainment,Communication Services
2460,ROL,"Rollins, Inc.",Personal Services,Consumer Cyclical
2461,ROOT,"Root, Inc.",Insurance - Property & Casualty,Financial Services
2462,ROP,"Roper Technologies, Inc.",Software - Application,Technology
2463,ROST,"Ross Stores, Inc.",Apparel Retail,Consumer Cyclical
2464,RPAY,Repay Holdings Corporation,Software - Infrastructure,Technology
2465,RPD,"Rapid7, Inc.",Software - Infrastructure,Technology
2466,RPM,RPM International Inc.,Specialty Chemicals,Basic Materials
2467,RPRX,Royalty Pharma plc,Biotechnology,Healthcare
2468,RR,Richtech Robotics Inc.,Specialty Industrial Machinery,Industrials
2469,RRBI,"Red River Bancshares, Inc.",Banks - Regional,Financial Services
2470,RRC,Range Resources Corporation,Oil & Gas E&P,Energy
2471,RRR,"Red Rock Resorts, Inc.",Resorts & Casinos,Consumer Cyclical
2472,RRX,Regal Rexnord Corporation,Specialty Industrial Machinery,Industrials
2473,RS,"Reliance, Inc.",Steel,Basic Materials
2474,RSG,"Republic Services, Inc.",Waste Management,Industrials
2475,RSI,"Rush Street Interactive, Inc.",Gambling,Consumer Cyclical
2476,RSKD,Riskified Ltd.,Software - Application,Technology
2477,RSVR,"Reservoir Media, Inc..",Entertainment,Communication Services
2478,RTX,RTX Corporation,Aerospace & Defense,Industrials
2479,RUM,Rumble Inc.,Internet Content & Information,Communication Services
2480,RUN,Sunrun Inc.,Solar,Technology
2481,RUSHA,"Rush Enterprises, Inc.",Auto & Truck Dealerships,Consumer Cyclical
2482,RUSHB,"Rush Enterprises, Inc.",Auto & Truck Dealerships,Consumer Cyclical
2483,RVLV,"Revolve Group, Inc.",Internet Retail,Consumer Cyclical
2484,RVMD,"Revolution Medicines, Inc.",Biotechnology,Healthcare
2485,RVTY,"Revvity, Inc.",Diagnostics & Research,Healthcare
2486,RWT,"Redwood Trust, Inc.",REIT - Mortgage,Real Estate
2487,RXO,"RXO, Inc.",Trucking,Industrials
2488,RXRX,"Recursion Pharmaceuticals, Inc.",Biotechnology,Healthcare
2489,RXST,"RxSight, Inc.",Medical Devices,Healthcare
2490,RXT,"Rackspace Technology, Inc.",Software - Infrastructure,Technology
2491,RY,Royal Bank Of Canada,Banks - Diversified,Financial Services
2492,RYAAY,Ryanair Holdings plc,Airlines,Industrials
2493,RYAM,Rayonier Advanced Materials Inc,Chemicals,Basic Materials
2494,RYAN,"Ryan Specialty Holdings, Inc.",Insurance - Specialty,Financial Services
2495,RYI,Ryerson Holding Corporation,Metal Fabrication,Industrials
2496,RYN,Rayonier Inc. REIT,REIT - Specialty,Real Estate
2497,RYTM,"Rhythm Pharmaceuticals, Inc.",Biotechnology,Healthcare
2498,S,"SentinelOne, Inc.",Software - Infrastructure,Technology
2499,SA,"Seabridge Gold, Inc.",Gold,Basic Materials
2500,SABR,Sabre Corporation,Software - Infrastructure,Technology
2501,SAFE,Safehold Inc. New,REIT - Diversified,Real Estate
2502,SAFT,"Safety Insurance Group, Inc.",Insurance - Property & Casualty,Financial Services
2503,SAGE,"Sage Therapeutics, Inc.",Biotechnology,Healthcare
2504,SAH,"Sonic Automotive, Inc.",Auto & Truck Dealerships,Consumer Cyclical
2505,SAIA,"Saia, Inc.",Trucking,Industrials
2506,SAIC,Science Applications Internatio,Information Technology Services,Technology
2507,SAIL,"SailPoint, Inc.",Software - Infrastructure,Technology
2508,SAM,"Boston Beer Company, Inc. (The)",Beverages - Brewers,Consumer Defensive
2509,SAMG,Silvercrest Asset Management Gr,Asset Management,Financial Services
2510,SANA,"Sana Biotechnology, Inc.",Biotechnology,Healthcare
2511,SANM,Sanmina Corporation,Electronic Components,Technology
2512,SARO,"StandardAero, Inc.",Aerospace & Defense,Industrials
2513,SASR,"Sandy Spring Bancorp, Inc.",Banks - Regional,Financial Services
2514,SATS,EchoStar Corporation,Communication Equipment,Technology
2515,SAVA,"Cassava Sciences, Inc.",Biotechnology,Healthcare
2516,SB,"Safe Bulkers, Inc",Marine Shipping,Industrials
2517,SBAC,SBA Communications Corporation,REIT - Specialty,Real Estate
2518,SBCF,Seacoast Banking Corporation of,Banks - Regional,Financial Services
2519,SBGI,"Sinclair, Inc.",Broadcasting,Communication Services
2520,SBH,"Sally Beauty Holdings, Inc. (Na",Specialty Retail,Consumer Cyclical
2521,SBKFF,STATE BANK OF INDIA GDR-EACH RE,Banks - Regional,Financial Services
2522,SBLK,Star Bulk Carriers Corp.,Marine Shipping,Industrials
2523,SBRA,"Sabra Health Care REIT, Inc.",REIT - Healthcare Facilities,Real Estate
2524,SBSI,"Southside Bancshares, Inc.",Banks - Regional,Financial Services
2525,SBSNY,Schibsted ASA,Publishing,Communication Services
2526,SBT,"Sterling Bancorp, Inc.",Banks - Regional,Financial Services
2527,SBUX,Starbucks Corporation,Restaurants,Consumer Cyclical
2528,SCCO,Southern Copper Corporation,Copper,Basic Materials
2529,SCHL,Scholastic Corporation,Publishing,Communication Services
2530,SCHW,Charles Schwab Corporation (The,Capital Markets,Financial Services
2531,SCI,Service Corporation Internation,Personal Services,Consumer Cyclical
2532,SCL,Stepan Company,Specialty Chemicals,Basic Materials
2533,SCPH,scPharmaceuticals Inc.,Biotechnology,Healthcare
2534,SCS,Steelcase Inc.,"Furnishings, Fixtures & Appliances",Consumer Cyclical
2535,SCSC,"ScanSource, Inc.",Electronics & Computer Distribution,Technology
2536,SCVL,"Shoe Carnival, Inc.",Apparel Retail,Consumer Cyclical
2537,SD,"SandRidge Energy, Inc.",Oil & Gas E&P,Energy
2538,SDGR,"Schrodinger, Inc.",Health Information Services,Healthcare
2539,SDRL,Seadrill Limited,Oil & Gas Drilling,Energy
2540,SDZNY,Sandoz Group AG,Drug Manufacturers - Specialty & Generic,Healthcare
2541,SE,Sea Limited,Internet Retail,Consumer Cyclical
2542,SEAT,Vivid Seats Inc.,Internet Content & Information,Communication Services
2543,SEB,Seaboard Corporation,Conglomerates,Industrials
2544,SEDG,"SolarEdge Technologies, Inc.",Solar,Technology
2545,SEE,Sealed Air Corporation,Packaging & Containers,Consumer Cyclical
2546,SEG,Seaport Entertainment Group Inc,Real Estate Services,Real Estate
2547,SEI,"Solaris Energy Infrastructure, ",Oil & Gas Equipment & Services,Energy
2548,SEIC,SEI Investments Company,Asset Management,Financial Services
2549,SEM,Select Medical Holdings Corpora,Medical Care Facilities,Healthcare
2550,SEMR,"SEMrush Holdings, Inc.",Software - Application,Technology
2551,SENEA,Seneca Foods Corp.,Packaged Foods,Consumer Defensive
2552,SENS,"Senseonics Holdings, Inc.",Medical Devices,Healthcare
2553,SEPN,"Septerna, Inc.",Biotechnology,Healthcare
2554,SERA,"Sera Prognostics, Inc.",Medical Devices,Healthcare
2555,SES,SES AI Corporation,Auto Parts,Consumer Cyclical
2556,SEVN,Seven Hills Realty Trust,REIT - Mortgage,Real Estate
2557,SEZL,Sezzle Inc.,Credit Services,Financial Services
2558,SF,Stifel Financial Corporation,Capital Markets,Financial Services
2559,SFBS,"ServisFirst Bancshares, Inc.",Banks - Regional,Financial Services
2560,SFD,"Smithfield Foods, Inc.",Farm Products,Consumer Defensive
2561,SFIX,"Stitch Fix, Inc.",Apparel Retail,Consumer Cyclical
2562,SFL,SFL Corporation Ltd,Marine Shipping,Industrials
2563,SFM,"Sprouts Farmers Market, Inc.",Grocery Stores,Consumer Defensive
2564,SFNC,Simmons First National Corporat,Banks - Regional,Financial Services
2565,SFST,"Southern First Bancshares, Inc.",Banks - Regional,Financial Services
2566,SG,"Sweetgreen, Inc.",Restaurants,Consumer Cyclical
2567,SGC,"Superior Group of Companies, In",Apparel Manufacturing,Consumer Cyclical
2568,SGHT,"Sight Sciences, Inc.",Medical Devices,Healthcare
2569,SGI,Somnigroup International Inc.,"Furnishings, Fixtures & Appliances",Consumer Cyclical
2570,SGMO,"Sangamo Therapeutics, Inc.",Biotechnology,Healthcare
2571,SGRY,"Surgery Partners, Inc.",Medical Care Facilities,Healthcare
2572,SHAK,"Shake Shack, Inc.",Restaurants,Consumer Cyclical
2573,SHBI,"Shore Bancshares, Inc.",Banks - Regional,Financial Services
2574,SHC,Sotera Health Company,Diagnostics & Research,Healthcare
2575,SHEN,Shenandoah Telecommunications C,Telecom Services,Communication Services
2576,SHLS,"Shoals Technologies Group, Inc.",Solar,Technology
2577,SHO,"Sunstone Hotel Investors, Inc. ",REIT - Hotel & Motel,Real Estate
2578,SHOO,"Steven Madden, Ltd.",Footwear & Accessories,Consumer Cyclical
2579,SHOP,Shopify Inc.,Software - Application,Technology
2580,SHW,Sherwin-Williams Company (The),Specialty Chemicals,Basic Materials
2581,SHYF,"The Shyft Group, Inc.",Farm & Heavy Construction Machinery,Industrials
2582,SIBN,"SI-BONE, Inc.",Medical Devices,Healthcare
2583,SID,Companhia Siderurgica Nacional ,Steel,Basic Materials
2584,SIG,Signet Jewelers Limited,Luxury Goods,Consumer Cyclical
2585,SIGA,SIGA Technologies Inc.,Drug Manufacturers - Specialty & Generic,Healthcare
2586,SIGI,"Selective Insurance Group, Inc.",Insurance - Property & Casualty,Financial Services
2587,SILA,"Sila Realty Trust, Inc.",REIT - Healthcare Facilities,Real Estate
2588,SIMO,Silicon Motion Technology Corpo,Semiconductors,Technology
2589,SIRI,SiriusXM Holdings Inc.,Entertainment,Communication Services
2590,SITC,SITE Centers Corp.,REIT - Retail,Real Estate
2591,SITE,"SiteOne Landscape Supply, Inc.",Industrial Distribution,Industrials
2592,SITM,SiTime Corporation,Semiconductors,Technology
2593,SJM,The J.M. Smucker Company,Packaged Foods,Consumer Defensive
2594,SJW,SJW Group,Utilities - Regulated Water,Utilities
2595,SKIN,The Beauty Health Company,Household & Personal Products,Consumer Defensive
2596,SKT,Tanger Inc.,REIT - Retail,Real Estate
2597,SKWD,Skyward Specialty Insurance Gro,Insurance - Property & Casualty,Financial Services
2598,SKX,"Skechers U.S.A., Inc.",Footwear & Accessories,Consumer Cyclical
2599,SKY,"Champion Homes, Inc.",Residential Construction,Consumer Cyclical
2600,SKYH,Sky Harbour Group Corporation,Aerospace & Defense,Industrials
2601,SKYT,"SkyWater Technology, Inc.",Semiconductors,Technology
2602,SKYW,"SkyWest, Inc.",Airlines,Industrials
2603,SLAB,"Silicon Laboratories, Inc.",Semiconductors,Technology
2604,SLB,Schlumberger N.V.,Oil & Gas Equipment & Services,Energy
2605,SLDB,Solid Biosciences Inc.,Biotechnology,Healthcare
2606,SLDP,"Solid Power, Inc.",Auto Parts,Consumer Cyclical
2607,SLF,Sun Life Financial Inc.,Insurance - Diversified,Financial Services
2608,SLG,SL Green Realty Corp,REIT - Office,Real Estate
2609,SLGN,Silgan Holdings Inc.,Packaging & Containers,Consumer Cyclical
2610,SLM,SLM Corporation,Credit Services,Financial Services
2611,SLNO,"Soleno Therapeutics, Inc.",Biotechnology,Healthcare
2612,SLP,"Simulations Plus, Inc.",Health Information Services,Healthcare
2613,SLQT,"SelectQuote, Inc.",Insurance Brokers,Financial Services
2614,SLRN,"ACELYRIN, INC.",Biotechnology,Healthcare
2615,SLVM,Sylvamo Corporation,Paper & Paper Products,Basic Materials
2616,SM,SM Energy Company,Oil & Gas E&P,Energy
2617,SMBC,"Southern Missouri Bancorp, Inc.",Banks - Regional,Financial Services
2618,SMBK,"SmartFinancial, Inc.",Banks - Regional,Financial Services
2619,SMCI,"Super Micro Computer, Inc.",Computer Hardware,Technology
2620,SMG,Scotts Miracle-Gro Company (The,Agricultural Inputs,Basic Materials
2621,SMHI,SEACOR Marine Holdings Inc.,Marine Shipping,Industrials
2622,SMID,Smith-Midland Corporation,Building Materials,Basic Materials
2623,SMLR,"Semler Scientific, Inc.",Medical Devices,Healthcare
2624,SMMT,Summit Therapeutics Inc.,Biotechnology,Healthcare
2625,SMNEY,Siemens Energy AG,Specialty Industrial Machinery,Industrials
2626,SMP,"Standard Motor Products, Inc.",Auto Parts,Consumer Cyclical
2627,SMPL,The Simply Good Foods Company,Packaged Foods,Consumer Defensive
2628,SMR,NuScale Power Corporation,Specialty Industrial Machinery,Industrials
2629,SMRT,"SmartRent, Inc.",Software - Application,Technology
2630,SMTC,Semtech Corporation,Semiconductors,Technology
2631,SMTI,Sanara MedTech Inc.,Medical Instruments & Supplies,Healthcare
2632,SMWB,Similarweb Ltd.,Software - Application,Technology
2633,SN,"SharkNinja, Inc.","Furnishings, Fixtures & Appliances",Consumer Cyclical
2634,SNA,Snap-On Incorporated,Tools & Accessories,Industrials
2635,SNAP,Snap Inc.,Internet Content & Information,Communication Services
2636,SNBR,Sleep Number Corporation,"Furnishings, Fixtures & Appliances",Consumer Cyclical
2637,SNCAF,AtkinsRealis Group Inc.,Engineering & Construction,Industrials
2638,SNCY,"Sun Country Airlines Holdings, ",Airlines,Industrials
2639,SNDR,"Schneider National, Inc.",Trucking,Industrials
2640,SNDX,"Syndax Pharmaceuticals, Inc.",Biotechnology,Healthcare
2641,SNEX,StoneX Group Inc.,Capital Markets,Financial Services
2642,SNOW,Snowflake Inc.,Software - Application,Technology
2643,SNPS,"Synopsys, Inc.",Software - Infrastructure,Technology
2644,SNV,Synovus Financial Corp.,Banks - Regional,Financial Services
2645,SNX,TD SYNNEX Corporation,Electronics & Computer Distribution,Technology
2646,SO,Southern Company (The),Utilities - Regulated Electric,Utilities
2647,SOBO,South Bow Corporation,Oil & Gas Midstream,Energy
2648,SOC,Sable Offshore Corp.,Oil & Gas Drilling,Energy
2649,SOFI,"SoFi Technologies, Inc.",Credit Services,Financial Services
2650,SOLV,Solventum Corporation,Medical Instruments & Supplies,Healthcare
2651,SON,Sonoco Products Company,Packaging & Containers,Consumer Cyclical
2652,SONO,"Sonos, Inc.",Consumer Electronics,Technology
2653,SOUN,"SoundHound AI, Inc.",Software - Application,Technology
2654,SPB,"Spectrum Brands Holdings, Inc.",Household & Personal Products,Consumer Defensive
2655,SPCE,"Virgin Galactic Holdings, Inc.",Aerospace & Defense,Industrials
2656,SPFI,"South Plains Financial, Inc.",Banks - Regional,Financial Services
2657,SPG,"Simon Property Group, Inc.",REIT - Retail,Real Estate
2658,SPGI,S&P Global Inc.,Financial Data & Stock Exchanges,Financial Services
2659,SPH,"Suburban Propane Partners, L.P.",Utilities - Regulated Gas,Utilities
2660,SPHR,Sphere Entertainment Co.,Entertainment,Communication Services
2661,SPIR,"Spire Global, Inc.",Specialty Business Services,Industrials
2662,SPNS,Sapiens International Corporati,Software - Application,Technology
2663,SPNT,SiriusPoint Ltd.,Insurance - Reinsurance,Financial Services
2664,SPOK,"Spok Holdings, Inc.",Health Information Services,Healthcare
2665,SPOT,Spotify Technology S.A.,Internet Content & Information,Communication Services
2666,SPR,"Spirit Aerosystems Holdings, In",Aerospace & Defense,Industrials
2667,SPRY,"ARS Pharmaceuticals, Inc.",Biotechnology,Healthcare
2668,SPSC,"SPS Commerce, Inc.",Software - Application,Technology
2669,SPT,"Sprout Social, Inc",Software - Application,Technology
2670,SPTN,SpartanNash Company,Food Distribution,Consumer Defensive
2671,SPXC,"SPX Technologies, Inc.",Building Products & Equipment,Industrials
2672,SQM,Sociedad Quimica y Minera S.A.,Specialty Chemicals,Basic Materials
2673,SR,Spire Inc.,Utilities - Regulated Gas,Utilities
2674,SRCE,1st Source Corporation,Banks - Regional,Financial Services
2675,SRDX,"Surmodics, Inc.",Medical Devices,Healthcare
2676,SRE,DBA Sempra,Utilities - Diversified,Utilities
2677,SRG,Seritage Growth Properties,Real Estate Services,Real Estate
2678,SRI,"Stoneridge, Inc.",Auto Parts,Consumer Cyclical
2679,SRPT,"Sarepta Therapeutics, Inc.",Biotechnology,Healthcare
2680,SRRK,Scholar Rock Holding Corporatio,Biotechnology,Healthcare
2681,SSB,SouthState Corporation,Banks - Regional,Financial Services
2682,SSBK,"Southern States Bancshares, Inc",Banks - Regional,Financial Services
2683,SSD,"Simpson Manufacturing Company, ",Lumber & Wood Production,Basic Materials
2684,SSNC,"SS&C Technologies Holdings, Inc",Software - Application,Technology
2685,SSP,E.W. Scripps Company (The),Broadcasting,Communication Services
2686,SSRM,SSR Mining Inc.,Gold,Basic Materials
2687,SSTI,"SoundThinking, Inc.",Software - Application,Technology
2688,SSTK,"Shutterstock, Inc.",Internet Content & Information,Communication Services
2689,ST,Sensata Technologies Holding pl,Scientific & Technical Instruments,Technology
2690,STAA,STAAR Surgical Company,Medical Instruments & Supplies,Healthcare
2691,STAG,"Stag Industrial, Inc.",REIT - Industrial,Real Estate
2692,STBA,"S&T Bancorp, Inc.",Banks - Regional,Financial Services
2693,STC,Stewart Information Services Co,Insurance - Property & Casualty,Financial Services
2694,STE,STERIS plc (Ireland),Medical Devices,Healthcare
2695,STEL,"Stellar Bancorp, Inc.",Banks - Regional,Financial Services
2696,STEM,"Stem, Inc.",Utilities - Renewable,Utilities
2697,STEP,StepStone Group Inc.,Asset Management,Financial Services
2698,STGW,Stagwell Inc.,Advertising Agencies,Communication Services
2699,STHO,Star Holdings - Shares of Benef,Real Estate Services,Real Estate
2700,STKS,"The ONE Group Hospitality, Inc.",Restaurants,Consumer Cyclical
2701,STLD,"Steel Dynamics, Inc.",Steel,Basic Materials
2702,STM,STMicroelectronics N.V.,Semiconductors,Technology
2703,STN,Stantec Inc,Engineering & Construction,Industrials
2704,STNE,StoneCo Ltd.,Software - Infrastructure,Technology
2705,STNG,Scorpio Tankers Inc.,Oil & Gas Midstream,Energy
2706,STOK,"Stoke Therapeutics, Inc.",Biotechnology,Healthcare
2707,STR,Sitio Royalties Corp.,Oil & Gas E&P,Energy
2708,STRA,"Strategic Education, Inc.",Education & Training Services,Consumer Defensive
2709,STRL,"Sterling Infrastructure, Inc.",Engineering & Construction,Industrials
2710,STRO,"Sutro Biopharma, Inc.",Biotechnology,Healthcare
2711,STRS,Stratus Properties Inc.,Real Estate - Diversified,Real Estate
2712,STRT,STRATTEC SECURITY CORPORATION,Auto Parts,Consumer Cyclical
2713,STRW,"Strawberry Fields REIT, Inc.",REIT - Healthcare Facilities,Real Estate
2714,STT,State Street Corporation,Asset Management,Financial Services
2715,STWD,"STARWOOD PROPERTY TRUST, INC. S",REIT - Mortgage,Real Estate
2716,STX,Seagate Technology Holdings PLC,Computer Hardware,Technology
2717,STXS,"Stereotaxis, Inc.",Medical Instruments & Supplies,Healthcare
2718,STZ,"Constellation Brands, Inc.",Beverages - Brewers,Consumer Defensive
2719,SU,Suncor Energy  Inc.,Oil & Gas Integrated,Energy
2720,SUI,"Sun Communities, Inc.",REIT - Residential,Real Estate
2721,SUN,Sunoco LP,Oil & Gas Refining & Marketing,Energy
2722,SUNS,"Sunrise Realty Trust, Inc.",REIT - Mortgage,Real Estate
2723,SUPN,"Supernus Pharmaceuticals, Inc.",Drug Manufacturers - Specialty & Generic,Healthcare
2724,SUZ,Suzano S.A.,Paper & Paper Products,Basic Materials
2725,SVC,Service Properties Trust - Shar,REIT - Hotel & Motel,Real Estate
2726,SVRA,"Savara, Inc.",Biotechnology,Healthcare
2727,SVV,"Savers Value Village, Inc.",Specialty Retail,Consumer Cyclical
2728,SW,Smurfit WestRock plc,Packaging & Containers,Consumer Cyclical
2729,SWBI,"Smith & Wesson Brands, Inc.",Aerospace & Defense,Industrials
2730,SWI,SolarWinds Corporation,Software - Infrastructure,Technology
2731,SWIM,"Latham Group, Inc.",Building Products & Equipment,Industrials
2732,SWK,"Stanley Black & Decker, Inc.",Tools & Accessories,Industrials
2733,SWKS,"Skyworks Solutions, Inc.",Semiconductors,Technology
2734,SWTX,"SpringWorks Therapeutics, Inc.",Biotechnology,Healthcare
2735,SWX,"Southwest Gas Holdings, Inc.",Utilities - Regulated Gas,Utilities
2736,SXC,"SunCoke Energy, Inc.",Coking Coal,Basic Materials
2737,SXI,Standex International Corporati,Specialty Industrial Machinery,Industrials
2738,SXT,Sensient Technologies Corporati,Specialty Chemicals,Basic Materials
2739,SYBT,"Stock Yards Bancorp, Inc.",Banks - Regional,Financial Services
2740,SYF,Synchrony Financial,Credit Services,Financial Services
2741,SYK,Stryker Corporation,Medical Devices,Healthcare
2742,SYM,Symbotic Inc.,Specialty Industrial Machinery,Industrials
2743,SYNA,Synaptics Incorporated,Semiconductors,Technology
2744,SYRE,"Spyre Therapeutics, Inc.",Biotechnology,Healthcare
2745,SYY,Sysco Corporation,Food Distribution,Consumer Defensive
2746,T,AT&T Inc.,Telecom Services,Communication Services
2747,TAL,TAL Education Group,Education & Training Services,Consumer Defensive
2748,TALK,"Talkspace, Inc.",Health Information Services,Healthcare
2749,TALO,"Talos Energy, Inc.",Oil & Gas E&P,Energy
2750,TAP,Molson Coors Beverage Company,Beverages - Brewers,Consumer Defensive
2751,TARS,"Tarsus Pharmaceuticals, Inc.",Biotechnology,Healthcare
2752,TAYD,"Taylor Devices, Inc.",Specialty Industrial Machinery,Industrials
2753,TBBK,"The Bancorp, Inc.",Banks - Regional,Financial Services
2754,TBCH,Turtle Beach Corporation,Consumer Electronics,Technology
2755,TBI,"TrueBlue, Inc.",Staffing & Employment Services,Industrials
2756,TBPH,"Theravance Biopharma, Inc.",Biotechnology,Healthcare
2757,TBRG,"TruBridge, Inc.",Health Information Services,Healthcare
2758,TCBI,"Texas Capital Bancshares, Inc.",Banks - Regional,Financial Services
2759,TCBK,TriCo Bancshares,Banks - Regional,Financial Services
2760,TCBX,"Third Coast Bancshares, Inc.",Banks - Regional,Financial Services
2761,TCMD,"Tactile Systems Technology, Inc",Medical Devices,Healthcare
2762,TCX,Tucows Inc.,Software - Infrastructure,Technology
2763,TD,Toronto Dominion Bank (The),Banks - Diversified,Financial Services
2764,TDC,Teradata Corporation,Software - Infrastructure,Technology
2765,TDG,Transdigm Group Incorporated,Aerospace & Defense,Industrials
2766,TDOC,"Teladoc Health, Inc.",Health Information Services,Healthcare
2767,TDS,"Telephone and Data Systems, Inc",Telecom Services,Communication Services
2768,TDUP,ThredUp Inc.,Internet Retail,Consumer Cyclical
2769,TDW,Tidewater Inc.,Oil & Gas Equipment & Services,Energy
2770,TDY,Teledyne Technologies Incorpora,Scientific & Technical Instruments,Technology
2771,TE,T1 Energy Inc.,Electrical Equipment & Parts,Industrials
2772,TEAM,Atlassian Corporation,Software - Application,Technology
2773,TECH,Bio-Techne Corp,Biotechnology,Healthcare
2774,TEF,Telefonica SA,Telecom Services,Communication Services
2775,TEL,TE Connectivity plc,Electronic Components,Technology
2776,TEM,"Tempus AI, Inc.",Health Information Services,Healthcare
2777,TEN,Tsakos Energy Navigation Ltd,Oil & Gas Midstream,Energy
2778,TENB,"Tenable Holdings, Inc.",Software - Infrastructure,Technology
2779,TER,"Teradyne, Inc.",Semiconductor Equipment & Materials,Technology
2780,TERN,"Terns Pharmaceuticals, Inc.",Biotechnology,Healthcare
2781,TEVA,Teva Pharmaceutical Industries ,Drug Manufacturers - Specialty & Generic,Healthcare
2782,TEX,Terex Corporation,Farm & Heavy Construction Machinery,Industrials
2783,TFC,Truist Financial Corporation,Banks - Regional,Financial Services
2784,TFII,TFI International Inc.,Trucking,Industrials
2785,TFIN,"Triumph Financial, Inc.",Banks - Regional,Financial Services
2786,TFSL,TFS Financial Corporation,Banks - Regional,Financial Services
2787,TFX,Teleflex Incorporated,Medical Instruments & Supplies,Healthcare
2788,TG,Tredegar Corporation,Metal Fabrication,Industrials
2789,TGI,"Triumph Group, Inc.",Aerospace & Defense,Industrials
2790,TGLS,Tecnoglass Inc.,Building Materials,Basic Materials
2791,TGNA,TEGNA Inc,Broadcasting,Communication Services
2792,TGT,Target Corporation,Discount Stores,Consumer Defensive
2793,TGTX,"TG Therapeutics, Inc.",Biotechnology,Healthcare
2794,TH,Target Hospitality Corp.,Specialty Business Services,Industrials
2795,THC,Tenet Healthcare Corporation,Medical Care Facilities,Healthcare
2796,THFF,First Financial Corporation,Banks - Regional,Financial Services
2797,THG,Hanover Insurance Group Inc,Insurance - Property & Casualty,Financial Services
2798,THO,"Thor Industries, Inc.",Recreational Vehicles,Consumer Cyclical
2799,THR,"Thermon Group Holdings, Inc.",Specialty Industrial Machinery,Industrials
2800,THRD,"Third Harmonic Bio, Inc.",Biotechnology,Healthcare
2801,THRM,Gentherm Inc,Auto Parts,Consumer Cyclical
2802,THRY,"Thryv Holdings, Inc.",Internet Content & Information,Communication Services
2803,THS,"Treehouse Foods, Inc.",Packaged Foods,Consumer Defensive
2804,TIGO,Millicom International Cellular,Telecom Services,Communication Services
2805,TIGR,UP Fintech Holding Limited,Capital Markets,Financial Services
2806,TILE,"Interface, Inc.","Furnishings, Fixtures & Appliances",Consumer Cyclical
2807,TIMB,TIM S.A.,Telecom Services,Communication Services
2808,TIPT,Tiptree Inc.,Insurance - Specialty,Financial Services
2809,TITN,Titan Machinery Inc.,Industrial Distribution,Industrials
2810,TJX,"TJX Companies, Inc. (The)",Apparel Retail,Consumer Cyclical
2811,TK,Teekay Corporation Ltd.,Oil & Gas Midstream,Energy
2812,TKO,"TKO Group Holdings, Inc.",Entertainment,Communication Services
2813,TKR,Timken Company (The),Tools & Accessories,Industrials
2814,TLN,Talen Energy Corporation,Utilities - Independent Power Producers,Utilities
2815,TLRY,"Tilray Brands, Inc.",Drug Manufacturers - Specialty & Generic,Healthcare
2816,TLS,Telos Corporation,Software - Infrastructure,Technology
2817,TLYS,"Tilly's, Inc.",Apparel Retail,Consumer Cyclical
2818,TMCI,"Treace Medical Concepts, Inc.",Medical Devices,Healthcare
2819,TMDX,"TransMedics Group, Inc.",Medical Devices,Healthcare
2820,TME,Tencent Music Entertainment Gro,Internet Content & Information,Communication Services
2821,TMHC,Taylor Morrison Home Corporatio,Residential Construction,Consumer Cyclical
2822,TMO,Thermo Fisher Scientific Inc,Diagnostics & Research,Healthcare
2823,TMP,Tompkins Financial Corporation,Banks - Regional,Financial Services
2824,TMUS,"T-Mobile US, Inc.",Telecom Services,Communication Services
2825,TNC,Tennant Company,Specialty Industrial Machinery,Industrials
2826,TNDM,"Tandem Diabetes Care, Inc.",Medical Devices,Healthcare
2827,TNET,"TriNet Group, Inc.",Staffing & Employment Services,Industrials
2828,TNGX,"Tango Therapeutics, Inc.",Biotechnology,Healthcare
2829,TNK,Teekay Tankers Ltd.,Oil & Gas Midstream,Energy
2830,TNL,Travel   Leisure Co.,Travel Services,Consumer Cyclical
2831,TOL,"Toll Brothers, Inc.",Residential Construction,Consumer Cyclical
2832,TOST,"Toast, Inc.",Software - Infrastructure,Technology
2833,TOWN,Towne Bank,Banks - Regional,Financial Services
2834,TPB,"Turning Point Brands, Inc.",Tobacco,Consumer Defensive
2835,TPC,Tutor Perini Corporation,Engineering & Construction,Industrials
2836,TPG,TPG Inc.,Asset Management,Financial Services
2837,TPH,"Tri Pointe Homes, Inc.",Residential Construction,Consumer Cyclical
2838,TPL,Texas Pacific Land Corporation,Oil & Gas E&P,Energy
2839,TPR,"Tapestry, Inc.",Luxury Goods,Consumer Cyclical
2840,TR,"Tootsie Roll Industries, Inc.",Confectioners,Consumer Defensive
2841,TRAK,"ReposiTrak, Inc.",Software - Application,Technology
2842,TRC,Tejon Ranch Co,Conglomerates,Industrials
2843,TRDA,"Entrada Therapeutics, Inc.",Biotechnology,Healthcare
2844,TREE,"LendingTree, Inc.",Financial Conglomerates,Financial Services
2845,TREX,"Trex Company, Inc.",Building Products & Equipment,Industrials
2846,TRGP,"Targa Resources, Inc.",Oil & Gas Midstream,Energy
2847,TRI,Thomson Reuters Corp,Specialty Business Services,Industrials
2848,TRIP,"TripAdvisor, Inc.",Travel Services,Consumer Cyclical
2849,TRMB,Trimble Inc.,Scientific & Technical Instruments,Technology
2850,TRMK,Trustmark Corporation,Banks - Regional,Financial Services
2851,TRML,"Tourmaline Bio, Inc.",Biotechnology,Healthcare
2852,TRN,"Trinity Industries, Inc.",Railroads,Industrials
2853,TRNO,Terreno Realty Corporation,REIT - Industrial,Real Estate
2854,TRNS,"Transcat, Inc.",Industrial Distribution,Industrials
2855,TROW,"T. Rowe Price Group, Inc.",Asset Management,Financial Services
2856,TROX,Tronox Holdings plc,Chemicals,Basic Materials
2857,TRP,TC Energy Corporation,Oil & Gas Midstream,Energy
2858,TRS,TriMas Corporation,Packaging & Containers,Consumer Cyclical
2859,TRST,TrustCo Bank Corp NY,Banks - Regional,Financial Services
2860,TRTX,"TPG RE Finance Trust, Inc.",REIT - Mortgage,Real Estate
2861,TRU,TransUnion,Financial Data & Stock Exchanges,Financial Services
2862,TRUE,"TrueCar, Inc.",Internet Content & Information,Communication Services
2863,TRUP,"Trupanion, Inc.",Insurance - Property & Casualty,Financial Services
2864,TRV,"The Travelers Companies, Inc.",Insurance - Property & Casualty,Financial Services
2865,TRVI,"Trevi Therapeutics, Inc.",Biotechnology,Healthcare
2866,TSBK,"Timberland Bancorp, Inc.",Banks - Regional,Financial Services
2867,TSCO,Tractor Supply Company,Specialty Retail,Consumer Cyclical
2868,TSHA,"Taysha Gene Therapies, Inc.",Biotechnology,Healthcare
2869,TSLA,"Tesla, Inc.",Auto Manufacturers,Consumer Cyclical
2870,TSM,Taiwan Semiconductor Manufactur,Semiconductors,Technology
2871,TSN,"Tyson Foods, Inc.",Farm Products,Consumer Defensive
2872,TSQ,"Townsquare Media, Inc.",Advertising Agencies,Communication Services
2873,TSVT,"2seventy bio, Inc.",Biotechnology,Healthcare
2874,TT,Trane Technologies plc,Building Products & Equipment,Industrials
2875,TTAN,"ServiceTitan, Inc.",Software - Application,Technology
2876,TTC,Toro Company (The),Tools & Accessories,Industrials
2877,TTD,"The Trade Desk, Inc.",Software - Application,Technology
2878,TTEC,"TTEC Holdings, Inc.",Information Technology Services,Technology
2879,TTEK,"Tetra Tech, Inc.",Engineering & Construction,Industrials
2880,TTGT,"TechTarget, Inc.",Information Technology Services,Technology
2881,TTI,"Tetra Technologies, Inc.",Oil & Gas Equipment & Services,Energy
2882,TTMI,"TTM Technologies, Inc.",Electronic Components,Technology
2883,TTSH,"Tile Shop Holdings, Inc.",Home Improvement Retail,Consumer Cyclical
2884,TTWO,"Take-Two Interactive Software, ",Electronic Gaming & Multimedia,Communication Services
2885,TUSK,"Mammoth Energy Services, Inc.",Conglomerates,Industrials
2886,TVTX,"Travere Therapeutics, Inc.",Biotechnology,Healthcare
2887,TW,Tradeweb Markets Inc.,Capital Markets,Financial Services
2888,TWI,"Titan International, Inc. (DE)",Farm & Heavy Construction Machinery,Industrials
2889,TWIN,"Twin Disc, Incorporated",Specialty Industrial Machinery,Industrials
2890,TWLO,Twilio Inc.,Software - Infrastructure,Technology
2891,TWO,Two Harbors Investment Corp,REIT - Mortgage,Real Estate
2892,TWST,Twist Bioscience Corporation,Diagnostics & Research,Healthcare
2893,TXG,"10x Genomics, Inc.",Health Information Services,Healthcare
2894,TXN,Texas Instruments Incorporated,Semiconductors,Technology
2895,TXNM,"TXNM Energy, Inc.",Utilities - Regulated Electric,Utilities
2896,TXRH,"Texas Roadhouse, Inc.",Restaurants,Consumer Cyclical
2897,TXT,Textron Inc.,Aerospace & Defense,Industrials
2898,TYL,"Tyler Technologies, Inc.",Software - Application,Technology
2899,TYRA,"Tyra Biosciences, Inc.",Biotechnology,Healthcare
2900,U,Unity Software Inc.,Software - Application,Technology
2901,UA,"Under Armour, Inc.",Apparel Manufacturing,Consumer Cyclical
2902,UAA,"Under Armour, Inc.",Apparel Manufacturing,Consumer Cyclical
2903,UAL,"United Airlines Holdings, Inc.",Airlines,Industrials
2904,UBER,"Uber Technologies, Inc.",Software - Application,Technology
2905,UBFO,United Security Bancshares,Banks - Regional,Financial Services
2906,UBSI,"United Bankshares, Inc.",Banks - Regional,Financial Services
2907,UCB,"United Community Banks, Inc.",Banks - Regional,Financial Services
2908,UCTT,"Ultra Clean Holdings, Inc.",Semiconductor Equipment & Materials,Technology
2909,UDMY,"Udemy, Inc.",Education & Training Services,Consumer Defensive
2910,UDR,"UDR, Inc.",REIT - Residential,Real Estate
2911,UE,Urban Edge Properties,REIT - Retail,Real Estate
2912,UEC,Uranium Energy Corp.,Uranium,Energy
2913,UEIC,Universal Electronics Inc.,Consumer Electronics,Technology
2914,UFCS,"United Fire Group, Inc",Insurance - Property & Casualty,Financial Services
2915,UFPI,"UFP Industries, Inc.",Lumber & Wood Production,Basic Materials
2916,UFPT,"UFP Technologies, Inc.",Medical Devices,Healthcare
2917,UGI,UGI Corporation,Utilities - Regulated Gas,Utilities
2918,UHAL,U-Haul Holding Company,Rental & Leasing Services,Industrials
2919,UHAL-B,U-Haul Holding Company Series N,Rental & Leasing Services,Industrials
2920,UHS,"Universal Health Services, Inc.",Medical Care Facilities,Healthcare
2921,UHT,Universal Health Realty Income ,REIT - Healthcare Facilities,Real Estate
2922,UI,Ubiquiti Inc.,Communication Equipment,Technology
2923,UIS,Unisys Corporation New,Information Technology Services,Technology
2924,ULBI,Ultralife Corporation,Electrical Equipment & Parts,Industrials
2925,ULCC,"Frontier Group Holdings, Inc.",Airlines,Industrials
2926,ULH,"Universal Logistics Holdings, I",Trucking,Industrials
2927,ULS,UL Solutions Inc.,Specialty Business Services,Industrials
2928,ULTA,"Ulta Beauty, Inc.",Specialty Retail,Consumer Cyclical
2929,UMBF,UMB Financial Corporation,Banks - Regional,Financial Services
2930,UMC,United Microelectronics Corpora,Semiconductors,Technology
2931,UMH,"UMH Properties, Inc.",REIT - Residential,Real Estate
2932,UNF,Unifirst Corporation,Specialty Business Services,Industrials
2933,UNFI,"United Natural Foods, Inc.",Food Distribution,Consumer Defensive
2934,UNH,UnitedHealth Group Incorporated,Healthcare Plans,Healthcare
2935,UNIT,Uniti Group Inc.,REIT - Specialty,Real Estate
2936,UNM,Unum Group,Insurance - Life,Financial Services
2937,UNP,Union Pacific Corporation,Railroads,Industrials
2938,UNTY,"Unity Bancorp, Inc.",Banks - Regional,Financial Services
2939,UP,Wheels Up Experience Inc.,Airports & Air Services,Industrials
2940,UPB,"Upstream Bio, Inc.",Biotechnology,Healthcare
2941,UPBD,"Upbound Group, Inc.",Software - Application,Technology
2942,UPS,"United Parcel Service, Inc.",Integrated Freight & Logistics,Industrials
2943,UPST,"Upstart Holdings, Inc.",Credit Services,Financial Services
2944,UPWK,Upwork Inc.,Internet Content & Information,Communication Services
2945,URBN,"Urban Outfitters, Inc.",Apparel Retail,Consumer Cyclical
2946,URG,Ur Energy Inc,Uranium,Energy
2947,URGN,UroGen Pharma Ltd.,Biotechnology,Healthcare
2948,URI,"United Rentals, Inc.",Rental & Leasing Services,Industrials
2949,USAC,"USA Compression Partners, LP",Oil & Gas Equipment & Services,Energy
2950,USB,U.S. Bancorp,Banks - Regional,Financial Services
2951,USCB,"USCB Financial Holdings, Inc.",Banks - Regional,Financial Services
2952,USFD,US Foods Holding Corp.,Food Distribution,Consumer Defensive
2953,USLM,"United States of America Lime & Minerals, ",Building Materials,Basic Materials
2954,USM,United States of America Cellular Corporat,Telecom Services,Communication Services
2955,USNA,"USANA Health Sciences, Inc.",Packaged Foods,Consumer Defensive
2956,USNZY,Usinas Siderurgicas de Minas Ge,Steel,Basic Materials
2957,USPH,"U.S. Physical Therapy, Inc.",Medical Care Facilities,Healthcare
2958,UTHR,United Therapeutics Corporation,Drug Manufacturers - Specialty & Generic,Healthcare
2959,UTI,Universal Technical Institute I,Education & Training Services,Consumer Defensive
2960,UTL,UNITIL Corporation,Utilities - Diversified,Utilities
2961,UTMD,"Utah Medical Products, Inc.",Medical Instruments & Supplies,Healthcare
2962,UTZ,Utz Brands Inc,Packaged Foods,Consumer Defensive
2963,UUUU,Energy Fuels Inc,Uranium,Energy
2964,UVE,UNIVERSAL INSURANCE HOLDINGS IN,Insurance - Property & Casualty,Financial Services
2965,UVSP,Univest Financial Corporation,Banks - Regional,Financial Services
2966,UVV,Universal Corporation,Tobacco,Consumer Defensive
2967,UWMC,UWM Holdings Corporation,Mortgage Finance,Financial Services
2968,V,Visa Inc.,Credit Services,Financial Services
2969,VABK,Virginia National Bankshares Co,Banks - Regional,Financial Services
2970,VAC,Marriott Vacations Worldwide Co,Resorts & Casinos,Consumer Cyclical
2971,VAL,Valaris Limited,Oil & Gas Equipment & Services,Energy
2972,VALE,VALE S.A.,Other Industrial Metals & Mining,Basic Materials
2973,VBTX,"Veritex Holdings, Inc.",Banks - Regional,Financial Services
2974,VC,Visteon Corporation,Auto Parts,Consumer Cyclical
2975,VCEL,Vericel Corporation,Biotechnology,Healthcare
2976,VCTR,"Victory Capital Holdings, Inc. ",Asset Management,Financial Services
2977,VCYT,"Veracyte, Inc.",Diagnostics & Research,Healthcare
2978,VECO,Veeco Instruments Inc.,Semiconductor Equipment & Materials,Technology
2979,VEEV,Veeva Systems Inc.,Health Information Services,Healthcare
2980,VEL,"Velocity Financial, Inc.",Mortgage Finance,Financial Services
2981,VERA,"Vera Therapeutics, Inc.",Biotechnology,Healthcare
2982,VERV,"Verve Therapeutics, Inc.",Biotechnology,Healthcare
2983,VERX,"Vertex, Inc.",Software - Application,Technology
2984,VET,Vermilion Energy Inc.,Oil & Gas E&P,Energy
2985,VFC,V.F. Corporation,Apparel Manufacturing,Consumer Cyclical
2986,VG,"Venture Global, Inc.",Oil & Gas Midstream,Energy
2987,VIAV,Viavi Solutions Inc.,Communication Equipment,Technology
2988,VICI,VICI Properties Inc.,REIT - Diversified,Real Estate
2989,VICR,Vicor Corporation,Electronic Components,Technology
2990,VIK,Viking Holdings Ltd,Travel Services,Consumer Cyclical
2991,VIPS,Vipshop Holdings Limited,Internet Retail,Consumer Cyclical
2992,VIR,"Vir Biotechnology, Inc.",Biotechnology,Healthcare
2993,VIRC,Virco Manufacturing Corporation,"Furnishings, Fixtures & Appliances",Consumer Cyclical
2994,VIRT,"Virtu Financial, Inc.",Capital Markets,Financial Services
2995,VIST,Vista Energy S.A.B. de C.V.,Oil & Gas E&P,Energy
2996,VITL,"Vital Farms, Inc.",Farm Products,Consumer Defensive
2997,VKTX,"Viking Therapeutics, Inc.",Biotechnology,Healthcare
2998,VLGEA,"Village Super Market, Inc.",Grocery Stores,Consumer Defensive
2999,VLO,Valero Energy Corporation,Oil & Gas Refining & Marketing,Energy
3000,VLTO,Veralto Corp,Pollution & Treatment Controls,Industrials
3001,VLY,Valley National Bancorp,Banks - Regional,Financial Services
3002,VMC,Vulcan Materials Company (Holdi,Building Materials,Basic Materials
3003,VMD,"Viemed Healthcare, Inc.",Medical Devices,Healthcare
3004,VMEO,"Vimeo, Inc.",Software - Application,Technology
3005,VMI,"Valmont Industries, Inc.",Conglomerates,Industrials
3006,VNDA,Vanda Pharmaceuticals Inc.,Biotechnology,Healthcare
3007,VNET,"VNET Group, Inc.",Information Technology Services,Technology
3008,VNO,Vornado Realty Trust,REIT - Office,Real Estate
3009,VNOM,"Viper Energy, Inc.",Oil & Gas Midstream,Energy
3010,VNT,Vontier Corporation,Scientific & Technical Instruments,Technology
3011,VOYA,"Voya Financial, Inc.",Financial Conglomerates,Financial Services
3012,VPG,"Vishay Precision Group, Inc.",Scientific & Technical Instruments,Technology
3013,VRA,"Vera Bradley, Inc.",Footwear & Accessories,Consumer Cyclical
3014,VRDN,"Viridian Therapeutics, Inc.",Biotechnology,Healthcare
3015,VRE,"Veris Residential, Inc.",REIT - Residential,Real Estate
3016,VREX,Varex Imaging Corporation,Medical Devices,Healthcare
3017,VRN,Veren Inc.,Oil & Gas E&P,Energy
3018,VRNS,"Varonis Systems, Inc.",Software - Infrastructure,Technology
3019,VRNT,Verint Systems Inc.,Software - Infrastructure,Technology
3020,VRRM,Verra Mobility Corporation,Information Technology Services,Technology
3021,VRSK,"Verisk Analytics, Inc.",Consulting Services,Industrials
3022,VRSN,"VeriSign, Inc.",Software - Infrastructure,Technology
3023,VRT,"Vertiv Holdings, LLC",Electrical Equipment & Parts,Industrials
3024,VRTS,"Virtus Investment Partners, Inc",Asset Management,Financial Services
3025,VRTX,Vertex Pharmaceuticals Incorpor,Biotechnology,Healthcare
3026,VSAT,"ViaSat, Inc.",Communication Equipment,Technology
3027,VSCO,Victorias Secret & Co.,Apparel Retail,Consumer Cyclical
3028,VSEC,VSE Corporation,Aerospace & Defense,Industrials
3029,VSH,"Vishay Intertechnology, Inc.",Semiconductors,Technology
3030,VST,Vistra Corp.,Utilities - Independent Power Producers,Utilities
3031,VSTM,"Verastem, Inc.",Biotechnology,Healthcare
3032,VSTS,Vestis Corporation,Rental & Leasing Services,Industrials
3033,VTEX,VTEX,Software - Application,Technology
3034,VTLE,"Vital Energy, Inc.",Oil & Gas E&P,Energy
3035,VTOL,"Bristow Group, Inc.",Oil & Gas Equipment & Services,Energy
3036,VTR,"Ventas, Inc.",REIT - Healthcare Facilities,Real Estate
3037,VTRS,Viatris Inc.,Drug Manufacturers - Specialty & Generic,Healthcare
3038,VTS,"Vitesse Energy, Inc.",Oil & Gas E&P,Energy
3039,VTYX,"Ventyx Biosciences, Inc.",Biotechnology,Healthcare
3040,VVI,Viad Corp,Specialty Business Services,Industrials
3041,VVV,Valvoline Inc.,Auto & Truck Dealerships,Consumer Cyclical
3042,VVX,"V2X, Inc.",Aerospace & Defense,Industrials
3043,VYGR,"Voyager Therapeutics, Inc.",Biotechnology,Healthcare
3044,VYX,NCR Voyix Corporation,Information Technology Services,Technology
3045,VZ,Verizon Communications Inc.,Telecom Services,Communication Services
3046,W,Wayfair Inc.,Internet Retail,Consumer Cyclical
3047,WAB,Westinghouse Air Brake Technolo,Railroads,Industrials
3048,WABC,Westamerica Bancorporation,Banks - Regional,Financial Services
3049,WAFD,"WaFd, Inc.",Banks - Regional,Financial Services
3050,WAL,Western Alliance Bancorporation,Banks - Regional,Financial Services
3051,WALD,Waldencast plc,Household & Personal Products,Consumer Defensive
3052,WASH,"Washington Trust Bancorp, Inc.",Banks - Regional,Financial Services
3053,WAT,Waters Corporation,Diagnostics & Research,Healthcare
3054,WAY,Waystar Holding Corp.,Health Information Services,Healthcare
3055,WB,Weibo Corporation,Internet Content & Information,Communication Services
3056,WBA,"Walgreens Boots Alliance, Inc.",Pharmaceutical Retailers,Healthcare
3057,WBD,"Warner Bros. Discovery, Inc. - ",Entertainment,Communication Services
3058,WBS,Webster Financial Corporation,Banks - Regional,Financial Services
3059,WBTN,WEBTOON Entertainment Inc.,Internet Content & Information,Communication Services
3060,WCC,"WESCO International, Inc.",Industrial Distribution,Industrials
3061,WCN,"Waste Connections, Inc.",Waste Management,Industrials
3062,WD,"Walker & Dunlop, Inc",Mortgage Finance,Financial Services
3063,WDAY,"Workday, Inc.",Software - Application,Technology
3064,WDC,Western Digital Corporation,Computer Hardware,Technology
3065,WDFC,WD-40 Company,Specialty Chemicals,Basic Materials
3066,WDS,Woodside Energy Group Limited,Oil & Gas E&P,Energy
3067,WEAV,"Weave Communications, Inc.",Health Information Services,Healthcare
3068,WEC,"WEC Energy Group, Inc.",Utilities - Regulated Electric,Utilities
3069,WELL,Welltower Inc.,REIT - Healthcare Facilities,Real Estate
3070,WEN,Wendy's Company (The),Restaurants,Consumer Cyclical
3071,WERN,"Werner Enterprises, Inc.",Trucking,Industrials
3072,WES,"Western Midstream Partners, LP",Oil & Gas Midstream,Energy
3073,WEST,Westrock Coffee Company,Packaged Foods,Consumer Defensive
3074,WEX,WEX Inc.,Software - Infrastructure,Technology
3075,WEYS,"Weyco Group, Inc.",Footwear & Accessories,Consumer Cyclical
3076,WFC,Wells Fargo & Company,Banks - Diversified,Financial Services
3077,WFG,West Fraser Timber Co. Ltd,Lumber & Wood Production,Basic Materials
3078,WFRD,Weatherford International plc,Oil & Gas Equipment & Services,Energy
3079,WGO,"Winnebago Industries, Inc.",Recreational Vehicles,Consumer Cyclical
3080,WGS,GeneDx Holdings Corp.,Diagnostics & Research,Healthcare
3081,WH,"Wyndham Hotels & Resorts, Inc.",Lodging,Consumer Cyclical
3082,WHD,"Cactus, Inc. Class A Common Sto",Oil & Gas Equipment & Services,Energy
3083,WHR,Whirlpool Corporation,"Furnishings, Fixtures & Appliances",Consumer Cyclical
3084,WINA,Winmark Corporation,Specialty Retail,Consumer Cyclical
3085,WING,Wingstop Inc.,Restaurants,Consumer Cyclical
3086,WIT,Wipro Limited,Information Technology Services,Technology
3087,WIX,Wix.com Ltd.,Software - Infrastructure,Technology
3088,WIZEY,WISE PLC,Information Technology Services,Technology
3089,WK,Workiva Inc.,Software - Application,Technology
3090,WKC,World Kinect Corporation,Oil & Gas Refining & Marketing,Energy
3091,WLDN,"Willdan Group, Inc.",Engineering & Construction,Industrials
3092,WLFC,Willis Lease Finance Corporatio,Rental & Leasing Services,Industrials
3093,WLK,Westlake Corporation,Specialty Chemicals,Basic Materials
3094,WLLBW,CHORD ENERGY CORPORATION,Oil & Gas E&P,Energy
3095,WLY,"John Wiley & Sons, Inc.",Publishing,Communication Services
3096,WM,"Waste Management, Inc.",Waste Management,Industrials
3097,WMB,"Williams Companies, Inc. (The)",Oil & Gas Midstream,Energy
3098,WMG,Warner Music Group Corp.,Entertainment,Communication Services
3099,WMK,"Weis Markets, Inc.",Grocery Stores,Consumer Defensive
3100,WMS,"Advanced Drainage Systems, Inc.",Building Products & Equipment,Industrials
3101,WMT,Walmart Inc.,Discount Stores,Consumer Defensive
3102,WNC,Wabash National Corporation,Farm & Heavy Construction Machinery,Industrials
3103,WNS,WNS (Holdings) Limited,Information Technology Services,Technology
3104,WOLF,"Wolfspeed, Inc.",Semiconductors,Technology
3105,WOOF,Petco Health and Wellness Compa,Specialty Retail,Consumer Cyclical
3106,WOR,"Worthington Enterprises, Inc.",Metal Fabrication,Industrials
3107,WOW,"WideOpenWest, Inc.",Telecom Services,Communication Services
3108,WPC,W. P. Carey Inc. REIT,REIT - Diversified,Real Estate
3109,WPM,Wheaton Precious Metals Corp,Gold,Basic Materials
3110,WRB,W.R. Berkley Corporation,Insurance - Property & Casualty,Financial Services
3111,WRBY,Warby Parker Inc.,Medical Instruments & Supplies,Healthcare
3112,WRLD,World Acceptance Corporation,Credit Services,Financial Services
3113,WS,"Worthington Steel, Inc.",Steel,Basic Materials
3114,WSBC,"WesBanco, Inc.",Banks - Regional,Financial Services
3115,WSBF,"Waterstone Financial, Inc.",Banks - Regional,Financial Services
3116,WSC,WillScot Holdings Corporation,Rental & Leasing Services,Industrials
3117,WSFS,WSFS Financial Corporation,Banks - Regional,Financial Services
3118,WSM,"Williams-Sonoma, Inc.",Specialty Retail,Consumer Cyclical
3119,WSO,"Watsco, Inc.",Industrial Distribution,Industrials
3120,WSPOF,WSP Global Inc,Engineering & Construction,Industrials
3121,WSR,Whitestone REIT,REIT - Retail,Real Estate
3122,WST,"West Pharmaceutical Services, I",Medical Instruments & Supplies,Healthcare
3123,WT,"WisdomTree, Inc.",Asset Management,Financial Services
3124,WTBA,West Bancorporation,Banks - Regional,Financial Services
3125,WTFC,Wintrust Financial Corporation,Banks - Regional,Financial Services
3126,WTI,"W&T Offshore, Inc.",Oil & Gas E&P,Energy
3127,WTM,White Mountains Insurance Group,Insurance - Property & Casualty,Financial Services
3128,WTRG,"Essential Utilities, Inc.",Utilities - Regulated Water,Utilities
3129,WTS,"Watts Water Technologies, Inc.",Specialty Industrial Machinery,Industrials
3130,WTTR,"Select Water Solutions, Inc.",Oil & Gas Equipment & Services,Energy
3131,WTW,Willis Towers Watson Public Lim,Insurance Brokers,Financial Services
3132,WU,Western Union Company (The),Credit Services,Financial Services
3133,WULF,TeraWulf Inc.,Capital Markets,Financial Services
3134,WVE,Wave Life Sciences Ltd.,Biotechnology,Healthcare
3135,WWD,"Woodward, Inc.",Aerospace & Defense,Industrials
3136,WWW,"Wolverine World Wide, Inc.",Footwear & Accessories,Consumer Cyclical
3137,WY,Weyerhaeuser Company,REIT - Specialty,Real Estate
3138,WYNN,"Wynn Resorts, Limited",Resorts & Casinos,Consumer Cyclical
3139,X,United States of America Steel Corporation,Steel,Basic Materials
3140,XBIT,XBiotech Inc.,Biotechnology,Healthcare
3141,XEL,Xcel Energy Inc.,Utilities - Regulated Electric,Utilities
3142,XENE,Xenon Pharmaceuticals Inc.,Biotechnology,Healthcare
3143,XERS,"Xeris Biopharma Holdings, Inc.",Biotechnology,Healthcare
3144,XFOR,"X4 Pharmaceuticals, Inc.",Biotechnology,Healthcare
3145,XHR,"Xenia Hotels & Resorts, Inc.",REIT - Hotel & Motel,Real Estate
3146,XMTR,"Xometry, Inc.",Specialty Industrial Machinery,Industrials
3147,XNCR,"Xencor, Inc.",Biotechnology,Healthcare
3148,XOM,Exxon Mobil Corporation,Oil & Gas Integrated,Energy
3149,XOMA,XOMA Royalty Corporation,Biotechnology,Healthcare
3150,XP,XP Inc.,Capital Markets,Financial Services
3151,XPEL,"XPEL, Inc.",Auto Parts,Consumer Cyclical
3152,XPER,Xperi Inc.,Software - Application,Technology
3153,XPO,"XPO, Inc.",Trucking,Industrials
3154,XPOF,"Xponential Fitness, Inc.",Leisure,Consumer Cyclical
3155,XPRO,Expro Group Holdings N.V.,Oil & Gas Equipment & Services,Energy
3156,XRAY,DENTSPLY SIRONA Inc.,Medical Instruments & Supplies,Healthcare
3157,XRX,Xerox Holdings Corporation,Information Technology Services,Technology
3158,XYL,Xylem Inc.,Specialty Industrial Machinery,Industrials
3159,XYZ,"Block, Inc.",Software - Infrastructure,Technology
3160,YELP,Yelp Inc.,Internet Content & Information,Communication Services
3161,YETI,"YETI Holdings, Inc.",Leisure,Consumer Cyclical
3162,YEXT,"Yext, Inc.",Software - Infrastructure,Technology
3163,YMAB,"Y-mAbs Therapeutics, Inc.",Biotechnology,Healthcare
3164,YMM,Full Truck Alliance Co. Ltd.,Software - Application,Technology
3165,YORW,The York Water Company,Utilities - Regulated Water,Utilities
3166,YOU,"Clear Secure, Inc.",Software - Application,Technology
3167,YUM,"Yum! Brands, Inc.",Restaurants,Consumer Cyclical
3168,YUMC,"Yum China Holdings, Inc.",Restaurants,Consumer Cyclical
3169,YY,JOYY Inc.,Internet Content & Information,Communication Services
3170,Z,"Zillow Group, Inc.",Internet Content & Information,Communication Services
3171,ZBH,"Zimmer Biomet Holdings, Inc.",Medical Devices,Healthcare
3172,ZBIO,"Zenas BioPharma, Inc.",Biotechnology,Healthcare
3173,ZBRA,Zebra Technologies Corporation,Communication Equipment,Technology
3174,ZD,"Ziff Davis, Inc.",Advertising Agencies,Communication Services
3175,ZETA,Zeta Global Holdings Corp.,Software - Infrastructure,Technology
3176,ZEUS,"Olympic Steel, Inc.",Steel,Basic Materials
3177,ZG,"Zillow Group, Inc.",Internet Content & Information,Communication Services
3178,ZI,ZoomInfo Technologies Inc.,Software - Application,Technology
3179,ZIM,ZIM Integrated Shipping Service,Marine Shipping,Industrials
3180,ZIMV,ZimVie Inc.,Medical Devices,Healthcare
3181,ZION,Zions Bancorporation N.A.,Banks - Regional,Financial Services
3182,ZIP,"ZipRecruiter, Inc.",Staffing & Employment Services,Industrials
3183,ZK,ZEEKR Intelligent Technology Ho,Auto Manufacturers,Consumer Cyclical
3184,ZM,"Zoom Communications, Inc.",Software - Application,Technology
3185,ZNTL,"Zentalis Pharmaceuticals, Inc.",Biotechnology,Healthcare
3186,ZS,"Zscaler, Inc.",Software - Infrastructure,Technology
3187,ZTO,ZTO Express (Cayman) Inc.,Integrated Freight & Logistics,Industrials
3188,ZTS,Zoetis Inc.,Drug Manufacturers - Specialty & Generic,Healthcare
3189,ZUMZ,Zumiez Inc.,Apparel Retail,Consumer Cyclical
3190,ZURA,Zura Bio Limited,Biotechnology,Healthcare
3191,ZVRA,"Zevra Therapeutics, Inc.",Biotechnology,Healthcare
3192,ZWS,Zurn Elkay Water Solutions Corp,Pollution & Treatment Controls,Industrials
3193,ZYME,Zymeworks Inc.,Biotechnology,Healthcare
3194,ZYXI,"Zynex, Inc.",Medical Distribution,Healthcare
